Site,DateTime,Season,HourlySpill,HourlyFlow,HourlyTDG_TR,12HrAvgTDG_TR,Comments
LGR,3/1/2025 0:00,Winter,0,44.100000000000001,101,104,
LGR,3/1/2025 1:00,Winter,0,44.5,101,104,
LGR,3/1/2025 2:00,Winter,0,44.600000000000001,101,104,
LGR,3/1/2025 3:00,Winter,0,44.5,101.09999999999999,104,
LGR,3/1/2025 4:00,Winter,0,44.600000000000001,101.09999999999999,104,
LGR,3/1/2025 5:00,Winter,1.6000000000000001,46.200000000000003,101.09999999999999,104,
LGR,3/1/2025 6:00,Winter,10.1,54.399999999999999,106.09999999999999,104,
LGR,3/1/2025 7:00,Winter,10.1,54.100000000000001,106.8,104,
LGR,3/1/2025 8:00,Winter,10.1,53.799999999999997,107.09999999999999,104,
LGR,3/1/2025 9:00,Winter,9.6999999999999993,54,107.2,104,
LGR,3/1/2025 10:00,Winter,0,44.299999999999997,102.8,104,
LGR,3/1/2025 11:00,Winter,0,44.5,102.3,104,
LGR,3/1/2025 12:00,Winter,0,41.100000000000001,101.90000000000001,104,
LGR,3/1/2025 13:00,Winter,0,40.700000000000003,102.2,104,
LGR,3/1/2025 14:00,Winter,0,40,102.09999999999999,104,
LGR,3/1/2025 15:00,Winter,0,41,102.2,104,
LGR,3/1/2025 16:00,Winter,0,41,102.3,104,
LGR,3/1/2025 17:00,Winter,0,41.299999999999997,102.2,104,
LGR,3/1/2025 18:00,Winter,0,54.700000000000003,102.2,104,
LGR,3/1/2025 19:00,Winter,0,54.5,102.2,104,
LGR,3/1/2025 20:00,Winter,0,54.5,102.09999999999999,104,
LGR,3/1/2025 21:00,Winter,0,54.700000000000003,102.2,104,
LGR,3/1/2025 22:00,Winter,0,53.899999999999999,102.2,104,
LGR,3/1/2025 23:00,Winter,0,41.399999999999999,102.40000000000001,104,
LGR,3/2/2025 0:00,Winter,0,40.5,102.2,105,
LGR,3/2/2025 1:00,Winter,0,40.700000000000003,102.2,105,
LGR,3/2/2025 2:00,Winter,0,39.899999999999999,102.2,105,
LGR,3/2/2025 3:00,Winter,0,39.799999999999997,102.3,105,
LGR,3/2/2025 4:00,Winter,0,39.799999999999997,102.3,105,
LGR,3/2/2025 5:00,Winter,1.5,40.899999999999999,102.2,105,
LGR,3/2/2025 6:00,Winter,10.199999999999999,54.600000000000001,107.3,105,
LGR,3/2/2025 7:00,Winter,10.1,54.200000000000003,108,105,
LGR,3/2/2025 8:00,Winter,10.1,55.100000000000001,108.09999999999999,105,
LGR,3/2/2025 9:00,Winter,9.5999999999999996,55.600000000000001,108,105,
LGR,3/2/2025 10:00,Winter,0,53.299999999999997,104.40000000000001,105,
LGR,3/2/2025 11:00,Winter,0,41.700000000000003,103.40000000000001,105,
LGR,3/2/2025 12:00,Winter,0,40.799999999999997,103.2,105,
LGR,3/2/2025 13:00,Winter,0,41.100000000000001,103.2,105,
LGR,3/2/2025 14:00,Winter,0,41,103.09999999999999,105,
LGR,3/2/2025 15:00,Winter,0,41.299999999999997,103.2,105,
LGR,3/2/2025 16:00,Winter,0,41.799999999999997,103.09999999999999,105,
LGR,3/2/2025 17:00,Winter,0,56.100000000000001,103.40000000000001,105,
LGR,3/2/2025 18:00,Winter,0,56.299999999999997,103.09999999999999,105,
LGR,3/2/2025 19:00,Winter,0,55.799999999999997,103,105,
LGR,3/2/2025 20:00,Winter,0,56,103,105,
LGR,3/2/2025 21:00,Winter,0,56,102.90000000000001,105,
LGR,3/2/2025 22:00,Winter,0,55.399999999999999,102.8,105,
LGR,3/2/2025 23:00,Winter,0,39.799999999999997,102.90000000000001,105,
LGR,3/3/2025 0:00,Winter,0,39.100000000000001,102.7,105,
LGR,3/3/2025 1:00,Winter,0,39.200000000000003,102.7,105,
LGR,3/3/2025 2:00,Winter,0,38.899999999999999,102.7,105,
LGR,3/3/2025 3:00,Winter,0,39.100000000000001,102.7,105,
LGR,3/3/2025 4:00,Winter,0,39.100000000000001,102.7,105,
LGR,3/3/2025 5:00,Winter,1.3999999999999999,40.899999999999999,102.8,105,
LGR,3/3/2025 6:00,Winter,10.199999999999999,53.899999999999999,107.09999999999999,105,
LGR,3/3/2025 7:00,Winter,10.199999999999999,54,107.59999999999999,105,
LGR,3/3/2025 8:00,Winter,10.199999999999999,53.5,108.3,105,
LGR,3/3/2025 9:00,Winter,9.5999999999999996,53.100000000000001,108.40000000000001,105,
LGR,3/3/2025 10:00,Winter,0,43.799999999999997,104.5,105,
LGR,3/3/2025 11:00,Winter,0,43.799999999999997,103.7,105,
LGR,3/3/2025 12:00,Winter,0,43.799999999999997,103.40000000000001,105,
LGR,3/3/2025 13:00,Winter,0,39.600000000000001,103.2,105,
LGR,3/3/2025 14:00,Winter,0,39.299999999999997,103.3,105,
LGR,3/3/2025 15:00,Winter,0,39.700000000000003,103.09999999999999,105,
LGR,3/3/2025 16:00,Winter,0,39.799999999999997,102.90000000000001,105,
LGR,3/3/2025 17:00,Winter,0,54.100000000000001,103.09999999999999,105,
LGR,3/3/2025 18:00,Winter,0,58.899999999999999,102.8,105,
LGR,3/3/2025 19:00,Winter,0,58.600000000000001,102.8,105,
LGR,3/3/2025 20:00,Winter,0,59.100000000000001,102.7,105,
LGR,3/3/2025 21:00,Winter,0,58.899999999999999,102.59999999999999,105,
LGR,3/3/2025 22:00,Winter,0,58.600000000000001,102.5,105,
LGR,3/3/2025 23:00,Winter,0,58.799999999999997,102.5,105,
LGR,3/4/2025 0:00,Winter,0,57.600000000000001,102.40000000000001,104,
LGR,3/4/2025 1:00,Winter,0,42.200000000000003,102.40000000000001,104,
LGR,3/4/2025 2:00,Winter,0,39.5,102.40000000000001,104,
LGR,3/4/2025 3:00,Winter,0,39.700000000000003,102.40000000000001,104,
LGR,3/4/2025 4:00,Winter,0,39.899999999999999,102.3,104,
LGR,3/4/2025 5:00,Winter,0,48.399999999999999,102.3,104,
LGR,3/4/2025 6:00,Winter,8.9000000000000004,66.5,105.8,104,
LGR,3/4/2025 7:00,Winter,9.8000000000000007,67.299999999999997,106.2,104,
LGR,3/4/2025 8:00,Winter,9.5999999999999996,69.400000000000006,106.2,104,
LGR,3/4/2025 9:00,Winter,9.3000000000000007,56,106.8,104,
LGR,3/4/2025 10:00,Winter,0,44.899999999999999,103.3,104,
LGR,3/4/2025 11:00,Winter,0,44.899999999999999,103.09999999999999,104,
LGR,3/4/2025 12:00,Winter,0,47,103,104,
LGR,3/4/2025 13:00,Winter,0,45.100000000000001,102.90000000000001,104,
LGR,3/4/2025 14:00,Winter,0,45.299999999999997,102.8,104,
LGR,3/4/2025 15:00,Winter,0,45.299999999999997,102.8,104,
LGR,3/4/2025 16:00,Winter,0,45.899999999999999,102.8,104,
LGR,3/4/2025 17:00,Winter,0,62,102.8,104,
LGR,3/4/2025 18:00,Winter,0,63.899999999999999,102.59999999999999,104,
LGR,3/4/2025 19:00,Winter,0,60.799999999999997,102.59999999999999,104,
LGR,3/4/2025 20:00,Winter,0,42.5,102.40000000000001,104,
LGR,3/4/2025 21:00,Winter,0,38.600000000000001,102.3,104,
LGR,3/4/2025 22:00,Winter,0,38.700000000000003,102.2,104,
LGR,3/4/2025 23:00,Winter,0,40.299999999999997,102.2,104,
LGR,3/5/2025 0:00,Winter,0,38.600000000000001,102,104,
LGR,3/5/2025 1:00,Winter,0,38.700000000000003,102,104,
LGR,3/5/2025 2:00,Winter,0,38.5,101.90000000000001,104,
LGR,3/5/2025 3:00,Winter,0,38.600000000000001,101.90000000000001,104,
LGR,3/5/2025 4:00,Winter,0,38.899999999999999,101.90000000000001,104,
LGR,3/5/2025 5:00,Winter,1.8999999999999999,49.600000000000001,101.90000000000001,104,
LGR,3/5/2025 6:00,Winter,9.9000000000000004,66.400000000000006,105.7,104,
LGR,3/5/2025 7:00,Winter,9.6999999999999993,66.799999999999997,106,104,
LGR,3/5/2025 8:00,Winter,9.5999999999999996,66.5,106,104,
LGR,3/5/2025 9:00,Winter,9.1999999999999993,66.299999999999997,106,104,
LGR,3/5/2025 10:00,Winter,0,55.5,103.40000000000001,104,
LGR,3/5/2025 11:00,Winter,0,55,103,104,
LGR,3/5/2025 12:00,Winter,0,55.5,102.7,104,
LGR,3/5/2025 13:00,Winter,0,55.399999999999999,102.8,104,
LGR,3/5/2025 14:00,Winter,0,46.600000000000001,102.8,104,
LGR,3/5/2025 15:00,Winter,0,44.399999999999999,102.90000000000001,104,
LGR,3/5/2025 16:00,Winter,0,44.899999999999999,102.90000000000001,104,
LGR,3/5/2025 17:00,Winter,0,54.100000000000001,102.8,104,
LGR,3/5/2025 18:00,Winter,0,54.399999999999999,102.7,104,
LGR,3/5/2025 19:00,Winter,0,54.399999999999999,102.59999999999999,104,
LGR,3/5/2025 20:00,Winter,0,54.299999999999997,102.59999999999999,104,
LGR,3/5/2025 21:00,Winter,0,48.5,102.59999999999999,104,
LGR,3/5/2025 22:00,Winter,0,47.399999999999999,102.5,104,
LGR,3/5/2025 23:00,Winter,0,28,102.8,104,
LGR,3/6/2025 0:00,Winter,0,25,102.59999999999999,105,
LGR,3/6/2025 1:00,Winter,0,25.100000000000001,102.59999999999999,105,
LGR,3/6/2025 2:00,Winter,0,25.100000000000001,102.59999999999999,105,
LGR,3/6/2025 3:00,Winter,0,25.100000000000001,102.40000000000001,105,
LGR,3/6/2025 4:00,Winter,0,25.199999999999999,102.40000000000001,105,
LGR,3/6/2025 5:00,Winter,0.80000000000000004,25.699999999999999,102.40000000000001,105,
LGR,3/6/2025 6:00,Winter,10.300000000000001,38,107.8,105,
LGR,3/6/2025 7:00,Winter,10.1,63.799999999999997,108.2,105,
LGR,3/6/2025 8:00,Winter,10,61.700000000000003,107.59999999999999,105,
LGR,3/6/2025 9:00,Winter,9.9000000000000004,57,107.59999999999999,105,
LGR,3/6/2025 10:00,Winter,0,46,104.2,105,
LGR,3/6/2025 11:00,Winter,0,43.5,103.2,105,
LGR,3/6/2025 12:00,Winter,0,40.799999999999997,102.90000000000001,105,
LGR,3/6/2025 13:00,Winter,0,37.600000000000001,103,105,
LGR,3/6/2025 14:00,Winter,0,35.200000000000003,102.8,105,
LGR,3/6/2025 15:00,Winter,0,35,102.8,105,
LGR,3/6/2025 16:00,Winter,0,49.5,102.7,105,
LGR,3/6/2025 17:00,Winter,0,49,102.5,105,
LGR,3/6/2025 18:00,Winter,0,49.299999999999997,102.40000000000001,105,
LGR,3/6/2025 19:00,Winter,0,49.299999999999997,102.2,105,
LGR,3/6/2025 20:00,Winter,0,50.700000000000003,102,105,
LGR,3/6/2025 21:00,Winter,0,49,102,105,
LGR,3/6/2025 22:00,Winter,0,49.299999999999997,101.7,105,
LGR,3/6/2025 23:00,Winter,0,48.799999999999997,101.7,105,
LGR,3/7/2025 0:00,Winter,0,48.600000000000001,101.7,103,
LGR,3/7/2025 1:00,Winter,0,49.799999999999997,101.59999999999999,103,
LGR,3/7/2025 2:00,Winter,0,50.200000000000003,101.5,103,
LGR,3/7/2025 3:00,Winter,0,50.100000000000001,101.40000000000001,103,
LGR,3/7/2025 4:00,Winter,0,50.100000000000001,101.40000000000001,103,
LGR,3/7/2025 5:00,Winter,1.2,52.600000000000001,101.3,103,
LGR,3/7/2025 6:00,Winter,9.5999999999999996,67.5,104.5,103,
LGR,3/7/2025 7:00,Winter,9.4000000000000004,68,105,103,
LGR,3/7/2025 8:00,Winter,9.1999999999999993,69,105.09999999999999,103,
LGR,3/7/2025 9:00,Winter,8.8000000000000007,70.900000000000006,106.09999999999999,103,
LGR,3/7/2025 10:00,Winter,0.10000000000000001,49.299999999999997,102.90000000000001,103,
LGR,3/7/2025 11:00,Winter,0,25.100000000000001,102.09999999999999,103,
LGR,3/7/2025 12:00,Winter,0,24.399999999999999,101.90000000000001,103,
LGR,3/7/2025 13:00,Winter,0,24.600000000000001,101.8,103,
LGR,3/7/2025 14:00,Winter,0,24.5,101.7,103,
LGR,3/7/2025 15:00,Winter,0,24.5,101.59999999999999,103,
LGR,3/7/2025 16:00,Winter,0,25,101.40000000000001,103,
LGR,3/7/2025 17:00,Winter,0,26.300000000000001,101.3,103,
LGR,3/7/2025 18:00,Winter,0,48.399999999999999,101.40000000000001,103,
LGR,3/7/2025 19:00,Winter,0,48.799999999999997,101,103,
LGR,3/7/2025 20:00,Winter,0,49.899999999999999,101,103,
LGR,3/7/2025 21:00,Winter,0,49.899999999999999,101,103,
LGR,3/7/2025 22:00,Winter,0,50.5,100.90000000000001,103,
LGR,3/7/2025 23:00,Winter,0,49.700000000000003,100.90000000000001,103,
LGR,3/8/2025 0:00,Winter,0,37.799999999999997,100.90000000000001,103,
LGR,3/8/2025 1:00,Winter,0,37.799999999999997,100.90000000000001,103,
LGR,3/8/2025 2:00,Winter,0,37.299999999999997,100.8,103,
LGR,3/8/2025 3:00,Winter,0,37.299999999999997,100.8,103,
LGR,3/8/2025 4:00,Winter,0,37.700000000000003,100.8,103,
LGR,3/8/2025 5:00,Winter,1.5,39.299999999999997,100.7,103,
LGR,3/8/2025 6:00,Winter,10.300000000000001,51.5,105.09999999999999,103,
LGR,3/8/2025 7:00,Winter,10,69.200000000000003,105.2,103,
LGR,3/8/2025 8:00,Winter,9.9000000000000004,67.5,105.09999999999999,103,
LGR,3/8/2025 9:00,Winter,9.5999999999999996,66.700000000000003,105.2,103,
LGR,3/8/2025 10:00,Winter,0.10000000000000001,48.399999999999999,102.8,103,
LGR,3/8/2025 11:00,Winter,0,35.899999999999999,101.8,103,
LGR,3/8/2025 12:00,Winter,0,35.100000000000001,101.59999999999999,103,
LGR,3/8/2025 13:00,Winter,0,35,101.59999999999999,103,
LGR,3/8/2025 14:00,Winter,0,35,101.5,103,
LGR,3/8/2025 15:00,Winter,0,35,101.59999999999999,103,
LGR,3/8/2025 16:00,Winter,0,35,101.59999999999999,103,
LGR,3/8/2025 17:00,Winter,0,35.600000000000001,101.59999999999999,103,
LGR,3/8/2025 18:00,Winter,0,48.100000000000001,101.8,103,
LGR,3/8/2025 19:00,Winter,0,48.600000000000001,101.59999999999999,103,
LGR,3/8/2025 20:00,Winter,0,48.799999999999997,101.59999999999999,103,
LGR,3/8/2025 21:00,Winter,0,40.299999999999997,101.5,103,
LGR,3/8/2025 22:00,Winter,0,39.700000000000003,101.5,103,
LGR,3/8/2025 23:00,Winter,0,39.700000000000003,101.5,103,
LGR,3/9/2025 0:00,Winter,0,39.600000000000001,101.5,104,
LGR,3/9/2025 1:00,Winter,0,39.700000000000003,101.5,104,
LGR,3/9/2025 2:00,Winter,0,39.799999999999997,,104,
LGR,3/9/2025 3:00,Winter,0,39.799999999999997,101.5,104,
LGR,3/9/2025 4:00,Winter,0,39.799999999999997,101.59999999999999,104,
LGR,3/9/2025 5:00,Winter,1.3999999999999999,41.100000000000001,101.5,104,
LGR,3/9/2025 6:00,Winter,10,49.899999999999999,105.5,104,
LGR,3/9/2025 7:00,Winter,9.8000000000000007,56.700000000000003,106.40000000000001,104,
LGR,3/9/2025 8:00,Winter,9.6999999999999993,56.799999999999997,106.59999999999999,104,
LGR,3/9/2025 9:00,Winter,9.5,56.899999999999999,106.5,104,
LGR,3/9/2025 10:00,Winter,0.20000000000000001,46.899999999999999,104.09999999999999,104,
LGR,3/9/2025 11:00,Winter,0,47.5,102.90000000000001,104,
LGR,3/9/2025 12:00,Winter,0,47.700000000000003,102.90000000000001,104,
LGR,3/9/2025 13:00,Winter,0,47.299999999999997,102.90000000000001,104,
LGR,3/9/2025 14:00,Winter,0,47.299999999999997,102.90000000000001,104,
LGR,3/9/2025 15:00,Winter,0,47.799999999999997,102.8,104,
LGR,3/9/2025 16:00,Winter,0,47.5,102.90000000000001,104,
LGR,3/9/2025 17:00,Winter,0,47.200000000000003,102.8,104,
LGR,3/9/2025 18:00,Winter,0,47.399999999999999,102.8,104,
LGR,3/9/2025 19:00,Winter,0,48.200000000000003,102.7,104,
LGR,3/9/2025 20:00,Winter,0,48.100000000000001,102.7,104,
LGR,3/9/2025 21:00,Winter,0,47.5,102.59999999999999,104,
LGR,3/9/2025 22:00,Winter,0,47.700000000000003,102.5,104,
LGR,3/9/2025 23:00,Winter,0,40.100000000000001,102.40000000000001,104,
LGR,3/10/2025 0:00,Winter,0,40,102.40000000000001,103,
LGR,3/10/2025 1:00,Winter,0,39.899999999999999,102.40000000000001,103,
LGR,3/10/2025 2:00,Winter,0,40,102.2,103,
LGR,3/10/2025 3:00,Winter,0,40.200000000000003,102.2,103,
LGR,3/10/2025 4:00,Winter,0,40.399999999999999,102.2,103,
LGR,3/10/2025 5:00,Winter,1.1000000000000001,50.100000000000001,102.09999999999999,103,
LGR,3/10/2025 6:00,Winter,8.5,58,104.09999999999999,103,
LGR,3/10/2025 7:00,Winter,8.4000000000000004,58.100000000000001,104.8,103,
LGR,3/10/2025 8:00,Winter,8.1999999999999993,58.200000000000003,105.2,103,
LGR,3/10/2025 9:00,Winter,8,57.299999999999997,105.3,103,
LGR,3/10/2025 10:00,Winter,0.20000000000000001,45.399999999999999,103.90000000000001,103,
LGR,3/10/2025 11:00,Winter,0,45.399999999999999,102.90000000000001,103,
LGR,3/10/2025 12:00,Winter,0,45.5,102.40000000000001,103,
LGR,3/10/2025 13:00,Winter,0,45,102.3,103,
LGR,3/10/2025 14:00,Winter,0,45.5,102.2,103,
LGR,3/10/2025 15:00,Winter,0,45.399999999999999,102.09999999999999,103,
LGR,3/10/2025 16:00,Winter,0,45.399999999999999,102.2,103,
LGR,3/10/2025 17:00,Winter,0,45.5,102.3,103,
LGR,3/10/2025 18:00,Winter,0,45.899999999999999,102.2,103,
LGR,3/10/2025 19:00,Winter,0,45.600000000000001,102.3,103,
LGR,3/10/2025 20:00,Winter,0,45.299999999999997,102.3,103,
LGR,3/10/2025 21:00,Winter,0,45.299999999999997,102.40000000000001,103,
LGR,3/10/2025 22:00,Winter,0,45.399999999999999,102.40000000000001,103,
LGR,3/10/2025 23:00,Winter,0,45.299999999999997,102.40000000000001,103,
LGR,3/11/2025 0:00,Winter,0,44.899999999999999,102.40000000000001,104,
LGR,3/11/2025 1:00,Winter,0,31.100000000000001,102.3,104,
LGR,3/11/2025 2:00,Winter,0,30.100000000000001,102.40000000000001,104,
LGR,3/11/2025 3:00,Winter,0,30.300000000000001,102.40000000000001,104,
LGR,3/11/2025 4:00,Winter,0,30.699999999999999,102.40000000000001,104,
LGR,3/11/2025 5:00,Winter,1.2,41.5,102.5,104,
LGR,3/11/2025 6:00,Winter,8.4000000000000004,58.5,104.2,104,
LGR,3/11/2025 7:00,Winter,8.4000000000000004,57.700000000000003,105.2,104,
LGR,3/11/2025 8:00,Winter,8.3000000000000007,56.299999999999997,105.5,104,
LGR,3/11/2025 9:00,Winter,8.0999999999999996,51.5,105.90000000000001,104,
LGR,3/11/2025 10:00,Winter,0.10000000000000001,43.299999999999997,104.8,104,
LGR,3/11/2025 11:00,Winter,0,43.100000000000001,103.59999999999999,104,
LGR,3/11/2025 12:00,Winter,0,43.5,103.3,104,
LGR,3/11/2025 13:00,Winter,0,43.5,103.09999999999999,104,
LGR,3/11/2025 14:00,Winter,0,43.799999999999997,103.09999999999999,104,
LGR,3/11/2025 15:00,Winter,0,43.399999999999999,103.2,104,
LGR,3/11/2025 16:00,Winter,0,43.299999999999997,103.2,104,
LGR,3/11/2025 17:00,Winter,0,43.799999999999997,103.2,104,
LGR,3/11/2025 18:00,Winter,0,48.100000000000001,103.09999999999999,104,
LGR,3/11/2025 19:00,Winter,0,48.5,103.2,104,
LGR,3/11/2025 20:00,Winter,0,48.200000000000003,103.2,104,
LGR,3/11/2025 21:00,Winter,0,47.700000000000003,103.3,104,
LGR,3/11/2025 22:00,Winter,0,31,103.3,104,
LGR,3/11/2025 23:00,Winter,0,29.800000000000001,103.2,104,
LGR,3/12/2025 0:00,Winter,0,29.800000000000001,103.3,105,
LGR,3/12/2025 1:00,Winter,0,29.600000000000001,103.3,105,
LGR,3/12/2025 2:00,Winter,0,29.899999999999999,103.3,105,
LGR,3/12/2025 3:00,Winter,0,29.899999999999999,103.3,105,
LGR,3/12/2025 4:00,Winter,0,30.100000000000001,103.3,105,
LGR,3/12/2025 5:00,Winter,1.1000000000000001,32.100000000000001,103.2,105,
LGR,3/12/2025 6:00,Winter,9.5,49.799999999999997,105.09999999999999,105,
LGR,3/12/2025 7:00,Winter,9.5,58.600000000000001,106.59999999999999,105,
LGR,3/12/2025 8:00,Winter,9.5,58.700000000000003,106.90000000000001,105,
LGR,3/12/2025 9:00,Winter,9.1999999999999993,59.299999999999997,106.7,105,
LGR,3/12/2025 10:00,Winter,0.40000000000000002,48.899999999999999,105.3,105,
LGR,3/12/2025 11:00,Winter,0,49.100000000000001,104.5,105,
LGR,3/12/2025 12:00,Winter,0,50,104,105,
LGR,3/12/2025 13:00,Winter,0,49.899999999999999,103.8,105,
LGR,3/12/2025 14:00,Winter,0,49.899999999999999,103.90000000000001,105,
LGR,3/12/2025 15:00,Winter,0,49.100000000000001,104,105,
LGR,3/12/2025 16:00,Winter,0,49.200000000000003,104.2,105,
LGR,3/12/2025 17:00,Winter,0,49.200000000000003,104.09999999999999,105,
LGR,3/12/2025 18:00,Winter,0,49.600000000000001,104.40000000000001,105,
LGR,3/12/2025 19:00,Winter,0,48.899999999999999,104.3,105,
LGR,3/12/2025 20:00,Winter,0,50,104.3,105,
LGR,3/12/2025 21:00,Winter,0,50.200000000000003,104.40000000000001,105,
LGR,3/12/2025 22:00,Winter,0,50.600000000000001,104.40000000000001,105,
LGR,3/12/2025 23:00,Winter,0,50.799999999999997,104.5,105,
LGR,3/13/2025 0:00,Winter,0,50.299999999999997,104.59999999999999,105,
LGR,3/13/2025 1:00,Winter,0,50.299999999999997,104.7,105,
LGR,3/13/2025 2:00,Winter,0,50.5,104.7,105,
LGR,3/13/2025 3:00,Winter,0,50.600000000000001,104.7,105,
LGR,3/13/2025 4:00,Winter,0,50.5,104.7,105,
LGR,3/13/2025 5:00,Winter,0.20000000000000001,51.799999999999997,104.59999999999999,105,
LGR,3/13/2025 6:00,Winter,8.4000000000000004,64,105.7,105,
LGR,3/13/2025 7:00,Winter,8.1999999999999993,64.599999999999994,106.2,105,
LGR,3/13/2025 8:00,Winter,8,63.899999999999999,106.3,105,
LGR,3/13/2025 9:00,Winter,7.5999999999999996,63.899999999999999,106.5,105,
LGR,3/13/2025 10:00,Winter,0,51,105.3,105,
LGR,3/13/2025 11:00,Winter,0,50.600000000000001,104.5,105,
LGR,3/13/2025 12:00,Winter,0,50.600000000000001,104.3,105,
LGR,3/13/2025 13:00,Winter,0,44.899999999999999,104.09999999999999,105,
LGR,3/13/2025 14:00,Winter,0,44.700000000000003,104.09999999999999,105,
LGR,3/13/2025 15:00,Winter,0,45.200000000000003,103.90000000000001,105,
LGR,3/13/2025 16:00,Winter,0,44.700000000000003,103.8,105,
LGR,3/13/2025 17:00,Winter,0,45.200000000000003,103.8,105,
LGR,3/13/2025 18:00,Winter,0,59.5,103.90000000000001,105,
LGR,3/13/2025 19:00,Winter,0,59.700000000000003,103.7,105,
LGR,3/13/2025 20:00,Winter,0,57.899999999999999,103.5,105,
LGR,3/13/2025 21:00,Winter,0,54.299999999999997,103.59999999999999,105,
LGR,3/13/2025 22:00,Winter,0,54,103.3,105,
LGR,3/13/2025 23:00,Winter,0,53.600000000000001,103.3,105,
LGR,3/14/2025 0:00,Winter,0,53.299999999999997,103.09999999999999,104,
LGR,3/14/2025 1:00,Winter,0,39.700000000000003,103,104,
LGR,3/14/2025 2:00,Winter,0,39,103,104,
LGR,3/14/2025 3:00,Winter,0,39.5,103,104,
LGR,3/14/2025 4:00,Winter,0,43.700000000000003,103,104,
LGR,3/14/2025 5:00,Winter,0.20000000000000001,43.899999999999999,103,104,
LGR,3/14/2025 6:00,Winter,7.9000000000000004,56.200000000000003,104.5,104,
LGR,3/14/2025 7:00,Winter,7.7999999999999998,64.799999999999997,105.3,104,
LGR,3/14/2025 8:00,Winter,7.7999999999999998,65.799999999999997,105.5,104,
LGR,3/14/2025 9:00,Winter,7.4000000000000004,65.299999999999997,105.8,104,
LGR,3/14/2025 10:00,Winter,0,49.399999999999999,104.59999999999999,104,
LGR,3/14/2025 11:00,Winter,0,48.299999999999997,104,104,
LGR,3/14/2025 12:00,Winter,0,48.299999999999997,103.7,104,
LGR,3/14/2025 13:00,Winter,0,48,103.7,104,
LGR,3/14/2025 14:00,Winter,0,48.200000000000003,103.7,104,
LGR,3/14/2025 15:00,Winter,0,48.5,103.59999999999999,104,
LGR,3/14/2025 16:00,Winter,0,56.899999999999999,103.8,104,
LGR,3/14/2025 17:00,Winter,0,58.200000000000003,103.5,104,
LGR,3/14/2025 18:00,Winter,0,58.5,103.5,104,
LGR,3/14/2025 19:00,Winter,0,58.100000000000001,103.5,104,
LGR,3/14/2025 20:00,Winter,0,57.899999999999999,103.3,104,
LGR,3/14/2025 21:00,Winter,0,48.799999999999997,103.40000000000001,104,
LGR,3/14/2025 22:00,Winter,0,43.700000000000003,103.3,104,
LGR,3/14/2025 23:00,Winter,0,43.399999999999999,103.09999999999999,104,
LGR,3/15/2025 0:00,Winter,0,43.399999999999999,103.09999999999999,104,
LGR,3/15/2025 1:00,Winter,0,43.399999999999999,103,104,
LGR,3/15/2025 2:00,Winter,0,43.799999999999997,103.09999999999999,104,
LGR,3/15/2025 3:00,Winter,0,43.899999999999999,103.09999999999999,104,
LGR,3/15/2025 4:00,Winter,0,48.5,103,104,
LGR,3/15/2025 5:00,Winter,0.20000000000000001,49.100000000000001,103,104,
LGR,3/15/2025 6:00,Winter,7.5999999999999996,55.899999999999999,104.40000000000001,104,
LGR,3/15/2025 7:00,Winter,7.7000000000000002,51.700000000000003,105.5,104,
LGR,3/15/2025 8:00,Winter,7.7000000000000002,51.299999999999997,105.8,104,
LGR,3/15/2025 9:00,Winter,7.5,51.299999999999997,106.09999999999999,104,
LGR,3/15/2025 10:00,Winter,0,43.799999999999997,104.7,104,
LGR,3/15/2025 11:00,Winter,0,48.5,103.5,104,
LGR,3/15/2025 12:00,Winter,0,48.600000000000001,102.90000000000001,104,
LGR,3/15/2025 13:00,Winter,0,48.299999999999997,102.7,104,
LGR,3/15/2025 14:00,Winter,0,48.200000000000003,102.7,104,
LGR,3/15/2025 15:00,Winter,0,48.399999999999999,102.5,104,
LGR,3/15/2025 16:00,Winter,0,48.200000000000003,102.3,104,
LGR,3/15/2025 17:00,Winter,0,48.600000000000001,102.09999999999999,104,
LGR,3/15/2025 18:00,Winter,0,49.700000000000003,102,104,
LGR,3/15/2025 19:00,Winter,0,58.200000000000003,102,104,
LGR,3/15/2025 20:00,Winter,0,57.899999999999999,102,104,
LGR,3/15/2025 21:00,Winter,0,47.600000000000001,102,104,
LGR,3/15/2025 22:00,Winter,0,45.299999999999997,102,104,
LGR,3/15/2025 23:00,Winter,0,45.200000000000003,102.09999999999999,104,
LGR,3/16/2025 0:00,Winter,0,44.899999999999999,102.09999999999999,104,
LGR,3/16/2025 1:00,Winter,0,45.100000000000001,102.09999999999999,104,
LGR,3/16/2025 2:00,Winter,0,45.100000000000001,102.2,104,
LGR,3/16/2025 3:00,Winter,0,44.799999999999997,102.3,104,
LGR,3/16/2025 4:00,Winter,0,44.899999999999999,102.5,104,
LGR,3/16/2025 5:00,Winter,0.20000000000000001,46.200000000000003,102.5,104,
LGR,3/16/2025 6:00,Winter,7.5999999999999996,51.399999999999999,104,104,
LGR,3/16/2025 7:00,Winter,7.5999999999999996,51.100000000000001,105.3,104,
LGR,3/16/2025 8:00,Winter,7.5,51.100000000000001,105.7,104,
LGR,3/16/2025 9:00,Winter,7.4000000000000004,51.100000000000001,105.8,104,
LGR,3/16/2025 10:00,Winter,0,43.5,104.2,104,
LGR,3/16/2025 11:00,Winter,0,43.799999999999997,103.2,104,
LGR,3/16/2025 12:00,Winter,0,44,102.59999999999999,104,
LGR,3/16/2025 13:00,Winter,0,43.5,102.2,104,
LGR,3/16/2025 14:00,Winter,0,43.700000000000003,102.2,104,
LGR,3/16/2025 15:00,Winter,0,43.700000000000003,102,104,
LGR,3/16/2025 16:00,Winter,0,43.5,102,104,
LGR,3/16/2025 17:00,Winter,0,44.399999999999999,101.90000000000001,104,
LGR,3/16/2025 18:00,Winter,0,59.600000000000001,101.7,104,
LGR,3/16/2025 19:00,Winter,0,58.700000000000003,101.7,104,
LGR,3/16/2025 20:00,Winter,0,58.5,101.40000000000001,104,
LGR,3/16/2025 21:00,Winter,0,58.299999999999997,101.3,104,
LGR,3/16/2025 22:00,Winter,0,41.200000000000003,101.2,104,
LGR,3/16/2025 23:00,Winter,0,39.100000000000001,101,104,
LGR,3/17/2025 0:00,Winter,0,39.5,100.90000000000001,102,
LGR,3/17/2025 1:00,Winter,0,40.100000000000001,100.8,102,
LGR,3/17/2025 2:00,Winter,0,40.100000000000001,100.7,102,
LGR,3/17/2025 3:00,Winter,0,40.100000000000001,100.7,102,
LGR,3/17/2025 4:00,Winter,0,40.200000000000003,100.7,102,
LGR,3/17/2025 5:00,Winter,0.5,49.600000000000001,100.59999999999999,102,
LGR,3/17/2025 6:00,Winter,7.9000000000000004,66.200000000000003,102.59999999999999,102,
LGR,3/17/2025 7:00,Winter,7.7000000000000002,76.099999999999994,103.40000000000001,102,
LGR,3/17/2025 8:00,Winter,7.5,75.5,103.59999999999999,102,
LGR,3/17/2025 9:00,Winter,7.0999999999999996,75.099999999999994,103.59999999999999,102,
LGR,3/17/2025 10:00,Winter,0,67,102,102,
LGR,3/17/2025 11:00,Winter,0,53.399999999999999,101.2,102,
LGR,3/17/2025 12:00,Winter,0,53.299999999999997,100.90000000000001,102,
LGR,3/17/2025 13:00,Winter,0,53.799999999999997,100.59999999999999,102,
LGR,3/17/2025 14:00,Winter,0,50.899999999999999,100.5,102,
LGR,3/17/2025 15:00,Winter,0,48.5,100.40000000000001,102,
LGR,3/17/2025 16:00,Winter,0,48.799999999999997,100.5,102,
LGR,3/17/2025 17:00,Winter,0,48.700000000000003,100.40000000000001,102,
LGR,3/17/2025 18:00,Winter,0,48.899999999999999,100.3,102,
LGR,3/17/2025 19:00,Winter,0,48.799999999999997,100.09999999999999,102,
LGR,3/17/2025 20:00,Winter,0,48.600000000000001,100.09999999999999,102,
LGR,3/17/2025 21:00,Winter,0,48.600000000000001,100,102,
LGR,3/17/2025 22:00,Winter,0,48.299999999999997,99.900000000000006,102,
LGR,3/17/2025 23:00,Winter,0,40.299999999999997,99.799999999999997,102,
LGR,3/18/2025 0:00,Winter,0,39.700000000000003,99.799999999999997,101,
LGR,3/18/2025 1:00,Winter,0,35.200000000000003,99.700000000000003,101,
LGR,3/18/2025 2:00,Winter,0,34.600000000000001,99.599999999999994,101,
LGR,3/18/2025 3:00,Winter,0,34.5,99.599999999999994,101,
LGR,3/18/2025 4:00,Winter,0,35.600000000000001,99.5,101,
LGR,3/18/2025 5:00,Winter,0.20000000000000001,53.899999999999999,99.400000000000006,101,
LGR,3/18/2025 6:00,Winter,8.6999999999999993,67.700000000000003,101.7,101,
LGR,3/18/2025 7:00,Winter,8.5999999999999996,68.400000000000006,102.40000000000001,101,
LGR,3/18/2025 8:00,Winter,8.4000000000000004,68.299999999999997,102.90000000000001,101,
LGR,3/18/2025 9:00,Winter,8,68,102.90000000000001,101,
LGR,3/18/2025 10:00,Winter,0,59.5,101.09999999999999,101,
LGR,3/18/2025 11:00,Winter,0,55,100.3,101,
LGR,3/18/2025 12:00,Winter,0,46.399999999999999,100,101,
LGR,3/18/2025 13:00,Winter,0,45.200000000000003,99.700000000000003,101,
LGR,3/18/2025 14:00,Winter,0,45.399999999999999,99.599999999999994,101,
LGR,3/18/2025 15:00,Winter,0,45.399999999999999,99.400000000000006,101,
LGR,3/18/2025 16:00,Winter,0,45,99.200000000000003,101,
LGR,3/18/2025 17:00,Winter,0,45.399999999999999,99.099999999999994,101,
LGR,3/18/2025 18:00,Winter,0,49.700000000000003,99,101,
LGR,3/18/2025 19:00,Winter,0,49.899999999999999,98.799999999999997,101,
LGR,3/18/2025 20:00,Winter,0,50.700000000000003,98.799999999999997,101,
LGR,3/18/2025 21:00,Winter,0,51,98.700000000000003,101,
LGR,3/18/2025 22:00,Winter,0,53.600000000000001,98.700000000000003,101,
LGR,3/18/2025 23:00,Winter,0,41.399999999999999,98.5,101,
LGR,3/19/2025 0:00,Winter,0,40.700000000000003,98.5,101,
LGR,3/19/2025 1:00,Winter,0,35.399999999999999,98.599999999999994,101,
LGR,3/19/2025 2:00,Winter,0,35.100000000000001,98.599999999999994,101,
LGR,3/19/2025 3:00,Winter,0,35.100000000000001,98.599999999999994,101,
LGR,3/19/2025 4:00,Winter,0,35.299999999999997,98.599999999999994,101,
LGR,3/19/2025 5:00,Winter,0.20000000000000001,50.5,98.700000000000003,101,
LGR,3/19/2025 6:00,Winter,8.8000000000000007,69.599999999999994,100.8,101,
LGR,3/19/2025 7:00,Winter,8.6999999999999993,70,101.90000000000001,101,
LGR,3/19/2025 8:00,Winter,8.5,68.700000000000003,102.3,101,
LGR,3/19/2025 9:00,Winter,8.0999999999999996,58.399999999999999,102.8,101,
LGR,3/19/2025 10:00,Winter,0,48.700000000000003,101.5,101,
LGR,3/19/2025 11:00,Winter,0,49.399999999999999,100.59999999999999,101,
LGR,3/19/2025 12:00,Winter,0,49.899999999999999,100.40000000000001,101,
LGR,3/19/2025 13:00,Winter,0,49.700000000000003,100.2,101,
LGR,3/19/2025 14:00,Winter,0,49.399999999999999,100.3,101,
LGR,3/19/2025 15:00,Winter,0,49.600000000000001,100.09999999999999,101,
LGR,3/19/2025 16:00,Winter,0,49.5,100.09999999999999,101,
LGR,3/19/2025 17:00,Winter,0,49.799999999999997,100.2,101,
LGR,3/19/2025 18:00,Winter,0,50.299999999999997,100.09999999999999,101,
LGR,3/19/2025 19:00,Winter,0,50.5,100.2,101,
LGR,3/19/2025 20:00,Winter,0,59.399999999999999,100.3,101,
LGR,3/19/2025 21:00,Winter,0,59.799999999999997,100.3,101,
LGR,3/19/2025 22:00,Winter,0,58.799999999999997,100.40000000000001,101,
LGR,3/19/2025 23:00,Winter,0,41.899999999999999,100.5,101,
LGR,3/20/2025 0:00,Winter,0,40.399999999999999,100.5,102,
LGR,3/20/2025 1:00,Winter,0,40.600000000000001,100.5,102,
LGR,3/20/2025 2:00,Winter,0,40.600000000000001,100.3,102,
LGR,3/20/2025 3:00,Winter,0,40.700000000000003,100.09999999999999,102,
LGR,3/20/2025 4:00,Winter,0,40.899999999999999,100,102,
LGR,3/20/2025 5:00,Winter,1.2,42.5,100,102,
LGR,3/20/2025 6:00,Winter,8.4000000000000004,59.799999999999997,102.2,102,
LGR,3/20/2025 7:00,Winter,8.4000000000000004,59.5,103,102,
LGR,3/20/2025 8:00,Winter,8.3000000000000007,59.200000000000003,103.40000000000001,102,
LGR,3/20/2025 9:00,Winter,8,58.5,103.7,102,
LGR,3/20/2025 10:00,Winter,0,40.600000000000001,102.09999999999999,102,
LGR,3/20/2025 11:00,Winter,0,40.299999999999997,101.2,102,
LGR,3/20/2025 12:00,Winter,0,40.399999999999999,100.90000000000001,102,
LGR,3/20/2025 13:00,Winter,0,39.899999999999999,100.40000000000001,102,
LGR,3/20/2025 14:00,Winter,0,39.799999999999997,100.3,102,
LGR,3/20/2025 15:00,Winter,0,40,100.3,102,
LGR,3/20/2025 16:00,Winter,0,39.799999999999997,100.09999999999999,102,
LGR,3/20/2025 17:00,Winter,0,40.299999999999997,100.09999999999999,102,
LGR,3/20/2025 18:00,Winter,0,49.200000000000003,100,102,
LGR,3/20/2025 19:00,Winter,0,49.600000000000001,100,102,
LGR,3/20/2025 20:00,Winter,0,49.200000000000003,99.900000000000006,102,
LGR,3/20/2025 21:00,Winter,0,49,99.799999999999997,102,
LGR,3/20/2025 22:00,Winter,0,40.700000000000003,99.799999999999997,102,
LGR,3/20/2025 23:00,Winter,0,40,99.799999999999997,102,
LGR,3/21/2025 0:00,Winter,0,40.299999999999997,99.900000000000006,108,
LGR,3/21/2025 1:00,Winter,9,40.799999999999997,101.3,108,
LGR,3/21/2025 2:00,Winter,9.3000000000000007,40.5,105.2,108,
LGR,3/21/2025 3:00,Winter,9.4000000000000004,40.600000000000001,106.09999999999999,108,
LGR,3/21/2025 4:00,Winter,9.4000000000000004,40.5,106.90000000000001,108,
LGR,3/21/2025 5:00,Winter,9.5,41.799999999999997,107.2,108,
LGR,3/21/2025 6:00,Winter,9.3000000000000007,58.299999999999997,107.2,108,
LGR,3/21/2025 7:00,Winter,9.3000000000000007,58.799999999999997,106.59999999999999,108,
LGR,3/21/2025 8:00,Winter,9.1999999999999993,58.600000000000001,106.3,108,
LGR,3/21/2025 9:00,Winter,9,58,106.2,108,
LGR,3/21/2025 10:00,Winter,9,40.600000000000001,106.5,108,
LGR,3/21/2025 11:00,Winter,9.0999999999999996,39.5,107.59999999999999,108,
LGR,3/21/2025 12:00,Winter,9.0999999999999996,39.700000000000003,107.90000000000001,108,
LGR,3/21/2025 13:00,Winter,9.1999999999999993,39.700000000000003,107.90000000000001,108,
LGR,3/21/2025 14:00,Winter,9.3000000000000007,39.600000000000001,108.59999999999999,108,
LGR,3/21/2025 15:00,Winter,9.3000000000000007,39.899999999999999,108.7,108,
LGR,3/21/2025 16:00,Winter,9.4000000000000004,41,108.40000000000001,108,
LGR,3/21/2025 17:00,Winter,9.3000000000000007,57.600000000000001,107.90000000000001,108,
LGR,3/21/2025 18:00,Winter,9.3000000000000007,58.700000000000003,107.3,108,
LGR,3/21/2025 19:00,Winter,9.3000000000000007,57.399999999999999,107.09999999999999,108,
LGR,3/21/2025 20:00,Winter,9.1999999999999993,57.200000000000003,107.2,108,
LGR,3/21/2025 21:00,Winter,9.0999999999999996,57.299999999999997,107,108,
LGR,3/21/2025 22:00,Winter,9.1999999999999993,50,107.3,108,
LGR,3/21/2025 23:00,Winter,9.0999999999999996,49.600000000000001,107.40000000000001,108,
LGR,3/22/2025 0:00,Winter,9.0999999999999996,41.600000000000001,107.59999999999999,108,
LGR,3/22/2025 1:00,Winter,9.3000000000000007,39.899999999999999,108.3,108,
LGR,3/22/2025 2:00,Winter,9.1999999999999993,40,108.90000000000001,108,
LGR,3/22/2025 3:00,Winter,9.3000000000000007,39.700000000000003,108.59999999999999,108,
LGR,3/22/2025 4:00,Winter,9.4000000000000004,40.399999999999999,108.90000000000001,108,
LGR,3/22/2025 5:00,Winter,9.3000000000000007,54.600000000000001,108.2,108,
LGR,3/22/2025 6:00,Winter,9.1999999999999993,58,107.3,108,
LGR,3/22/2025 7:00,Winter,9.1999999999999993,57.799999999999997,106.90000000000001,108,
LGR,3/22/2025 8:00,Winter,9.0999999999999996,57.700000000000003,106.59999999999999,108,
LGR,3/22/2025 9:00,Winter,9,57.799999999999997,106.40000000000001,108,
LGR,3/22/2025 10:00,Winter,9,57.700000000000003,106.3,108,
LGR,3/22/2025 11:00,Winter,8.8000000000000007,58.200000000000003,106.2,108,
LGR,3/22/2025 12:00,Winter,8.8000000000000007,58.100000000000001,106.09999999999999,108,
LGR,3/22/2025 13:00,Winter,8.6999999999999993,57.5,106.09999999999999,108,
LGR,3/22/2025 14:00,Winter,8.9000000000000004,40.899999999999999,106.90000000000001,108,
LGR,3/22/2025 15:00,Winter,9,39.799999999999997,107.90000000000001,108,
LGR,3/22/2025 16:00,Winter,9.0999999999999996,40,108.2,108,
LGR,3/22/2025 17:00,Winter,9.3000000000000007,40.899999999999999,108.3,108,
LGR,3/22/2025 18:00,Winter,9.1999999999999993,58,107.90000000000001,108,
LGR,3/22/2025 19:00,Winter,9.1999999999999993,58.5,107.2,108,
LGR,3/22/2025 20:00,Winter,9.3000000000000007,58.100000000000001,106.90000000000001,108,
LGR,3/22/2025 21:00,Winter,9.0999999999999996,57.799999999999997,106.7,108,
LGR,3/22/2025 22:00,Winter,9.0999999999999996,57.5,106.59999999999999,108,
LGR,3/22/2025 23:00,Winter,9.0999999999999996,56.399999999999999,106.5,108,
LGR,3/23/2025 0:00,Winter,9.1999999999999993,40.899999999999999,107.3,108,
LGR,3/23/2025 1:00,Winter,9.1999999999999993,40.100000000000001,107.7,108,
LGR,3/23/2025 2:00,Winter,9.3000000000000007,40.299999999999997,108,108,
LGR,3/23/2025 3:00,Winter,9.5,40.100000000000001,108.2,108,
LGR,3/23/2025 4:00,Winter,9.5999999999999996,41.299999999999997,108.5,108,
LGR,3/23/2025 5:00,Winter,9.5,54.600000000000001,108.2,108,
LGR,3/23/2025 6:00,Winter,9.5,55.200000000000003,107.90000000000001,108,
LGR,3/23/2025 7:00,Winter,9.5,54.799999999999997,107.8,108,
LGR,3/23/2025 8:00,Winter,9.4000000000000004,54.399999999999999,107.59999999999999,108,
LGR,3/23/2025 9:00,Winter,9.4000000000000004,54.700000000000003,107.7,108,
LGR,3/23/2025 10:00,Winter,9.4000000000000004,54.600000000000001,107.59999999999999,108,
LGR,3/23/2025 11:00,Winter,9.4000000000000004,54.700000000000003,107.59999999999999,108,
LGR,3/23/2025 12:00,Winter,9.4000000000000004,54.700000000000003,107.5,108,
LGR,3/23/2025 13:00,Winter,9.4000000000000004,54.700000000000003,107.40000000000001,108,
LGR,3/23/2025 14:00,Winter,9.3000000000000007,54.600000000000001,107.5,108,
LGR,3/23/2025 15:00,Winter,9.3000000000000007,54.5,107.59999999999999,108,
LGR,3/23/2025 16:00,Winter,9.3000000000000007,54.700000000000003,107.59999999999999,108,
LGR,3/23/2025 17:00,Winter,9.3000000000000007,55.100000000000001,107.59999999999999,108,
LGR,3/23/2025 18:00,Winter,9.3000000000000007,55,107.59999999999999,108,
LGR,3/23/2025 19:00,Winter,9.3000000000000007,55.5,107.5,108,
LGR,3/23/2025 20:00,Winter,9.1999999999999993,65.799999999999997,107,108,
LGR,3/23/2025 21:00,Winter,9.0999999999999996,64.5,106.59999999999999,108,
LGR,3/23/2025 22:00,Winter,9.0999999999999996,57.600000000000001,106.5,108,
LGR,3/23/2025 23:00,Winter,8.9000000000000004,57.299999999999997,106.59999999999999,108,
LGR,3/24/2025 0:00,Winter,8.9000000000000004,56.899999999999999,106.59999999999999,107,
LGR,3/24/2025 1:00,Winter,8.9000000000000004,57,106.7,107,
LGR,3/24/2025 2:00,Winter,8.8000000000000007,57.100000000000001,106.7,107,
LGR,3/24/2025 3:00,Winter,8.6999999999999993,57.100000000000001,106.59999999999999,107,
LGR,3/24/2025 4:00,Winter,8.5999999999999996,56.600000000000001,106.5,107,
LGR,3/24/2025 5:00,Winter,8.5,56.700000000000003,106.40000000000001,107,
LGR,3/24/2025 6:00,Winter,8.4000000000000004,56.700000000000003,106.3,107,
LGR,3/24/2025 7:00,Winter,8.4000000000000004,56.799999999999997,106.09999999999999,107,
LGR,3/24/2025 8:00,Winter,8.3000000000000007,56.700000000000003,106.09999999999999,107,
LGR,3/24/2025 9:00,Winter,8.3000000000000007,50.399999999999999,106.09999999999999,107,
LGR,3/24/2025 10:00,Winter,8.3000000000000007,49.799999999999997,106.40000000000001,107,
LGR,3/24/2025 11:00,Winter,8.3000000000000007,50.200000000000003,106.2,107,
LGR,3/24/2025 12:00,Winter,8.4000000000000004,50.299999999999997,106.59999999999999,107,
LGR,3/24/2025 13:00,Winter,8.5,50.600000000000001,106.5,107,
LGR,3/24/2025 14:00,Winter,8.5,50.899999999999999,106.8,107,
LGR,3/24/2025 15:00,Winter,8.5999999999999996,50.100000000000001,107,107,
LGR,3/24/2025 16:00,Winter,8.6999999999999993,50.100000000000001,107.09999999999999,107,
LGR,3/24/2025 17:00,Winter,8.8000000000000007,51,107.09999999999999,107,
LGR,3/24/2025 18:00,Winter,8.6999999999999993,66.700000000000003,106.59999999999999,107,
LGR,3/24/2025 19:00,Winter,8.5999999999999996,68,106,107,
LGR,3/24/2025 20:00,Winter,8.5999999999999996,65.799999999999997,105.59999999999999,107,
LGR,3/24/2025 21:00,Winter,8.5,65.5,105.40000000000001,107,
LGR,3/24/2025 22:00,Winter,8.4000000000000004,62.600000000000001,105.2,107,
LGR,3/24/2025 23:00,Winter,8.4000000000000004,61.100000000000001,105.40000000000001,107,
LGR,3/25/2025 0:00,Winter,8.4000000000000004,59.799999999999997,105.59999999999999,107,
LGR,3/25/2025 1:00,Winter,8.3000000000000007,59.799999999999997,105.7,107,
LGR,3/25/2025 2:00,Winter,8.3000000000000007,59.600000000000001,105.5,107,
LGR,3/25/2025 3:00,Winter,8.3000000000000007,59.5,105.59999999999999,107,
LGR,3/25/2025 4:00,Winter,8.3000000000000007,59.700000000000003,105.59999999999999,107,
LGR,3/25/2025 5:00,Winter,8.3000000000000007,59.700000000000003,105.5,107,
LGR,3/25/2025 6:00,Winter,8.3000000000000007,60,105.5,107,
LGR,3/25/2025 7:00,Winter,8.3000000000000007,58.899999999999999,105.5,107,
LGR,3/25/2025 8:00,Winter,8.3000000000000007,58.5,105.5,107,
LGR,3/25/2025 9:00,Winter,8.4000000000000004,58.200000000000003,105.59999999999999,107,
LGR,3/25/2025 10:00,Winter,8.5,58.5,105.8,107,
LGR,3/25/2025 11:00,Winter,8.5999999999999996,58.600000000000001,106.09999999999999,107,
LGR,3/25/2025 12:00,Winter,8.6999999999999993,58.700000000000003,106.2,107,
LGR,3/25/2025 13:00,Winter,8.8000000000000007,58.399999999999999,106.40000000000001,107,
LGR,3/25/2025 14:00,Winter,8.9000000000000004,58.600000000000001,106.5,107,
LGR,3/25/2025 15:00,Winter,9,58.600000000000001,106.7,107,
LGR,3/25/2025 16:00,Winter,9.0999999999999996,58.799999999999997,107,107,
LGR,3/25/2025 17:00,Winter,9.1999999999999993,59.700000000000003,107,107,
LGR,3/25/2025 18:00,Winter,9.3000000000000007,59.899999999999999,107.3,107,
LGR,3/25/2025 19:00,Winter,9.4000000000000004,59.200000000000003,107.40000000000001,107,
LGR,3/25/2025 20:00,Winter,9.4000000000000004,59.700000000000003,107.40000000000001,107,
LGR,3/25/2025 21:00,Winter,9.5,58.899999999999999,107.5,107,
LGR,3/25/2025 22:00,Winter,9.5,60.100000000000001,107.3,107,
LGR,3/25/2025 23:00,Winter,9.5999999999999996,60.100000000000001,107.40000000000001,107,
LGR,3/26/2025 0:00,Winter,9.6999999999999993,60.200000000000003,107.59999999999999,108,
LGR,3/26/2025 1:00,Winter,9.5999999999999996,68.5,107.09999999999999,108,
LGR,3/26/2025 2:00,Winter,9.5999999999999996,71,106.7,108,
LGR,3/26/2025 3:00,Winter,9.5999999999999996,70.5,106.5,108,
LGR,3/26/2025 4:00,Winter,9.5,70.400000000000006,106.5,108,
LGR,3/26/2025 5:00,Winter,9.5,70.400000000000006,106.40000000000001,108,
LGR,3/26/2025 6:00,Winter,9.5,70.400000000000006,106.40000000000001,108,
LGR,3/26/2025 7:00,Winter,9.5,70.700000000000003,106.3,108,
LGR,3/26/2025 8:00,Winter,9.5,70.400000000000006,106.5,108,
LGR,3/26/2025 9:00,Winter,9.5,69.700000000000003,106.5,108,
LGR,3/26/2025 10:00,Winter,9.5,70.900000000000006,106.7,108,
LGR,3/26/2025 11:00,Winter,9.5,70.599999999999994,106.90000000000001,108,
LGR,3/26/2025 12:00,Winter,9.5999999999999996,69.799999999999997,107.2,108,
LGR,3/26/2025 13:00,Winter,9.5999999999999996,69.599999999999994,107.5,108,
LGR,3/26/2025 14:00,Winter,9.5999999999999996,70.299999999999997,107.3,108,
LGR,3/26/2025 15:00,Winter,9.6999999999999993,71,107.5,108,
LGR,3/26/2025 16:00,Winter,9.6999999999999993,71.099999999999994,107.40000000000001,108,
LGR,3/26/2025 17:00,Winter,9.8000000000000007,71.099999999999994,107.90000000000001,108,
LGR,3/26/2025 18:00,Winter,9.6999999999999993,85.299999999999997,107.8,108,
LGR,3/26/2025 19:00,Winter,9.6999999999999993,85.799999999999997,107.90000000000001,108,
LGR,3/26/2025 20:00,Winter,9.5999999999999996,85.700000000000003,108,108,
LGR,3/26/2025 21:00,Winter,9.5,86.299999999999997,107.8,108,
LGR,3/26/2025 22:00,Winter,9.4000000000000004,85.700000000000003,107.90000000000001,108,
LGR,3/26/2025 23:00,Winter,9.3000000000000007,84.900000000000006,108,108,
LGR,3/27/2025 0:00,Winter,9.4000000000000004,66,108.09999999999999,108,
LGR,3/27/2025 1:00,Winter,9.5,65.400000000000006,107.90000000000001,108,
LGR,3/27/2025 2:00,Winter,9.5,65.400000000000006,108,108,
LGR,3/27/2025 3:00,Winter,9.6999999999999993,64.799999999999997,108,108,
LGR,3/27/2025 4:00,Winter,9.6999999999999993,65,108,108,
LGR,3/27/2025 5:00,Winter,9.8000000000000007,65.400000000000006,107.7,108,
LGR,3/27/2025 6:00,Winter,9.9000000000000004,64.700000000000003,107.8,108,
LGR,3/27/2025 7:00,Winter,10.1,65.900000000000006,107.90000000000001,108,
LGR,3/27/2025 8:00,Winter,10.1,75.599999999999994,107.7,108,
LGR,3/27/2025 9:00,Winter,10.1,91.799999999999997,107.5,108,
LGR,3/27/2025 10:00,Winter,10.1,95.799999999999997,107.59999999999999,108,
LGR,3/27/2025 11:00,Winter,9.9000000000000004,100.8,107.5,108,
LGR,3/27/2025 12:00,Winter,9.6999999999999993,95.799999999999997,107.3,108,
LGR,3/27/2025 13:00,Winter,9.5999999999999996,94.299999999999997,107.40000000000001,108,
LGR,3/27/2025 14:00,Winter,9.5,94.900000000000006,107.3,108,
LGR,3/27/2025 15:00,Winter,9.4000000000000004,94.200000000000003,107.3,108,
LGR,3/27/2025 16:00,Winter,9.3000000000000007,95,107.3,108,
LGR,3/27/2025 17:00,Winter,9.1999999999999993,95.400000000000006,107.40000000000001,108,
LGR,3/27/2025 18:00,Winter,9.0999999999999996,95.799999999999997,107.3,108,
LGR,3/27/2025 19:00,Winter,9,95.099999999999994,107.2,108,
LGR,3/27/2025 20:00,Winter,9,92.700000000000003,107.2,108,
LGR,3/27/2025 21:00,Winter,8.9000000000000004,91.700000000000003,107.3,108,
LGR,3/27/2025 22:00,Winter,8.8000000000000007,90.5,107.2,108,
LGR,3/27/2025 23:00,Winter,8.8000000000000007,90.400000000000006,107.2,108,
LGR,3/28/2025 0:00,Winter,8.9000000000000004,83.799999999999997,107.40000000000001,107,
LGR,3/28/2025 1:00,Winter,8.9000000000000004,83.299999999999997,107.40000000000001,107,
LGR,3/28/2025 2:00,Winter,8.8000000000000007,83,107.40000000000001,107,
LGR,3/28/2025 3:00,Winter,8.9000000000000004,83.599999999999994,107.3,107,
LGR,3/28/2025 4:00,Winter,8.8000000000000007,90.200000000000003,107.2,107,
LGR,3/28/2025 5:00,Winter,8.6999999999999993,91.200000000000003,107.2,107,
LGR,3/28/2025 6:00,Winter,8.6999999999999993,90,107,107,
LGR,3/28/2025 7:00,Winter,8.5999999999999996,92,106.90000000000001,107,
LGR,3/28/2025 8:00,Winter,8.5,93,106.59999999999999,107,
LGR,3/28/2025 9:00,Winter,8.5,92.400000000000006,106.40000000000001,107,
LGR,3/28/2025 10:00,Winter,8.4000000000000004,92.200000000000003,106.3,107,
LGR,3/28/2025 11:00,Winter,8.4000000000000004,93.299999999999997,106.3,107,
LGR,3/28/2025 12:00,Winter,8.3000000000000007,93.700000000000003,106.2,107,
LGR,3/28/2025 13:00,Winter,8.3000000000000007,94.599999999999994,106.2,107,
LGR,3/28/2025 14:00,Winter,8.3000000000000007,91.400000000000006,106.59999999999999,107,
LGR,3/28/2025 15:00,Winter,8.3000000000000007,93.200000000000003,106.5,107,
LGR,3/28/2025 16:00,Winter,8.3000000000000007,92.400000000000006,106.3,107,
LGR,3/28/2025 17:00,Winter,8.3000000000000007,93.799999999999997,106.3,107,
LGR,3/28/2025 18:00,Winter,8.3000000000000007,92.799999999999997,106.3,107,
LGR,3/28/2025 19:00,Winter,8.4000000000000004,93.599999999999994,106.2,107,
LGR,3/28/2025 20:00,Winter,8.4000000000000004,93,106.09999999999999,107,
LGR,3/28/2025 21:00,Winter,8.4000000000000004,93.200000000000003,105.90000000000001,107,
LGR,3/28/2025 22:00,Winter,8.4000000000000004,93.700000000000003,105.90000000000001,107,
LGR,3/28/2025 23:00,Winter,8.3000000000000007,101.09999999999999,105.7,107,
LGR,3/29/2025 0:00,Winter,8.3000000000000007,101.5,105.5,105,
LGR,3/29/2025 1:00,Winter,8.1999999999999993,101.3,105.3,105,
LGR,3/29/2025 2:00,Winter,8.0999999999999996,101.09999999999999,105.09999999999999,105,
LGR,3/29/2025 3:00,Winter,8.0999999999999996,99.5,104.90000000000001,105,
LGR,3/29/2025 4:00,Winter,8,100.8,104.8,105,
LGR,3/29/2025 5:00,Winter,7.9000000000000004,101,104.40000000000001,105,
LGR,3/29/2025 6:00,Winter,7.9000000000000004,101.7,104.40000000000001,105,
LGR,3/29/2025 7:00,Winter,7.7999999999999998,101.2,104.3,105,
LGR,3/29/2025 8:00,Winter,7.7999999999999998,101.2,104.09999999999999,105,
LGR,3/29/2025 9:00,Winter,7.7999999999999998,89.299999999999997,104.40000000000001,105,
LGR,3/29/2025 10:00,Winter,7.7999999999999998,91.5,104.40000000000001,105,
LGR,3/29/2025 11:00,Winter,7.7999999999999998,93.299999999999997,104.3,105,
LGR,3/29/2025 12:00,Winter,7.9000000000000004,93.400000000000006,104.3,105,
LGR,3/29/2025 13:00,Winter,7.9000000000000004,93.599999999999994,104.40000000000001,105,
LGR,3/29/2025 14:00,Winter,7.9000000000000004,93.700000000000003,104.3,105,
LGR,3/29/2025 15:00,Winter,7.9000000000000004,95.900000000000006,105.3,105,
LGR,3/29/2025 16:00,Winter,8,92.5,104.40000000000001,105,
LGR,3/29/2025 17:00,Winter,8,92.799999999999997,104.5,105,
LGR,3/29/2025 18:00,Winter,8,94.299999999999997,104.5,105,
LGR,3/29/2025 19:00,Winter,8,100.09999999999999,104.2,105,
LGR,3/29/2025 20:00,Winter,7.9000000000000004,101.40000000000001,104.2,105,
LGR,3/29/2025 21:00,Winter,7.7999999999999998,101,104,105,
LGR,3/29/2025 22:00,Winter,7.7999999999999998,100.8,104,105,
LGR,3/29/2025 23:00,Winter,7.7000000000000002,99.900000000000006,104,105,
LGR,3/30/2025 0:00,Winter,7.7000000000000002,94.200000000000003,103.90000000000001,105,
LGR,3/30/2025 1:00,Winter,7.5999999999999996,93.599999999999994,103.90000000000001,105,
LGR,3/30/2025 2:00,Winter,7.5,93.799999999999997,103.90000000000001,105,
LGR,3/30/2025 3:00,Winter,7.5,93.599999999999994,103.90000000000001,105,
LGR,3/30/2025 4:00,Winter,7.4000000000000004,93.599999999999994,103.90000000000001,105,
LGR,3/30/2025 5:00,Winter,7.2000000000000002,99,103.8,105,
LGR,3/30/2025 6:00,Winter,7.2000000000000002,93.799999999999997,103.8,105,
LGR,3/30/2025 7:00,Winter,7.0999999999999996,93.599999999999994,103.90000000000001,105,
LGR,3/30/2025 8:00,Winter,6.9000000000000004,97.599999999999994,103.8,105,
LGR,3/30/2025 9:00,Winter,6.7999999999999998,90.799999999999997,103.8,105,
LGR,3/30/2025 10:00,Winter,6.7999999999999998,89.5,103.90000000000001,105,
LGR,3/30/2025 11:00,Winter,6.7000000000000002,90.299999999999997,104,105,
LGR,3/30/2025 12:00,Winter,6.7000000000000002,89,104.2,105,
LGR,3/30/2025 13:00,Winter,6.9000000000000004,79.299999999999997,104.3,105,
LGR,3/30/2025 14:00,Winter,6.9000000000000004,78.900000000000006,104.40000000000001,105,
LGR,3/30/2025 15:00,Winter,7,79.299999999999997,104.5,105,
LGR,3/30/2025 16:00,Winter,7.0999999999999996,79.799999999999997,104.7,105,
LGR,3/30/2025 17:00,Winter,7.2000000000000002,80.799999999999997,104.90000000000001,105,
LGR,3/30/2025 18:00,Winter,7.0999999999999996,99.400000000000006,105.90000000000001,105,
LGR,3/30/2025 19:00,Winter,7.0999999999999996,98.700000000000003,105.5,105,
LGR,3/30/2025 20:00,Winter,7,99.799999999999997,105.3,105,
LGR,3/30/2025 21:00,Winter,6.7999999999999998,100.59999999999999,105.09999999999999,105,
LGR,3/30/2025 22:00,Winter,6.7000000000000002,100,105.09999999999999,105,
LGR,3/30/2025 23:00,Winter,6.7000000000000002,84.599999999999994,104.90000000000001,105,
LGR,3/31/2025 0:00,Winter,6.7000000000000002,80.200000000000003,104.8,106,
LGR,3/31/2025 1:00,Winter,6.5999999999999996,80.400000000000006,104.8,106,
LGR,3/31/2025 2:00,Winter,6.7000000000000002,79.400000000000006,104.8,106,
LGR,3/31/2025 3:00,Winter,6.7999999999999998,80,104.90000000000001,106,
LGR,3/31/2025 4:00,Winter,6.9000000000000004,80.400000000000006,104.90000000000001,106,
LGR,3/31/2025 5:00,Winter,6.7000000000000002,104.5,104.8,106,
LGR,3/31/2025 6:00,Winter,6.5,104.3,104.59999999999999,106,
LGR,3/31/2025 7:00,Winter,6.4000000000000004,104.59999999999999,104.59999999999999,106,
LGR,3/31/2025 8:00,Winter,6.0999999999999996,101.8,104.5,106,
LGR,3/31/2025 9:00,Winter,6.0999999999999996,87.299999999999997,105.7,106,
LGR,3/31/2025 10:00,Winter,6.2000000000000002,69.400000000000006,105.5,106,
LGR,3/31/2025 11:00,Winter,6.2999999999999998,67.799999999999997,105.5,106,
LGR,3/31/2025 12:00,Winter,6.4000000000000004,67.299999999999997,105.59999999999999,106,
LGR,3/31/2025 13:00,Winter,6.7000000000000002,55.100000000000001,105.3,106,
LGR,3/31/2025 14:00,Winter,6.9000000000000004,56,105.40000000000001,106,
LGR,3/31/2025 15:00,Winter,7.2000000000000002,55.899999999999999,105.5,106,
LGR,3/31/2025 16:00,Winter,7.5999999999999996,56.600000000000001,105.90000000000001,106,
LGR,3/31/2025 17:00,Winter,7.7999999999999998,56.399999999999999,106.7,106,
LGR,3/31/2025 18:00,Winter,7.9000000000000004,75.599999999999994,106.59999999999999,106,
LGR,3/31/2025 19:00,Winter,7.9000000000000004,93.200000000000003,106.5,106,
LGR,3/31/2025 20:00,Winter,7.9000000000000004,94.099999999999994,106.09999999999999,106,
LGR,3/31/2025 21:00,Winter,7.7999999999999998,94.200000000000003,106,106,
LGR,3/31/2025 22:00,Winter,7.5999999999999996,94.5,105.8,106,
LGR,3/31/2025 23:00,Winter,7.5,94.700000000000003,105.7,106,
LGR,4/1/2025 0:00,Winter,7.4000000000000004,86.099999999999994,105.59999999999999,106,
LGR,4/1/2025 1:00,Winter,7.4000000000000004,87.5,106.7,106,
LGR,4/1/2025 2:00,Winter,7.2999999999999998,86.400000000000006,106.40000000000001,106,
LGR,4/1/2025 3:00,Winter,7.2999999999999998,84.900000000000006,106,106,
LGR,4/1/2025 4:00,Winter,7.2000000000000002,86.299999999999997,105.7,106,
LGR,4/1/2025 5:00,Winter,6.9000000000000004,104.5,105.40000000000001,106,
LGR,4/1/2025 6:00,Winter,6.7999999999999998,106.09999999999999,105.09999999999999,106,
LGR,4/1/2025 7:00,Winter,6.5,107,104.8,106,
LGR,4/1/2025 8:00,Winter,6.2999999999999998,104.09999999999999,104.5,106,
LGR,4/1/2025 9:00,Winter,6.2000000000000002,83.799999999999997,105.59999999999999,106,
LGR,4/1/2025 10:00,Winter,6.2000000000000002,78.799999999999997,105.3,106,
LGR,4/1/2025 11:00,Winter,6.0999999999999996,79.700000000000003,105.2,106,
LGR,4/1/2025 12:00,Winter,6.2000000000000002,79.400000000000006,105.2,106,
LGR,4/1/2025 13:00,Winter,6.2000000000000002,79,105.09999999999999,106,
LGR,4/1/2025 14:00,Winter,6.2000000000000002,72.5,105.09999999999999,106,
LGR,4/1/2025 15:00,Winter,6.2999999999999998,68.900000000000006,105.3,106,
LGR,4/1/2025 16:00,Winter,6.4000000000000004,68.299999999999997,105.40000000000001,106,
LGR,4/1/2025 17:00,Winter,6.5,68.700000000000003,105.40000000000001,106,
LGR,4/1/2025 18:00,Winter,6.5,80.099999999999994,105.59999999999999,106,
LGR,4/1/2025 19:00,Winter,6.5,81.700000000000003,106.5,106,
LGR,4/1/2025 20:00,Winter,6.5,78.799999999999997,106.2,106,
LGR,4/1/2025 21:00,Winter,6.5,80.5,106,106,
LGR,4/1/2025 22:00,Winter,6.4000000000000004,82.5,106.2,106,
LGR,4/1/2025 23:00,Winter,6.2999999999999998,93.5,105.8,106,
LGR,4/2/2025 0:00,Winter,6.2000000000000002,93.299999999999997,105.5,105,
LGR,4/2/2025 1:00,Winter,6.2999999999999998,69.900000000000006,105.5,105,
LGR,4/2/2025 2:00,Winter,6.2999999999999998,62.100000000000001,105.40000000000001,105,
LGR,4/2/2025 3:00,Winter,6.4000000000000004,62,105.40000000000001,105,
LGR,4/2/2025 4:00,Winter,6.5,70.099999999999994,105.40000000000001,105,
LGR,4/2/2025 5:00,Winter,6.4000000000000004,88.900000000000006,105.3,105,
LGR,4/2/2025 6:00,Winter,6.2999999999999998,90.5,105.09999999999999,105,
LGR,4/2/2025 7:00,Winter,6.2000000000000002,90.200000000000003,105,105,
LGR,4/2/2025 8:00,Winter,6,88.700000000000003,104.8,105,
LGR,4/2/2025 9:00,Winter,6.0999999999999996,71.400000000000006,104.8,105,
LGR,4/2/2025 10:00,Winter,6.0999999999999996,70.200000000000003,104.7,105,
LGR,4/2/2025 11:00,Winter,6,70.599999999999994,104.7,105,
LGR,4/2/2025 12:00,Winter,6.2000000000000002,60.5,104.8,105,
LGR,4/2/2025 13:00,Winter,6.4000000000000004,59.600000000000001,105,105,
LGR,4/2/2025 14:00,Winter,6.5,48.700000000000003,105.09999999999999,105,
LGR,4/2/2025 15:00,Winter,6.7999999999999998,48.899999999999999,105.2,105,
LGR,4/2/2025 16:00,Winter,7,52.100000000000001,105.3,105,
LGR,4/2/2025 17:00,Winter,7.0999999999999996,66.599999999999994,105.40000000000001,105,
LGR,4/2/2025 18:00,Winter,7.0999999999999996,90.900000000000006,105.3,105,
LGR,4/2/2025 19:00,Winter,7,91.900000000000006,105.2,105,
LGR,4/2/2025 20:00,Winter,6.7999999999999998,91.599999999999994,105,105,
LGR,4/2/2025 21:00,Winter,6.5999999999999996,91.599999999999994,104.8,105,
LGR,4/2/2025 22:00,Winter,6.4000000000000004,91.700000000000003,104.7,105,
LGR,4/2/2025 23:00,Winter,6.2999999999999998,91.799999999999997,104.40000000000001,105,
LGS,3/1/2025 0:00,Winter,0,49.299999999999997,102.09999999999999,105,
LGS,3/1/2025 1:00,Winter,0,45.700000000000003,102.09999999999999,105,
LGS,3/1/2025 2:00,Winter,0,45.700000000000003,102,105,
LGS,3/1/2025 3:00,Winter,0,44.799999999999997,102.09999999999999,105,
LGS,3/1/2025 4:00,Winter,0,44.899999999999999,102.2,105,
LGS,3/1/2025 5:00,Winter,0.5,46.799999999999997,102.2,105,
LGS,3/1/2025 6:00,Winter,7,51.799999999999997,103.09999999999999,105,
LGS,3/1/2025 7:00,Winter,7,52,105.3,105,
LGS,3/1/2025 8:00,Winter,7,51.600000000000001,106,105,
LGS,3/1/2025 9:00,Winter,7,51.799999999999997,106.3,105,
LGS,3/1/2025 10:00,Winter,0,45.299999999999997,105.8,105,
LGS,3/1/2025 11:00,Winter,0,44.5,104.3,105,
LGS,3/1/2025 12:00,Winter,0,44.799999999999997,103.90000000000001,105,
LGS,3/1/2025 13:00,Winter,0,44.700000000000003,103.90000000000001,105,
LGS,3/1/2025 14:00,Winter,0,44.700000000000003,103.90000000000001,105,
LGS,3/1/2025 15:00,Winter,0,45.399999999999999,103.8,105,
LGS,3/1/2025 16:00,Winter,0,45.799999999999997,103.8,105,
LGS,3/1/2025 17:00,Winter,0,55.700000000000003,103.8,105,
LGS,3/1/2025 18:00,Winter,0,56.200000000000003,103.7,105,
LGS,3/1/2025 19:00,Winter,0,55.299999999999997,103.5,105,
LGS,3/1/2025 20:00,Winter,0,55.5,103.5,105,
LGS,3/1/2025 21:00,Winter,0,55.5,103.3,105,
LGS,3/1/2025 22:00,Winter,0,54.600000000000001,103.3,105,
LGS,3/1/2025 23:00,Winter,0,42.299999999999997,103.3,105,
LGS,3/2/2025 0:00,Winter,0,42.299999999999997,103.3,105,
LGS,3/2/2025 1:00,Winter,0,40.899999999999999,103.3,105,
LGS,3/2/2025 2:00,Winter,0,40.399999999999999,103.3,105,
LGS,3/2/2025 3:00,Winter,0,40.5,103.3,105,
LGS,3/2/2025 4:00,Winter,0,40.5,103.2,105,
LGS,3/2/2025 5:00,Winter,0.80000000000000004,41,103.2,105,
LGS,3/2/2025 6:00,Winter,7.0999999999999996,51.700000000000003,103.59999999999999,105,
LGS,3/2/2025 7:00,Winter,7.2000000000000002,51.700000000000003,105.90000000000001,105,
LGS,3/2/2025 8:00,Winter,7.2000000000000002,52.399999999999999,106.5,105,
LGS,3/2/2025 9:00,Winter,7.0999999999999996,52.5,106.8,105,
LGS,3/2/2025 10:00,Winter,0,51.5,106.09999999999999,105,
LGS,3/2/2025 11:00,Winter,0,40,105,105,
LGS,3/2/2025 12:00,Winter,0,39.299999999999997,104.59999999999999,105,
LGS,3/2/2025 13:00,Winter,0,39.600000000000001,104.5,105,
LGS,3/2/2025 14:00,Winter,0,39.399999999999999,104.3,105,
LGS,3/2/2025 15:00,Winter,0,39.600000000000001,104.3,105,
LGS,3/2/2025 16:00,Winter,0,39.799999999999997,104.2,105,
LGS,3/2/2025 17:00,Winter,0,53,104,105,
LGS,3/2/2025 18:00,Winter,0,54.299999999999997,103.90000000000001,105,
LGS,3/2/2025 19:00,Winter,0,55.700000000000003,104,105,
LGS,3/2/2025 20:00,Winter,0,55.600000000000001,103.8,105,
LGS,3/2/2025 21:00,Winter,0,55.600000000000001,103.8,105,
LGS,3/2/2025 22:00,Winter,0,54.899999999999999,103.59999999999999,105,
LGS,3/2/2025 23:00,Winter,0,42.100000000000001,103.59999999999999,105,
LGS,3/3/2025 0:00,Winter,0,41.600000000000001,103.59999999999999,105,
LGS,3/3/2025 1:00,Winter,0,41.700000000000003,103.40000000000001,105,
LGS,3/3/2025 2:00,Winter,0,41.600000000000001,103.40000000000001,105,
LGS,3/3/2025 3:00,Winter,0,43,103.40000000000001,105,
LGS,3/3/2025 4:00,Winter,0,41.600000000000001,103.40000000000001,105,
LGS,3/3/2025 5:00,Winter,0.90000000000000002,42.700000000000003,103.2,105,
LGS,3/3/2025 6:00,Winter,6.9000000000000004,51.799999999999997,104.3,105,
LGS,3/3/2025 7:00,Winter,6.9000000000000004,56.799999999999997,106.09999999999999,105,
LGS,3/3/2025 8:00,Winter,7,56.600000000000001,106.5,105,
LGS,3/3/2025 9:00,Winter,6.9000000000000004,52.299999999999997,106.8,105,
LGS,3/3/2025 10:00,Winter,0,44.200000000000003,105.8,105,
LGS,3/3/2025 11:00,Winter,0,44.100000000000001,104.7,105,
LGS,3/3/2025 12:00,Winter,0,44.100000000000001,104.3,105,
LGS,3/3/2025 13:00,Winter,0,43.799999999999997,104.09999999999999,105,
LGS,3/3/2025 14:00,Winter,0,41.399999999999999,103.8,105,
LGS,3/3/2025 15:00,Winter,0,39.799999999999997,103.90000000000001,105,
LGS,3/3/2025 16:00,Winter,0,40.200000000000003,103.3,105,
LGS,3/3/2025 17:00,Winter,0,55.600000000000001,103.40000000000001,105,
LGS,3/3/2025 18:00,Winter,0,61.299999999999997,103.5,105,
LGS,3/3/2025 19:00,Winter,0,60.899999999999999,103.2,105,
LGS,3/3/2025 20:00,Winter,0,61.399999999999999,103.09999999999999,105,
LGS,3/3/2025 21:00,Winter,0,61,103,105,
LGS,3/3/2025 22:00,Winter,0,62.399999999999999,103,105,
LGS,3/3/2025 23:00,Winter,0,60.899999999999999,102.90000000000001,105,
LGS,3/4/2025 0:00,Winter,0,59.899999999999999,102.8,104,
LGS,3/4/2025 1:00,Winter,0,41.5,102.8,104,
LGS,3/4/2025 2:00,Winter,0,40.700000000000003,102.7,104,
LGS,3/4/2025 3:00,Winter,0,40.700000000000003,102.7,104,
LGS,3/4/2025 4:00,Winter,0.5,41.399999999999999,102.7,104,
LGS,3/4/2025 5:00,Winter,7,50.899999999999999,102.7,104,
LGS,3/4/2025 6:00,Winter,7,69.5,104.8,104,
LGS,3/4/2025 7:00,Winter,7.0999999999999996,70.099999999999994,105.3,104,
LGS,3/4/2025 8:00,Winter,7.0999999999999996,69.200000000000003,105.59999999999999,104,
LGS,3/4/2025 9:00,Winter,0,51.5,105.3,104,
LGS,3/4/2025 10:00,Winter,0,42.100000000000001,104.59999999999999,104,
LGS,3/4/2025 11:00,Winter,0,40.200000000000003,104.09999999999999,104,
LGS,3/4/2025 12:00,Winter,0,40.399999999999999,103.7,104,
LGS,3/4/2025 13:00,Winter,0,40.399999999999999,103.5,104,
LGS,3/4/2025 14:00,Winter,0,40.299999999999997,103.40000000000001,104,
LGS,3/4/2025 15:00,Winter,0,40.299999999999997,103.09999999999999,104,
LGS,3/4/2025 16:00,Winter,0,40.5,102.8,104,
LGS,3/4/2025 17:00,Winter,0,41,102.7,104,
LGS,3/4/2025 18:00,Winter,0,54.899999999999999,102.7,104,
LGS,3/4/2025 19:00,Winter,0,55.100000000000001,102.5,104,
LGS,3/4/2025 20:00,Winter,0,55.5,102.3,104,
LGS,3/4/2025 21:00,Winter,0,55.399999999999999,102.2,104,
LGS,3/4/2025 22:00,Winter,0,54.700000000000003,102,104,
LGS,3/4/2025 23:00,Winter,0,41.399999999999999,102,104,
LGS,3/5/2025 0:00,Winter,0,42.200000000000003,101.90000000000001,104,
LGS,3/5/2025 1:00,Winter,0,40.899999999999999,101.90000000000001,104,
LGS,3/5/2025 2:00,Winter,0,40.799999999999997,101.90000000000001,104,
LGS,3/5/2025 3:00,Winter,0,41,101.90000000000001,104,
LGS,3/5/2025 4:00,Winter,0.29999999999999999,41.299999999999997,101.90000000000001,104,
LGS,3/5/2025 5:00,Winter,7.2000000000000002,51.299999999999997,102,104,
LGS,3/5/2025 6:00,Winter,7,71.299999999999997,104.40000000000001,104,
LGS,3/5/2025 7:00,Winter,7.2000000000000002,70.099999999999994,104.90000000000001,104,
LGS,3/5/2025 8:00,Winter,7.0999999999999996,70.5,105.2,104,
LGS,3/5/2025 9:00,Winter,0,61.200000000000003,104.59999999999999,104,
LGS,3/5/2025 10:00,Winter,0,56,103.59999999999999,104,
LGS,3/5/2025 11:00,Winter,0,55.5,103.2,104,
LGS,3/5/2025 12:00,Winter,0,55.799999999999997,103,104,
LGS,3/5/2025 13:00,Winter,0,55.600000000000001,103,104,
LGS,3/5/2025 14:00,Winter,0,45.100000000000001,103.09999999999999,104,
LGS,3/5/2025 15:00,Winter,0,45.799999999999997,103.2,104,
LGS,3/5/2025 16:00,Winter,0,44.899999999999999,103.3,104,
LGS,3/5/2025 17:00,Winter,0,55.799999999999997,103.2,104,
LGS,3/5/2025 18:00,Winter,0,55.5,103.3,104,
LGS,3/5/2025 19:00,Winter,0,55.5,103.3,104,
LGS,3/5/2025 20:00,Winter,0,57.299999999999997,103.3,104,
LGS,3/5/2025 21:00,Winter,0,51.100000000000001,103.3,104,
LGS,3/5/2025 22:00,Winter,0,40.899999999999999,103.3,104,
LGS,3/5/2025 23:00,Winter,0,27.300000000000001,103.3,104,
LGS,3/6/2025 0:00,Winter,0,26,103.2,105,
LGS,3/6/2025 1:00,Winter,0,13,103.2,105,
LGS,3/6/2025 2:00,Winter,0,12.4,103,105,
LGS,3/6/2025 3:00,Winter,0,12.199999999999999,103.09999999999999,105,
LGS,3/6/2025 4:00,Winter,0.20000000000000001,12.5,103,105,
LGS,3/6/2025 5:00,Winter,7.2000000000000002,20,102.90000000000001,105,
LGS,3/6/2025 6:00,Winter,7.0999999999999996,33,103.59999999999999,105,
LGS,3/6/2025 7:00,Winter,7.2000000000000002,35.700000000000003,105,105,
LGS,3/6/2025 8:00,Winter,7.5,40.799999999999997,106.2,105,
LGS,3/6/2025 9:00,Winter,0,52.600000000000001,106.3,105,
LGS,3/6/2025 10:00,Winter,0,56,105.40000000000001,105,
LGS,3/6/2025 11:00,Winter,0,56.299999999999997,104.59999999999999,105,
LGS,3/6/2025 12:00,Winter,0,58.100000000000001,104.09999999999999,105,
LGS,3/6/2025 13:00,Winter,0,55.899999999999999,104,105,
LGS,3/6/2025 14:00,Winter,0,46,103.90000000000001,105,
LGS,3/6/2025 15:00,Winter,0,44.899999999999999,103.8,105,
LGS,3/6/2025 16:00,Winter,0,45.299999999999997,103.7,105,
LGS,3/6/2025 17:00,Winter,0,55,103.40000000000001,105,
LGS,3/6/2025 18:00,Winter,0,55.100000000000001,103.2,105,
LGS,3/6/2025 19:00,Winter,0,55.799999999999997,103,105,
LGS,3/6/2025 20:00,Winter,0,56.100000000000001,102.8,105,
LGS,3/6/2025 21:00,Winter,0,56.200000000000003,102.8,105,
LGS,3/6/2025 22:00,Winter,0,56.299999999999997,102.90000000000001,105,
LGS,3/6/2025 23:00,Winter,0,56.100000000000001,102.8,105,
LGS,3/7/2025 0:00,Winter,0,55.899999999999999,102.7,104,
LGS,3/7/2025 1:00,Winter,0,50.600000000000001,102.7,104,
LGS,3/7/2025 2:00,Winter,0,52,102.59999999999999,104,
LGS,3/7/2025 3:00,Winter,0,50.700000000000003,102.5,104,
LGS,3/7/2025 4:00,Winter,0,50.600000000000001,102.5,104,
LGS,3/7/2025 5:00,Winter,0.5,51.399999999999999,102.40000000000001,104,
LGS,3/7/2025 6:00,Winter,7,69.400000000000006,103,104,
LGS,3/7/2025 7:00,Winter,7.0999999999999996,70.299999999999997,104.40000000000001,104,
LGS,3/7/2025 8:00,Winter,7.0999999999999996,69.799999999999997,105.09999999999999,104,
LGS,3/7/2025 9:00,Winter,7,55,105.5,104,
LGS,3/7/2025 10:00,Winter,0.20000000000000001,49,105.40000000000001,104,
LGS,3/7/2025 11:00,Winter,0,26.100000000000001,104.7,104,
LGS,3/7/2025 12:00,Winter,0,25,104.40000000000001,104,
LGS,3/7/2025 13:00,Winter,0,25.399999999999999,104.09999999999999,104,
LGS,3/7/2025 14:00,Winter,0,25.5,103.90000000000001,104,
LGS,3/7/2025 15:00,Winter,0,25.300000000000001,103.7,104,
LGS,3/7/2025 16:00,Winter,0,26.5,103.59999999999999,104,
LGS,3/7/2025 17:00,Winter,0,49.799999999999997,103.3,104,
LGS,3/7/2025 18:00,Winter,0,50.600000000000001,103.2,104,
LGS,3/7/2025 19:00,Winter,0,50.5,103,104,
LGS,3/7/2025 20:00,Winter,0,50.299999999999997,102.90000000000001,104,
LGS,3/7/2025 21:00,Winter,0,50.299999999999997,102.90000000000001,104,
LGS,3/7/2025 22:00,Winter,0,50.100000000000001,102.90000000000001,104,
LGS,3/7/2025 23:00,Winter,0,40.700000000000003,102.90000000000001,104,
LGS,3/8/2025 0:00,Winter,0,37,102.7,105,
LGS,3/8/2025 1:00,Winter,0,36.700000000000003,102.7,105,
LGS,3/8/2025 2:00,Winter,0,36.700000000000003,102.7,105,
LGS,3/8/2025 3:00,Winter,0,36.600000000000001,102.7,105,
LGS,3/8/2025 4:00,Winter,0,37.5,102.7,105,
LGS,3/8/2025 5:00,Winter,0.59999999999999998,48.5,102.7,105,
LGS,3/8/2025 6:00,Winter,7,69.5,103.59999999999999,105,
LGS,3/8/2025 7:00,Winter,6.9000000000000004,69.900000000000006,104.8,105,
LGS,3/8/2025 8:00,Winter,7,69.5,105.5,105,
LGS,3/8/2025 9:00,Winter,6.5,70.400000000000006,105.7,105,
LGS,3/8/2025 10:00,Winter,0,50.5,105.5,105,
LGS,3/8/2025 11:00,Winter,0,36.700000000000003,105,105,
LGS,3/8/2025 12:00,Winter,0,36.100000000000001,104.7,105,
LGS,3/8/2025 13:00,Winter,0,36.700000000000003,104.40000000000001,105,
LGS,3/8/2025 14:00,Winter,0,36.799999999999997,104.2,105,
LGS,3/8/2025 15:00,Winter,0,36.799999999999997,103.90000000000001,105,
LGS,3/8/2025 16:00,Winter,0,36.799999999999997,103.90000000000001,105,
LGS,3/8/2025 17:00,Winter,0,37.5,103.7,105,
LGS,3/8/2025 18:00,Winter,0,37.200000000000003,103.59999999999999,105,
LGS,3/8/2025 19:00,Winter,0,48.899999999999999,103.40000000000001,105,
LGS,3/8/2025 20:00,Winter,0,49.700000000000003,103.3,105,
LGS,3/8/2025 21:00,Winter,0,41.899999999999999,103.40000000000001,105,
LGS,3/8/2025 22:00,Winter,0,41.200000000000003,103.40000000000001,105,
LGS,3/8/2025 23:00,Winter,0,41,103.2,105,
LGS,3/9/2025 0:00,Winter,0,41,103.3,105,
LGS,3/9/2025 1:00,Winter,0,41,103.3,105,
LGS,3/9/2025 2:00,Winter,0,40.899999999999999,,105,
LGS,3/9/2025 3:00,Winter,0,40.899999999999999,103.2,105,
LGS,3/9/2025 4:00,Winter,0,40.899999999999999,103.3,105,
LGS,3/9/2025 5:00,Winter,0.5,41.5,103.3,105,
LGS,3/9/2025 6:00,Winter,7.2000000000000002,51.100000000000001,103.5,105,
LGS,3/9/2025 7:00,Winter,7.2000000000000002,57.100000000000001,104.90000000000001,105,
LGS,3/9/2025 8:00,Winter,7.2999999999999998,57.600000000000001,106.40000000000001,105,
LGS,3/9/2025 9:00,Winter,7.2000000000000002,57.299999999999997,106.90000000000001,105,
LGS,3/9/2025 10:00,Winter,0,49.799999999999997,106.8,105,
LGS,3/9/2025 11:00,Winter,0,50,105.90000000000001,105,
LGS,3/9/2025 12:00,Winter,0,50.200000000000003,105.3,105,
LGS,3/9/2025 13:00,Winter,0,50.200000000000003,105,105,
LGS,3/9/2025 14:00,Winter,0,49.899999999999999,104.8,105,
LGS,3/9/2025 15:00,Winter,0,50.5,104.59999999999999,105,
LGS,3/9/2025 16:00,Winter,0,50.5,104.59999999999999,105,
LGS,3/9/2025 17:00,Winter,0,50,104.5,105,
LGS,3/9/2025 18:00,Winter,0,50.399999999999999,104.40000000000001,105,
LGS,3/9/2025 19:00,Winter,0,50.899999999999999,104.3,105,
LGS,3/9/2025 20:00,Winter,0,50.5,104.09999999999999,105,
LGS,3/9/2025 21:00,Winter,0,50.600000000000001,104,105,
LGS,3/9/2025 22:00,Winter,0,50.399999999999999,104,105,
LGS,3/9/2025 23:00,Winter,0,50.200000000000003,104,105,
LGS,3/10/2025 0:00,Winter,0,41.700000000000003,104,106,
LGS,3/10/2025 1:00,Winter,0,41.200000000000003,104,106,
LGS,3/10/2025 2:00,Winter,0,41.299999999999997,104.09999999999999,106,
LGS,3/10/2025 3:00,Winter,0,41.5,104,106,
LGS,3/10/2025 4:00,Winter,0,41.600000000000001,104,106,
LGS,3/10/2025 5:00,Winter,0,50.200000000000003,103.90000000000001,106,
LGS,3/10/2025 6:00,Winter,6.7999999999999998,57.399999999999999,104.5,106,
LGS,3/10/2025 7:00,Winter,7.2999999999999998,57.799999999999997,106.09999999999999,106,
LGS,3/10/2025 8:00,Winter,7.2999999999999998,58.200000000000003,106.8,106,
LGS,3/10/2025 9:00,Winter,7.2999999999999998,57.5,107,106,
LGS,3/10/2025 10:00,Winter,0.40000000000000002,45.399999999999999,106.7,106,
LGS,3/10/2025 11:00,Winter,0,45.100000000000001,105.7,106,
LGS,3/10/2025 12:00,Winter,0,44.899999999999999,105.2,106,
LGS,3/10/2025 13:00,Winter,0,44.299999999999997,104.90000000000001,106,
LGS,3/10/2025 14:00,Winter,0,46.5,104.8,106,
LGS,3/10/2025 15:00,Winter,0,44.700000000000003,104.8,106,
LGS,3/10/2025 16:00,Winter,0,44.799999999999997,104.7,106,
LGS,3/10/2025 17:00,Winter,0,44.899999999999999,104.7,106,
LGS,3/10/2025 18:00,Winter,0,45.399999999999999,104.59999999999999,106,
LGS,3/10/2025 19:00,Winter,0,44.799999999999997,104.5,106,
LGS,3/10/2025 20:00,Winter,0,44.799999999999997,104.40000000000001,106,
LGS,3/10/2025 21:00,Winter,0,44.700000000000003,104.3,106,
LGS,3/10/2025 22:00,Winter,0,44.600000000000001,104.3,106,
LGS,3/10/2025 23:00,Winter,0,40.899999999999999,104.40000000000001,106,
LGS,3/11/2025 0:00,Winter,0,40.399999999999999,104.40000000000001,106,
LGS,3/11/2025 1:00,Winter,0,31.899999999999999,104.3,106,
LGS,3/11/2025 2:00,Winter,0,30.899999999999999,104.3,106,
LGS,3/11/2025 3:00,Winter,0,30.899999999999999,104.3,106,
LGS,3/11/2025 4:00,Winter,0,31.899999999999999,104.3,106,
LGS,3/11/2025 5:00,Winter,0.59999999999999998,48.799999999999997,104.5,106,
LGS,3/11/2025 6:00,Winter,7,57.5,104.8,106,
LGS,3/11/2025 7:00,Winter,7.2000000000000002,57.5,106.2,106,
LGS,3/11/2025 8:00,Winter,7.0999999999999996,57.5,107,106,
LGS,3/11/2025 9:00,Winter,7.0999999999999996,52.100000000000001,107.3,106,
LGS,3/11/2025 10:00,Winter,0.10000000000000001,45,107.2,106,
LGS,3/11/2025 11:00,Winter,0,45.200000000000003,106.5,106,
LGS,3/11/2025 12:00,Winter,0,45.5,106.09999999999999,106,
LGS,3/11/2025 13:00,Winter,0,45.700000000000003,105.7,106,
LGS,3/11/2025 14:00,Winter,0,45.700000000000003,105.59999999999999,106,
LGS,3/11/2025 15:00,Winter,0,45.399999999999999,105.40000000000001,106,
LGS,3/11/2025 16:00,Winter,0,45.100000000000001,105.3,106,
LGS,3/11/2025 17:00,Winter,0,45.299999999999997,105.2,106,
LGS,3/11/2025 18:00,Winter,0,52.399999999999999,105.09999999999999,106,
LGS,3/11/2025 19:00,Winter,0,53,104.90000000000001,106,
LGS,3/11/2025 20:00,Winter,0,52.799999999999997,104.90000000000001,106,
LGS,3/11/2025 21:00,Winter,0,53,104.7,106,
LGS,3/11/2025 22:00,Winter,0,52.600000000000001,105,106,
LGS,3/11/2025 23:00,Winter,0,40.700000000000003,105,106,
LGS,3/12/2025 0:00,Winter,0,27.199999999999999,105,107,
LGS,3/12/2025 1:00,Winter,0,26.399999999999999,105,107,
LGS,3/12/2025 2:00,Winter,0,26.5,104.90000000000001,107,
LGS,3/12/2025 3:00,Winter,0,26.5,104.8,107,
LGS,3/12/2025 4:00,Winter,0,26.5,104.8,107,
LGS,3/12/2025 5:00,Winter,0.20000000000000001,28,104.8,107,
LGS,3/12/2025 6:00,Winter,7.0999999999999996,49.299999999999997,104.90000000000001,107,
LGS,3/12/2025 7:00,Winter,7.2000000000000002,56.799999999999997,106.3,107,
LGS,3/12/2025 8:00,Winter,7.2000000000000002,57,107.2,107,
LGS,3/12/2025 9:00,Winter,7.2000000000000002,57,107.7,107,
LGS,3/12/2025 10:00,Winter,1.3,51.799999999999997,107.8,107,
LGS,3/12/2025 11:00,Winter,0,50.899999999999999,107.09999999999999,107,
LGS,3/12/2025 12:00,Winter,0,51,106.59999999999999,107,
LGS,3/12/2025 13:00,Winter,0,50.899999999999999,106.3,107,
LGS,3/12/2025 14:00,Winter,0,50.899999999999999,106,107,
LGS,3/12/2025 15:00,Winter,0,51.100000000000001,105.90000000000001,107,
LGS,3/12/2025 16:00,Winter,0,51.100000000000001,105.90000000000001,107,
LGS,3/12/2025 17:00,Winter,0,51.299999999999997,105.90000000000001,107,
LGS,3/12/2025 18:00,Winter,0,51.600000000000001,105.8,107,
LGS,3/12/2025 19:00,Winter,0,51,105.8,107,
LGS,3/12/2025 20:00,Winter,0,50.899999999999999,105.7,107,
LGS,3/12/2025 21:00,Winter,0,51.100000000000001,105.8,107,
LGS,3/12/2025 22:00,Winter,0,51.200000000000003,105.90000000000001,107,
LGS,3/12/2025 23:00,Winter,0,51.399999999999999,106.09999999999999,107,
LGS,3/13/2025 0:00,Winter,0,51.100000000000001,106.2,106,
LGS,3/13/2025 1:00,Winter,0,51,106.09999999999999,106,
LGS,3/13/2025 2:00,Winter,0,51.200000000000003,106.09999999999999,106,
LGS,3/13/2025 3:00,Winter,0,51.100000000000001,106.09999999999999,106,
LGS,3/13/2025 4:00,Winter,0,51.100000000000001,106,106,
LGS,3/13/2025 5:00,Winter,0,51.899999999999999,105.90000000000001,106,
LGS,3/13/2025 6:00,Winter,7,66.900000000000006,106.5,106,
LGS,3/13/2025 7:00,Winter,7.0999999999999996,67,107.5,106,
LGS,3/13/2025 8:00,Winter,7.0999999999999996,66.900000000000006,107.40000000000001,106,
LGS,3/13/2025 9:00,Winter,6.9000000000000004,66.900000000000006,107.59999999999999,106,
LGS,3/13/2025 10:00,Winter,0,51.600000000000001,106.2,106,
LGS,3/13/2025 11:00,Winter,0,48.700000000000003,105.7,106,
LGS,3/13/2025 12:00,Winter,0,48.399999999999999,105.59999999999999,106,
LGS,3/13/2025 13:00,Winter,0,48.600000000000001,105.40000000000001,106,
LGS,3/13/2025 14:00,Winter,0,48.100000000000001,105.3,106,
LGS,3/13/2025 15:00,Winter,0,48.600000000000001,105.3,106,
LGS,3/13/2025 16:00,Winter,0,48.100000000000001,105.2,106,
LGS,3/13/2025 17:00,Winter,0,48.799999999999997,105.2,106,
LGS,3/13/2025 18:00,Winter,0,56.399999999999999,105.2,106,
LGS,3/13/2025 19:00,Winter,0,56.700000000000003,105.09999999999999,106,
LGS,3/13/2025 20:00,Winter,0,55.100000000000001,105,106,
LGS,3/13/2025 21:00,Winter,0,55.100000000000001,104.8,106,
LGS,3/13/2025 22:00,Winter,0,50.100000000000001,104.59999999999999,106,
LGS,3/13/2025 23:00,Winter,0,50,104.5,106,
LGS,3/14/2025 0:00,Winter,0,49.700000000000003,104.40000000000001,105,
LGS,3/14/2025 1:00,Winter,0,41.100000000000001,104.2,105,
LGS,3/14/2025 2:00,Winter,0,41,104.2,105,
LGS,3/14/2025 3:00,Winter,0,41.100000000000001,104.09999999999999,105,
LGS,3/14/2025 4:00,Winter,0,44.700000000000003,104.09999999999999,105,
LGS,3/14/2025 5:00,Winter,0.10000000000000001,45.200000000000003,104.09999999999999,105,
LGS,3/14/2025 6:00,Winter,7.0999999999999996,60.200000000000003,104.3,105,
LGS,3/14/2025 7:00,Winter,7.0999999999999996,70.200000000000003,105.90000000000001,105,
LGS,3/14/2025 8:00,Winter,7,79.799999999999997,106.40000000000001,105,
LGS,3/14/2025 9:00,Winter,6.9000000000000004,80.299999999999997,106.59999999999999,105,
LGS,3/14/2025 10:00,Winter,0.40000000000000002,73.299999999999997,106.09999999999999,105,
LGS,3/14/2025 11:00,Winter,0,72.599999999999994,105.3,105,
LGS,3/14/2025 12:00,Winter,0,60.600000000000001,105.2,105,
LGS,3/14/2025 13:00,Winter,0,55.799999999999997,105.09999999999999,105,
LGS,3/14/2025 14:00,Winter,0,55.700000000000003,105.09999999999999,105,
LGS,3/14/2025 15:00,Winter,0,55.700000000000003,105,105,
LGS,3/14/2025 16:00,Winter,0,55.899999999999999,104.90000000000001,105,
LGS,3/14/2025 17:00,Winter,0,56,104.90000000000001,105,
LGS,3/14/2025 18:00,Winter,0,65.599999999999994,104.8,105,
LGS,3/14/2025 19:00,Winter,0,64.900000000000006,104.59999999999999,105,
LGS,3/14/2025 20:00,Winter,0,64.799999999999997,104.40000000000001,105,
LGS,3/14/2025 21:00,Winter,0,55.899999999999999,104.40000000000001,105,
LGS,3/14/2025 22:00,Winter,0,55.100000000000001,104.40000000000001,105,
LGS,3/14/2025 23:00,Winter,0,54.799999999999997,104.3,105,
LGS,3/15/2025 0:00,Winter,0,48.200000000000003,104.3,105,
LGS,3/15/2025 1:00,Winter,0,44.700000000000003,104.2,105,
LGS,3/15/2025 2:00,Winter,0,44.700000000000003,104.2,105,
LGS,3/15/2025 3:00,Winter,0,44.799999999999997,104.2,105,
LGS,3/15/2025 4:00,Winter,0,49.399999999999999,104.2,105,
LGS,3/15/2025 5:00,Winter,0.40000000000000002,50.299999999999997,104.2,105,
LGS,3/15/2025 6:00,Winter,7.0999999999999996,59.5,104.7,105,
LGS,3/15/2025 7:00,Winter,7.0999999999999996,55,106.3,105,
LGS,3/15/2025 8:00,Winter,7.0999999999999996,54.5,106.90000000000001,105,
LGS,3/15/2025 9:00,Winter,7,54.700000000000003,106.90000000000001,105,
LGS,3/15/2025 10:00,Winter,0,47.700000000000003,105.5,105,
LGS,3/15/2025 11:00,Winter,0,50.299999999999997,104.2,105,
LGS,3/15/2025 12:00,Winter,0,50.200000000000003,104,105,
LGS,3/15/2025 13:00,Winter,0,50.200000000000003,103.90000000000001,105,
LGS,3/15/2025 14:00,Winter,0,50.100000000000001,103.7,105,
LGS,3/15/2025 15:00,Winter,0,50,103.5,105,
LGS,3/15/2025 16:00,Winter,0,49.5,103.40000000000001,105,
LGS,3/15/2025 17:00,Winter,0,49.799999999999997,103.3,105,
LGS,3/15/2025 18:00,Winter,0,50.799999999999997,103.09999999999999,105,
LGS,3/15/2025 19:00,Winter,0,60.399999999999999,103.3,105,
LGS,3/15/2025 20:00,Winter,0,60.100000000000001,103.09999999999999,105,
LGS,3/15/2025 21:00,Winter,0,59.600000000000001,103.2,105,
LGS,3/15/2025 22:00,Winter,0,47,103.2,105,
LGS,3/15/2025 23:00,Winter,0,45.799999999999997,103.3,105,
LGS,3/16/2025 0:00,Winter,0,45.299999999999997,103.3,105,
LGS,3/16/2025 1:00,Winter,0,45.399999999999999,103.5,105,
LGS,3/16/2025 2:00,Winter,0,45.399999999999999,103.59999999999999,105,
LGS,3/16/2025 3:00,Winter,0,45.299999999999997,103.59999999999999,105,
LGS,3/16/2025 4:00,Winter,0,45.399999999999999,103.7,105,
LGS,3/16/2025 5:00,Winter,0.5,47.399999999999999,103.7,105,
LGS,3/16/2025 6:00,Winter,7.0999999999999996,51,103.8,105,
LGS,3/16/2025 7:00,Winter,7.0999999999999996,50.700000000000003,105.2,105,
LGS,3/16/2025 8:00,Winter,7.0999999999999996,50.600000000000001,106.3,105,
LGS,3/16/2025 9:00,Winter,7.0999999999999996,50.299999999999997,106.7,105,
LGS,3/16/2025 10:00,Winter,0.40000000000000002,44.799999999999997,106.40000000000001,105,
LGS,3/16/2025 11:00,Winter,0,45.100000000000001,104.7,105,
LGS,3/16/2025 12:00,Winter,0,45.100000000000001,104.2,105,
LGS,3/16/2025 13:00,Winter,0,44.899999999999999,103.90000000000001,105,
LGS,3/16/2025 14:00,Winter,0,46.200000000000003,103.7,105,
LGS,3/16/2025 15:00,Winter,0,46.899999999999999,104.8,105,
LGS,3/16/2025 16:00,Winter,0,45,105,105,
LGS,3/16/2025 17:00,Winter,0,45.5,104.2,105,
LGS,3/16/2025 18:00,Winter,0,46.200000000000003,103.90000000000001,105,
LGS,3/16/2025 19:00,Winter,0,57.399999999999999,103.5,105,
LGS,3/16/2025 20:00,Winter,0,60.299999999999997,103.40000000000001,105,
LGS,3/16/2025 21:00,Winter,0,60.100000000000001,103.09999999999999,105,
LGS,3/16/2025 22:00,Winter,0,60.200000000000003,103,105,
LGS,3/16/2025 23:00,Winter,0,51.5,102.90000000000001,105,
LGS,3/17/2025 0:00,Winter,0,50,102.90000000000001,104,
LGS,3/17/2025 1:00,Winter,0,41.399999999999999,102.7,104,
LGS,3/17/2025 2:00,Winter,0,41.100000000000001,102.7,104,
LGS,3/17/2025 3:00,Winter,0,40.899999999999999,102.7,104,
LGS,3/17/2025 4:00,Winter,0,41.200000000000003,102.59999999999999,104,
LGS,3/17/2025 5:00,Winter,0.40000000000000002,51.200000000000003,102.40000000000001,104,
LGS,3/17/2025 6:00,Winter,7.2000000000000002,70.200000000000003,103.09999999999999,104,
LGS,3/17/2025 7:00,Winter,7.4000000000000004,80.099999999999994,104.3,104,
LGS,3/17/2025 8:00,Winter,7.4000000000000004,71.599999999999994,104.8,104,
LGS,3/17/2025 9:00,Winter,7.4000000000000004,69.599999999999994,105.3,104,
LGS,3/17/2025 10:00,Winter,1.3,64.099999999999994,105.3,104,
LGS,3/17/2025 11:00,Winter,0,52.799999999999997,104.3,104,
LGS,3/17/2025 12:00,Winter,0,52.100000000000001,103.7,104,
LGS,3/17/2025 13:00,Winter,0,51.799999999999997,103.40000000000001,104,
LGS,3/17/2025 14:00,Winter,0,47.700000000000003,103.2,104,
LGS,3/17/2025 15:00,Winter,0,46.100000000000001,103.09999999999999,104,
LGS,3/17/2025 16:00,Winter,0,47,103,104,
LGS,3/17/2025 17:00,Winter,0,47.100000000000001,102.7,104,
LGS,3/17/2025 18:00,Winter,0,47.399999999999999,102.59999999999999,104,
LGS,3/17/2025 19:00,Winter,0,47.299999999999997,102.40000000000001,104,
LGS,3/17/2025 20:00,Winter,0,47,102.09999999999999,104,
LGS,3/17/2025 21:00,Winter,0,46.700000000000003,102.09999999999999,104,
LGS,3/17/2025 22:00,Winter,0,46.5,101.90000000000001,104,
LGS,3/17/2025 23:00,Winter,0,40.899999999999999,101.8,104,
LGS,3/18/2025 0:00,Winter,0,40.600000000000001,101.8,103,
LGS,3/18/2025 1:00,Winter,0,36.5,101.7,103,
LGS,3/18/2025 2:00,Winter,0,35.399999999999999,101.59999999999999,103,
LGS,3/18/2025 3:00,Winter,0,35.600000000000001,101.5,103,
LGS,3/18/2025 4:00,Winter,0,36.299999999999997,101.5,103,
LGS,3/18/2025 5:00,Winter,0.5,56.5,101.59999999999999,103,
LGS,3/18/2025 6:00,Winter,7.0999999999999996,70,102.5,103,
LGS,3/18/2025 7:00,Winter,7.0999999999999996,71,104,103,
LGS,3/18/2025 8:00,Winter,7,70.400000000000006,104.59999999999999,103,
LGS,3/18/2025 9:00,Winter,7,69.799999999999997,104.7,103,
LGS,3/18/2025 10:00,Winter,0.10000000000000001,53.200000000000003,104,103,
LGS,3/18/2025 11:00,Winter,0,46.700000000000003,102.7,103,
LGS,3/18/2025 12:00,Winter,0,46.399999999999999,102.2,103,
LGS,3/18/2025 13:00,Winter,0,41.799999999999997,101.90000000000001,103,
LGS,3/18/2025 14:00,Winter,0,41.5,101.7,103,
LGS,3/18/2025 15:00,Winter,0,41.5,101.59999999999999,103,
LGS,3/18/2025 16:00,Winter,0,41.200000000000003,101.40000000000001,103,
LGS,3/18/2025 17:00,Winter,0,41.600000000000001,101.2,103,
LGS,3/18/2025 18:00,Winter,0,48.299999999999997,101.09999999999999,103,
LGS,3/18/2025 19:00,Winter,0,49.100000000000001,100.8,103,
LGS,3/18/2025 20:00,Winter,0,49.899999999999999,100.59999999999999,103,
LGS,3/18/2025 21:00,Winter,0,50.700000000000003,100.40000000000001,103,
LGS,3/18/2025 22:00,Winter,0,50.600000000000001,100.3,103,
LGS,3/18/2025 23:00,Winter,0,50.299999999999997,100.2,103,
LGS,3/19/2025 0:00,Winter,0,49.899999999999999,100.2,103,
LGS,3/19/2025 1:00,Winter,0,37.600000000000001,100.09999999999999,103,
LGS,3/19/2025 2:00,Winter,0,37.600000000000001,100.09999999999999,103,
LGS,3/19/2025 3:00,Winter,0,37.600000000000001,100.09999999999999,103,
LGS,3/19/2025 4:00,Winter,0,38.200000000000003,100.2,103,
LGS,3/19/2025 5:00,Winter,0.5,52.100000000000001,100.2,103,
LGS,3/19/2025 6:00,Winter,7.2000000000000002,70.5,100.8,103,
LGS,3/19/2025 7:00,Winter,7.4000000000000004,71.200000000000003,102.59999999999999,103,
LGS,3/19/2025 8:00,Winter,7.4000000000000004,70.099999999999994,103.7,103,
LGS,3/19/2025 9:00,Winter,7.4000000000000004,59.5,104.09999999999999,103,
LGS,3/19/2025 10:00,Winter,0.10000000000000001,40.5,104.3,103,
LGS,3/19/2025 11:00,Winter,0,40.200000000000003,103.59999999999999,103,
LGS,3/19/2025 12:00,Winter,0,40.600000000000001,102.90000000000001,103,
LGS,3/19/2025 13:00,Winter,0,40.5,102.59999999999999,103,
LGS,3/19/2025 14:00,Winter,0,40.100000000000001,102.7,103,
LGS,3/19/2025 15:00,Winter,0,40.5,102.59999999999999,103,
LGS,3/19/2025 16:00,Winter,0,40.200000000000003,102.40000000000001,103,
LGS,3/19/2025 17:00,Winter,0,40.399999999999999,102.40000000000001,103,
LGS,3/19/2025 18:00,Winter,0,41.200000000000003,102.2,103,
LGS,3/19/2025 19:00,Winter,0,50,102.2,103,
LGS,3/19/2025 20:00,Winter,0,50.200000000000003,102.09999999999999,103,
LGS,3/19/2025 21:00,Winter,0,50.299999999999997,102.09999999999999,103,
LGS,3/19/2025 22:00,Winter,0,50.100000000000001,102,103,
LGS,3/19/2025 23:00,Winter,0,41.700000000000003,102.09999999999999,103,
LGS,3/20/2025 0:00,Winter,0,40.600000000000001,101.90000000000001,103,
LGS,3/20/2025 1:00,Winter,0,40.5,101.90000000000001,103,
LGS,3/20/2025 2:00,Winter,0,40.299999999999997,101.7,103,
LGS,3/20/2025 3:00,Winter,0,40.299999999999997,101.5,103,
LGS,3/20/2025 4:00,Winter,0,40.700000000000003,101.5,103,
LGS,3/20/2025 5:00,Winter,0,49.799999999999997,101.40000000000001,103,
LGS,3/20/2025 6:00,Winter,6.9000000000000004,61.100000000000001,103,103,
LGS,3/20/2025 7:00,Winter,7,60.200000000000003,104.5,103,
LGS,3/20/2025 8:00,Winter,7.0999999999999996,59.600000000000001,105,103,
LGS,3/20/2025 9:00,Winter,7.0999999999999996,47.299999999999997,105.09999999999999,103,
LGS,3/20/2025 10:00,Winter,2.8999999999999999,42.700000000000003,104.5,103,
LGS,3/20/2025 11:00,Winter,0,39.799999999999997,103.2,103,
LGS,3/20/2025 12:00,Winter,0,39.899999999999999,102.40000000000001,103,
LGS,3/20/2025 13:00,Winter,0,39.899999999999999,102.09999999999999,103,
LGS,3/20/2025 14:00,Winter,0,40,102,103,
LGS,3/20/2025 15:00,Winter,0,40,101.90000000000001,103,
LGS,3/20/2025 16:00,Winter,0,39.899999999999999,101.7,103,
LGS,3/20/2025 17:00,Winter,0,39.899999999999999,101.59999999999999,103,
LGS,3/20/2025 18:00,Winter,0,40.100000000000001,101.59999999999999,103,
LGS,3/20/2025 19:00,Winter,0,39.600000000000001,101.40000000000001,103,
LGS,3/20/2025 20:00,Winter,0,39.899999999999999,101.2,103,
LGS,3/20/2025 21:00,Winter,0,39.700000000000003,101.2,103,
LGS,3/20/2025 22:00,Winter,0,39.899999999999999,101.09999999999999,103,
LGS,3/20/2025 23:00,Winter,0,40,101.09999999999999,103,
LGS,3/21/2025 0:00,Winter,0.29999999999999999,40.299999999999997,101.09999999999999,106,
LGS,3/21/2025 1:00,Winter,7,39.5,101.3,106,
LGS,3/21/2025 2:00,Winter,6.9000000000000004,39.799999999999997,103.09999999999999,106,
LGS,3/21/2025 3:00,Winter,6.9000000000000004,40,104.5,106,
LGS,3/21/2025 4:00,Winter,7,39.899999999999999,105.2,106,
LGS,3/21/2025 5:00,Winter,6.9000000000000004,40.899999999999999,105.7,106,
LGS,3/21/2025 6:00,Winter,6.9000000000000004,58.5,105.90000000000001,106,
LGS,3/21/2025 7:00,Winter,7,58.5,105.59999999999999,106,
LGS,3/21/2025 8:00,Winter,7,58.700000000000003,105.5,106,
LGS,3/21/2025 9:00,Winter,6.9000000000000004,58.5,105.5,106,
LGS,3/21/2025 10:00,Winter,7,58.100000000000001,105.59999999999999,106,
LGS,3/21/2025 11:00,Winter,6.9000000000000004,41.200000000000003,105.7,106,
LGS,3/21/2025 12:00,Winter,6.7999999999999998,40.299999999999997,106.2,106,
LGS,3/21/2025 13:00,Winter,6.9000000000000004,40.200000000000003,106.09999999999999,106,
LGS,3/21/2025 14:00,Winter,6.7999999999999998,40.299999999999997,106.3,106,
LGS,3/21/2025 15:00,Winter,6.7999999999999998,40.200000000000003,106.2,106,
LGS,3/21/2025 16:00,Winter,7.0999999999999996,40.5,106,106,
LGS,3/21/2025 17:00,Winter,7.2000000000000002,41.399999999999999,106.09999999999999,106,
LGS,3/21/2025 18:00,Winter,7.2999999999999998,50.600000000000001,106.2,106,
LGS,3/21/2025 19:00,Winter,7.4000000000000004,51.100000000000001,106.2,106,
LGS,3/21/2025 20:00,Winter,7.4000000000000004,50.799999999999997,106.09999999999999,106,
LGS,3/21/2025 21:00,Winter,7.4000000000000004,51,106,106,
LGS,3/21/2025 22:00,Winter,7.5,50.899999999999999,106.09999999999999,106,
LGS,3/21/2025 23:00,Winter,7.4000000000000004,50.100000000000001,106,106,
LGS,3/22/2025 0:00,Winter,7.5,41.200000000000003,106,106,
LGS,3/22/2025 1:00,Winter,7.5,40.399999999999999,106.09999999999999,106,
LGS,3/22/2025 2:00,Winter,7.4000000000000004,40.5,106.3,106,
LGS,3/22/2025 3:00,Winter,7.5,40.399999999999999,106.2,106,
LGS,3/22/2025 4:00,Winter,7.4000000000000004,40.399999999999999,106.09999999999999,106,
LGS,3/22/2025 5:00,Winter,7.4000000000000004,41.5,106,106,
LGS,3/22/2025 6:00,Winter,7.5,57.899999999999999,105.90000000000001,106,
LGS,3/22/2025 7:00,Winter,7.4000000000000004,57.700000000000003,105.5,106,
LGS,3/22/2025 8:00,Winter,6.9000000000000004,58.100000000000001,105.3,106,
LGS,3/22/2025 9:00,Winter,7,58,105.2,106,
LGS,3/22/2025 10:00,Winter,7,57.899999999999999,105.40000000000001,106,
LGS,3/22/2025 11:00,Winter,6.9000000000000004,58.299999999999997,105.3,106,
LGS,3/22/2025 12:00,Winter,7,58,105.40000000000001,106,
LGS,3/22/2025 13:00,Winter,7.0999999999999996,40.899999999999999,105.40000000000001,106,
LGS,3/22/2025 14:00,Winter,7.0999999999999996,40.100000000000001,105.7,106,
LGS,3/22/2025 15:00,Winter,7.0999999999999996,39.899999999999999,105.90000000000001,106,
LGS,3/22/2025 16:00,Winter,7.0999999999999996,39.899999999999999,106.2,106,
LGS,3/22/2025 17:00,Winter,7.0999999999999996,41.299999999999997,106.2,106,
LGS,3/22/2025 18:00,Winter,7,57.700000000000003,106.2,106,
LGS,3/22/2025 19:00,Winter,7.0999999999999996,58.100000000000001,105.7,106,
LGS,3/22/2025 20:00,Winter,7.2000000000000002,58,105.3,106,
LGS,3/22/2025 21:00,Winter,7.0999999999999996,58.200000000000003,105.09999999999999,106,
LGS,3/22/2025 22:00,Winter,7.0999999999999996,58.299999999999997,105,106,
LGS,3/22/2025 23:00,Winter,7.0999999999999996,57.799999999999997,105.09999999999999,106,
LGS,3/23/2025 0:00,Winter,7.0999999999999996,50,105.09999999999999,106,
LGS,3/23/2025 1:00,Winter,7.0999999999999996,41.299999999999997,105.2,106,
LGS,3/23/2025 2:00,Winter,7,40.799999999999997,105.3,106,
LGS,3/23/2025 3:00,Winter,7.0999999999999996,40.200000000000003,105.5,106,
LGS,3/23/2025 4:00,Winter,7.0999999999999996,40.700000000000003,105.59999999999999,106,
LGS,3/23/2025 5:00,Winter,7,41.600000000000001,105.59999999999999,106,
LGS,3/23/2025 6:00,Winter,7.0999999999999996,59.100000000000001,105.8,106,
LGS,3/23/2025 7:00,Winter,7.0999999999999996,59,105.5,106,
LGS,3/23/2025 8:00,Winter,7,58.299999999999997,105.2,106,
LGS,3/23/2025 9:00,Winter,7,59.299999999999997,105.2,106,
LGS,3/23/2025 10:00,Winter,7,58.700000000000003,105.09999999999999,106,
LGS,3/23/2025 11:00,Winter,7,58.899999999999999,105.2,106,
LGS,3/23/2025 12:00,Winter,7,48.899999999999999,105.2,106,
LGS,3/23/2025 13:00,Winter,7.0999999999999996,48.600000000000001,105.5,106,
LGS,3/23/2025 14:00,Winter,7.0999999999999996,48.5,105.59999999999999,106,
LGS,3/23/2025 15:00,Winter,7.0999999999999996,48.5,105.7,106,
LGS,3/23/2025 16:00,Winter,7.0999999999999996,48.600000000000001,105.8,106,
LGS,3/23/2025 17:00,Winter,7.2000000000000002,49.200000000000003,105.90000000000001,106,
LGS,3/23/2025 18:00,Winter,7.2000000000000002,58.600000000000001,105.90000000000001,106,
LGS,3/23/2025 19:00,Winter,7.0999999999999996,59.200000000000003,105.7,106,
LGS,3/23/2025 20:00,Winter,7.0999999999999996,67.200000000000003,105.40000000000001,106,
LGS,3/23/2025 21:00,Winter,7.0999999999999996,68.400000000000006,104.8,106,
LGS,3/23/2025 22:00,Winter,7.0999999999999996,59.600000000000001,105.2,106,
LGS,3/23/2025 23:00,Winter,7,58.899999999999999,105.40000000000001,106,
LGS,3/24/2025 0:00,Winter,7,58.200000000000003,105.40000000000001,106,
LGS,3/24/2025 1:00,Winter,7.0999999999999996,58.799999999999997,105.59999999999999,106,
LGS,3/24/2025 2:00,Winter,7,59.100000000000001,105.5,106,
LGS,3/24/2025 3:00,Winter,7,59.299999999999997,105.40000000000001,106,
LGS,3/24/2025 4:00,Winter,7,58.600000000000001,105.3,106,
LGS,3/24/2025 5:00,Winter,7,59,105.3,106,
LGS,3/24/2025 6:00,Winter,7,59,105.3,106,
LGS,3/24/2025 7:00,Winter,7,59.299999999999997,105.2,106,
LGS,3/24/2025 8:00,Winter,7,57.600000000000001,105.2,106,
LGS,3/24/2025 9:00,Winter,7,50.299999999999997,105.3,106,
LGS,3/24/2025 10:00,Winter,7,50,105.40000000000001,106,
LGS,3/24/2025 11:00,Winter,7,50.100000000000001,105.5,106,
LGS,3/24/2025 12:00,Winter,7,49.899999999999999,105.5,106,
LGS,3/24/2025 13:00,Winter,7,50.100000000000001,105.5,106,
LGS,3/24/2025 14:00,Winter,7,50.100000000000001,105.5,106,
LGS,3/24/2025 15:00,Winter,7,49.799999999999997,105.59999999999999,106,
LGS,3/24/2025 16:00,Winter,7,50,105.59999999999999,106,
LGS,3/24/2025 17:00,Winter,7.0999999999999996,50.799999999999997,105.59999999999999,106,
LGS,3/24/2025 18:00,Winter,7,67.200000000000003,105.5,106,
LGS,3/24/2025 19:00,Winter,7,67.299999999999997,105.09999999999999,106,
LGS,3/24/2025 20:00,Winter,7.0999999999999996,68.200000000000003,105,106,
LGS,3/24/2025 21:00,Winter,7,68.5,104.90000000000001,106,
LGS,3/24/2025 22:00,Winter,7,68.5,105,106,
LGS,3/24/2025 23:00,Winter,7,61.299999999999997,105,106,
LGS,3/25/2025 0:00,Winter,7,61.600000000000001,105.2,108,
LGS,3/25/2025 1:00,Winter,7,62.299999999999997,105.3,108,
LGS,3/25/2025 2:00,Winter,7,61.600000000000001,105.3,108,
LGS,3/25/2025 3:00,Winter,7,61.600000000000001,105.3,108,
LGS,3/25/2025 4:00,Winter,7,61.799999999999997,105.5,108,
LGS,3/25/2025 5:00,Winter,7,62.200000000000003,105.59999999999999,108,
LGS,3/25/2025 6:00,Winter,6.9000000000000004,69.299999999999997,105.59999999999999,108,
LGS,3/25/2025 7:00,Winter,6.9000000000000004,69.200000000000003,105.59999999999999,108,
LGS,3/25/2025 8:00,Winter,6.7999999999999998,68.299999999999997,105.90000000000001,108,
LGS,3/25/2025 9:00,Winter,7,59.399999999999999,106.3,108,
LGS,3/25/2025 10:00,Winter,7,59.399999999999999,106.8,108,
LGS,3/25/2025 11:00,Winter,7.0999999999999996,59.299999999999997,107.2,108,
LGS,3/25/2025 12:00,Winter,7.0999999999999996,59.200000000000003,107.5,108,
LGS,3/25/2025 13:00,Winter,7.0999999999999996,59.100000000000001,107.7,108,
LGS,3/25/2025 14:00,Winter,7.0999999999999996,58.700000000000003,107.8,108,
LGS,3/25/2025 15:00,Winter,7.0999999999999996,59.200000000000003,107.59999999999999,108,
LGS,3/25/2025 16:00,Winter,7.0999999999999996,59,107.7,108,
LGS,3/25/2025 17:00,Winter,7.0999999999999996,60.200000000000003,107.59999999999999,108,
LGS,3/25/2025 18:00,Winter,7.0999999999999996,60.799999999999997,107.7,108,
LGS,3/25/2025 19:00,Winter,7.0999999999999996,59.899999999999999,107.7,108,
LGS,3/25/2025 20:00,Winter,7.0999999999999996,59.799999999999997,107.59999999999999,108,
LGS,3/25/2025 21:00,Winter,7.0999999999999996,59.799999999999997,107.7,108,
LGS,3/25/2025 22:00,Winter,7.0999999999999996,60.100000000000001,107.8,108,
LGS,3/25/2025 23:00,Winter,7,66.700000000000003,108.09999999999999,108,
LGS,3/26/2025 0:00,Winter,7,67.200000000000003,107.90000000000001,110,
LGS,3/26/2025 1:00,Winter,7,68,107.8,110,
LGS,3/26/2025 2:00,Winter,7,68.099999999999994,107.90000000000001,110,
LGS,3/26/2025 3:00,Winter,7.0999999999999996,67.700000000000003,108,110,
LGS,3/26/2025 4:00,Winter,7,67.799999999999997,108.40000000000001,110,
LGS,3/26/2025 5:00,Winter,7.0999999999999996,67.799999999999997,108.40000000000001,110,
LGS,3/26/2025 6:00,Winter,7.0999999999999996,72.599999999999994,108.40000000000001,110,
LGS,3/26/2025 7:00,Winter,7,73,108.5,110,
LGS,3/26/2025 8:00,Winter,7,73.099999999999994,108.5,110,
LGS,3/26/2025 9:00,Winter,7,72.200000000000003,108.7,110,
LGS,3/26/2025 10:00,Winter,7,73.799999999999997,108.90000000000001,110,
LGS,3/26/2025 11:00,Winter,7,73.900000000000006,109.09999999999999,110,
LGS,3/26/2025 12:00,Winter,7,73.599999999999994,109.5,110,
LGS,3/26/2025 13:00,Winter,7,73.200000000000003,109.7,110,
LGS,3/26/2025 14:00,Winter,6.9000000000000004,73,109.8,110,
LGS,3/26/2025 15:00,Winter,6.9000000000000004,73,110.09999999999999,110,
LGS,3/26/2025 16:00,Winter,6.9000000000000004,72.900000000000006,110.09999999999999,110,
LGS,3/26/2025 17:00,Winter,7,72,110.3,110,
LGS,3/26/2025 18:00,Winter,9,70.599999999999994,110.2,110,
LGS,3/26/2025 19:00,Winter,7,72.900000000000006,110.2,110,
LGS,3/26/2025 20:00,Winter,7.0999999999999996,72.900000000000006,110.3,110,
LGS,3/26/2025 21:00,Winter,7.2000000000000002,73,110.5,110,
LGS,3/26/2025 22:00,Winter,7.2000000000000002,72.599999999999994,110.59999999999999,110,
LGS,3/26/2025 23:00,Winter,7.2999999999999998,72.400000000000006,110.7,110,
LGS,3/27/2025 0:00,Winter,7.4000000000000004,72.099999999999994,110.7,111,
LGS,3/27/2025 1:00,Winter,7.2999999999999998,72.900000000000006,110.7,111,
LGS,3/27/2025 2:00,Winter,7.2999999999999998,72.700000000000003,110.59999999999999,111,
LGS,3/27/2025 3:00,Winter,7.2999999999999998,72.400000000000006,110.59999999999999,111,
LGS,3/27/2025 4:00,Winter,7.2000000000000002,72.799999999999997,110.59999999999999,111,
LGS,3/27/2025 5:00,Winter,7.0999999999999996,73.200000000000003,110.40000000000001,111,
LGS,3/27/2025 6:00,Winter,7.0999999999999996,75,110.09999999999999,111,
LGS,3/27/2025 7:00,Winter,7,75.099999999999994,109.90000000000001,111,
LGS,3/27/2025 8:00,Winter,6.9000000000000004,75,109.8,111,
LGS,3/27/2025 9:00,Winter,7,75.400000000000006,109.8,111,
LGS,3/27/2025 10:00,Winter,7.0999999999999996,74.299999999999997,108.90000000000001,111,
LGS,3/27/2025 11:00,Winter,7.2999999999999998,74.5,109.7,111,
LGS,3/27/2025 12:00,Winter,7.4000000000000004,74,110.2,111,
LGS,3/27/2025 13:00,Winter,7.5,75.099999999999994,110.5,111,
LGS,3/27/2025 14:00,Winter,7.5999999999999996,85.400000000000006,110.40000000000001,111,
LGS,3/27/2025 15:00,Winter,7.7000000000000002,86.200000000000003,110.40000000000001,111,
LGS,3/27/2025 16:00,Winter,7.7000000000000002,87,110.40000000000001,111,
LGS,3/27/2025 17:00,Winter,7.7999999999999998,88.200000000000003,110.5,111,
LGS,3/27/2025 18:00,Winter,7.7999999999999998,89.900000000000006,110.5,111,
LGS,3/27/2025 19:00,Winter,7.7999999999999998,89.799999999999997,110.59999999999999,111,
LGS,3/27/2025 20:00,Winter,7.9000000000000004,89.099999999999994,110.3,111,
LGS,3/27/2025 21:00,Winter,7.9000000000000004,89.5,110.3,111,
LGS,3/27/2025 22:00,Winter,7.9000000000000004,89.400000000000006,110.3,111,
LGS,3/27/2025 23:00,Winter,7.9000000000000004,89.400000000000006,110.5,111,
LGS,3/28/2025 0:00,Winter,7.9000000000000004,89.299999999999997,110.40000000000001,111,Extra spill beginning at 1400 hours was combination of surface and traditional spill likely due to lack of market.
LGS,3/28/2025 1:00,Winter,7.4000000000000004,88.900000000000006,110.40000000000001,111,Extra spill beginning at 1400 hours was combination of surface and traditional spill likely due to lack of market.
LGS,3/28/2025 2:00,Winter,7.2000000000000002,88,110.3,111,Extra spill beginning at 1400 hours was combination of surface and traditional spill likely due to lack of market.
LGS,3/28/2025 3:00,Winter,7.2000000000000002,89.099999999999994,110.3,111,Extra spill beginning at 1400 hours was combination of surface and traditional spill likely due to lack of market.
LGS,3/28/2025 4:00,Winter,7.0999999999999996,88.5,110.3,111,Extra spill beginning at 1400 hours was combination of surface and traditional spill likely due to lack of market.
LGS,3/28/2025 5:00,Winter,7.0999999999999996,88.700000000000003,110.2,111,Extra spill beginning at 1400 hours was combination of surface and traditional spill likely due to lack of market.
LGS,3/28/2025 6:00,Winter,7.2000000000000002,88.700000000000003,110.2,111,Extra spill beginning at 1400 hours was combination of surface and traditional spill likely due to lack of market.
LGS,3/28/2025 7:00,Winter,7.2000000000000002,78.200000000000003,110.2,111,Extra spill beginning at 1400 hours was combination of surface and traditional spill likely due to lack of market.
LGS,3/28/2025 8:00,Winter,7.2999999999999998,76.5,110.2,111,Extra spill beginning at 1400 hours was combination of surface and traditional spill likely due to lack of market.
LGS,3/28/2025 9:00,Winter,7.2999999999999998,76,110.3,111,Extra spill beginning at 1400 hours was combination of surface and traditional spill likely due to lack of market.
LGS,3/28/2025 10:00,Winter,7.4000000000000004,86.299999999999997,110.2,111,Extra spill beginning at 1400 hours was combination of surface and traditional spill likely due to lack of market.
LGS,3/28/2025 11:00,Winter,7.4000000000000004,87.5,110.09999999999999,111,Extra spill beginning at 1400 hours was combination of surface and traditional spill likely due to lack of market.
LGS,3/28/2025 12:00,Winter,7.4000000000000004,89.5,110.09999999999999,111,Extra spill beginning at 1400 hours was combination of surface and traditional spill likely due to lack of market.
LGS,3/28/2025 13:00,Winter,7.2000000000000002,89.200000000000003,109.90000000000001,111,Extra spill beginning at 1400 hours was combination of surface and traditional spill likely due to lack of market.
LGS,3/28/2025 14:00,Winter,9.8000000000000007,88.700000000000003,109.90000000000001,111,Extra spill beginning at 1400 hours was combination of surface and traditional spill likely due to lack of market.
LGS,3/28/2025 15:00,Winter,17.100000000000001,97,110.90000000000001,111,Extra spill beginning at 1400 hours was combination of surface and traditional spill likely due to lack of market.
LGS,3/28/2025 16:00,Winter,17.100000000000001,98.900000000000006,111.2,111,Extra spill beginning at 1400 hours was combination of surface and traditional spill likely due to lack of market.
LGS,3/28/2025 17:00,Winter,17,99.099999999999994,111.09999999999999,111,Extra spill beginning at 1400 hours was combination of surface and traditional spill likely due to lack of market.
LGS,3/28/2025 18:00,Winter,19,99.5,111.09999999999999,111,Extra spill beginning at 1400 hours was combination of surface and traditional spill likely due to lack of market.
LGS,3/28/2025 19:00,Winter,20.199999999999999,101.3,111.09999999999999,111,Extra spill beginning at 1400 hours was combination of surface and traditional spill likely due to lack of market.
LGS,3/28/2025 20:00,Winter,20.100000000000001,101.2,110.90000000000001,111,Extra spill beginning at 1400 hours was combination of surface and traditional spill likely due to lack of market.
LGS,3/28/2025 21:00,Winter,20.100000000000001,101.5,110.8,111,Extra spill beginning at 1400 hours was combination of surface and traditional spill likely due to lack of market.
LGS,3/28/2025 22:00,Winter,20.100000000000001,102,110.8,111,Extra spill beginning at 1400 hours was combination of surface and traditional spill likely due to lack of market.
LGS,3/28/2025 23:00,Winter,20,101.40000000000001,110.7,111,Extra spill beginning at 1400 hours was combination of surface and traditional spill likely due to lack of market.
LGS,3/29/2025 0:00,Winter,20,101.59999999999999,110.59999999999999,111,Spill above planned surface spill all day was combination of surface and traditional spill likely due to lack of market.
LGS,3/29/2025 1:00,Winter,20,100.8,110.59999999999999,111,Spill above planned surface spill all day was combination of surface and traditional spill likely due to lack of market.
LGS,3/29/2025 2:00,Winter,19.899999999999999,100.2,110.5,111,Spill above planned surface spill all day was combination of surface and traditional spill likely due to lack of market.
LGS,3/29/2025 3:00,Winter,19.899999999999999,99.5,110.59999999999999,111,Spill above planned surface spill all day was combination of surface and traditional spill likely due to lack of market.
LGS,3/29/2025 4:00,Winter,19.899999999999999,100.3,110.5,111,Spill above planned surface spill all day was combination of surface and traditional spill likely due to lack of market.
LGS,3/29/2025 5:00,Winter,19.899999999999999,100.5,110.5,111,Spill above planned surface spill all day was combination of surface and traditional spill likely due to lack of market.
LGS,3/29/2025 6:00,Winter,19.899999999999999,100.5,110.5,111,Spill above planned surface spill all day was combination of surface and traditional spill likely due to lack of market.
LGS,3/29/2025 7:00,Winter,20.100000000000001,100.90000000000001,110.40000000000001,111,Spill above planned surface spill all day was combination of surface and traditional spill likely due to lack of market.
LGS,3/29/2025 8:00,Winter,20.100000000000001,100.8,110.40000000000001,111,Spill above planned surface spill all day was combination of surface and traditional spill likely due to lack of market.
LGS,3/29/2025 9:00,Winter,20.100000000000001,100.2,110.3,111,Spill above planned surface spill all day was combination of surface and traditional spill likely due to lack of market.
LGS,3/29/2025 10:00,Winter,20,100,110.40000000000001,111,Spill above planned surface spill all day was combination of surface and traditional spill likely due to lack of market.
LGS,3/29/2025 11:00,Winter,20,99.5,110.59999999999999,111,Spill above planned surface spill all day was combination of surface and traditional spill likely due to lack of market.
LGS,3/29/2025 12:00,Winter,20.199999999999999,100.5,110.5,111,Spill above planned surface spill all day was combination of surface and traditional spill likely due to lack of market.
LGS,3/29/2025 13:00,Winter,20.199999999999999,101,110.59999999999999,111,Spill above planned surface spill all day was combination of surface and traditional spill likely due to lack of market.
LGS,3/29/2025 14:00,Winter,20.199999999999999,101.40000000000001,110.8,111,Spill above planned surface spill all day was combination of surface and traditional spill likely due to lack of market.
LGS,3/29/2025 15:00,Winter,20.199999999999999,101.59999999999999,110.8,111,Spill above planned surface spill all day was combination of surface and traditional spill likely due to lack of market.
LGS,3/29/2025 16:00,Winter,20.199999999999999,100.5,110.8,111,Spill above planned surface spill all day was combination of surface and traditional spill likely due to lack of market.
LGS,3/29/2025 17:00,Winter,19.899999999999999,102.2,110.7,111,Spill above planned surface spill all day was combination of surface and traditional spill likely due to lack of market.
LGS,3/29/2025 18:00,Winter,19.800000000000001,102.09999999999999,110.59999999999999,111,Spill above planned surface spill all day was combination of surface and traditional spill likely due to lack of market.
LGS,3/29/2025 19:00,Winter,19.800000000000001,102.40000000000001,110.40000000000001,111,Spill above planned surface spill all day was combination of surface and traditional spill likely due to lack of market.
LGS,3/29/2025 20:00,Winter,19.800000000000001,102.5,110.40000000000001,111,Spill above planned surface spill all day was combination of surface and traditional spill likely due to lack of market.
LGS,3/29/2025 21:00,Winter,19.800000000000001,102.3,110.40000000000001,111,Spill above planned surface spill all day was combination of surface and traditional spill likely due to lack of market.
LGS,3/29/2025 22:00,Winter,19.800000000000001,102,110.40000000000001,111,Spill above planned surface spill all day was combination of surface and traditional spill likely due to lack of market.
LGS,3/29/2025 23:00,Winter,19.800000000000001,101.40000000000001,110.40000000000001,111,Spill above planned surface spill all day was combination of surface and traditional spill likely due to lack of market.
LGS,3/30/2025 0:00,Winter,19.800000000000001,101.40000000000001,110.3,110,Spill above planned surface spill all day was combination of surface and traditional spill likely due to lack of market.
LGS,3/30/2025 1:00,Winter,19.699999999999999,101.5,110.3,110,Spill above planned surface spill all day was combination of surface and traditional spill likely due to lack of market.
LGS,3/30/2025 2:00,Winter,19.600000000000001,101.8,110.3,110,Spill above planned surface spill all day was combination of surface and traditional spill likely due to lack of market.
LGS,3/30/2025 3:00,Winter,19.600000000000001,103.3,110.2,110,Spill above planned surface spill all day was combination of surface and traditional spill likely due to lack of market.
LGS,3/30/2025 4:00,Winter,19.699999999999999,102.3,110.3,110,Spill above planned surface spill all day was combination of surface and traditional spill likely due to lack of market.
LGS,3/30/2025 5:00,Winter,18.699999999999999,101.3,110.2,110,Spill above planned surface spill all day was combination of surface and traditional spill likely due to lack of market.
LGS,3/30/2025 6:00,Winter,18.100000000000001,100.59999999999999,110.09999999999999,110,Spill above planned surface spill all day was combination of surface and traditional spill likely due to lack of market.
LGS,3/30/2025 7:00,Winter,18.300000000000001,100,110.09999999999999,110,Spill above planned surface spill all day was combination of surface and traditional spill likely due to lack of market.
LGS,3/30/2025 8:00,Winter,18.300000000000001,100.09999999999999,110.3,110,Spill above planned surface spill all day was combination of surface and traditional spill likely due to lack of market.
LGS,3/30/2025 9:00,Winter,18.300000000000001,99.900000000000006,110.3,110,Spill above planned surface spill all day was combination of surface and traditional spill likely due to lack of market.
LGS,3/30/2025 10:00,Winter,18.300000000000001,99.900000000000006,110.40000000000001,110,Spill above planned surface spill all day was combination of surface and traditional spill likely due to lack of market.
LGS,3/30/2025 11:00,Winter,18.5,101.40000000000001,110.5,110,Spill above planned surface spill all day was combination of surface and traditional spill likely due to lack of market.
LGS,3/30/2025 12:00,Winter,17.300000000000001,98.599999999999994,110.59999999999999,110,Spill above planned surface spill all day was combination of surface and traditional spill likely due to lack of market.
LGS,3/30/2025 13:00,Winter,13.6,94.900000000000006,109.90000000000001,110,Spill above planned surface spill all day was combination of surface and traditional spill likely due to lack of market.
LGS,3/30/2025 14:00,Winter,13.5,96,109.8,110,Spill above planned surface spill all day was combination of surface and traditional spill likely due to lack of market.
LGS,3/30/2025 15:00,Winter,13.6,95.900000000000006,110,110,Spill above planned surface spill all day was combination of surface and traditional spill likely due to lack of market.
LGS,3/30/2025 16:00,Winter,13.4,96.700000000000003,109.8,110,Spill above planned surface spill all day was combination of surface and traditional spill likely due to lack of market.
LGS,3/30/2025 17:00,Winter,12,95.299999999999997,109.5,110,Spill above planned surface spill all day was combination of surface and traditional spill likely due to lack of market.
LGS,3/30/2025 18:00,Winter,12.1,95.599999999999994,109.40000000000001,110,Spill above planned surface spill all day was combination of surface and traditional spill likely due to lack of market.
LGS,3/30/2025 19:00,Winter,12.199999999999999,95.700000000000003,109.2,110,Spill above planned surface spill all day was combination of surface and traditional spill likely due to lack of market.
LGS,3/30/2025 20:00,Winter,12.199999999999999,97.099999999999994,109.09999999999999,110,Spill above planned surface spill all day was combination of surface and traditional spill likely due to lack of market.
LGS,3/30/2025 21:00,Winter,12.1,95.599999999999994,109.2,110,Spill above planned surface spill all day was combination of surface and traditional spill likely due to lack of market.
LGS,3/30/2025 22:00,Winter,12.199999999999999,95.299999999999997,109.3,110,Spill above planned surface spill all day was combination of surface and traditional spill likely due to lack of market.
LGS,3/30/2025 23:00,Winter,12.199999999999999,95.400000000000006,109.3,110,Spill above planned surface spill all day was combination of surface and traditional spill likely due to lack of market.
LGS,3/31/2025 0:00,Winter,12.1,95.5,109,108,Spill above planned surface spill through 0800 hours was combination of surface and traditional spill likely due to lack of market.
LGS,3/31/2025 1:00,Winter,12,96.799999999999997,109,108,Spill above planned surface spill through 0800 hours was combination of surface and traditional spill likely due to lack of market.
LGS,3/31/2025 2:00,Winter,12,95.5,108.7,108,Spill above planned surface spill through 0800 hours was combination of surface and traditional spill likely due to lack of market.
LGS,3/31/2025 3:00,Winter,11.800000000000001,95.599999999999994,108.7,108,Spill above planned surface spill through 0800 hours was combination of surface and traditional spill likely due to lack of market.
LGS,3/31/2025 4:00,Winter,11.6,95.599999999999994,108.59999999999999,108,Spill above planned surface spill through 0800 hours was combination of surface and traditional spill likely due to lack of market.
LGS,3/31/2025 5:00,Winter,11.5,95.5,108.3,108,Spill above planned surface spill through 0800 hours was combination of surface and traditional spill likely due to lack of market.
LGS,3/31/2025 6:00,Winter,11.6,95.400000000000006,108.5,108,Spill above planned surface spill through 0800 hours was combination of surface and traditional spill likely due to lack of market.
LGS,3/31/2025 7:00,Winter,9.0999999999999996,93.099999999999994,108.09999999999999,108,Spill above planned surface spill through 0800 hours was combination of surface and traditional spill likely due to lack of market.
LGS,3/31/2025 8:00,Winter,7.2000000000000002,90.900000000000006,107.8,108,Spill above planned surface spill through 0800 hours was combination of surface and traditional spill likely due to lack of market.
LGS,3/31/2025 9:00,Winter,7.2999999999999998,90.700000000000003,107.7,108,Spill above planned surface spill through 0800 hours was combination of surface and traditional spill likely due to lack of market.
LGS,3/31/2025 10:00,Winter,7.2999999999999998,78.400000000000006,107.7,108,Spill above planned surface spill through 0800 hours was combination of surface and traditional spill likely due to lack of market.
LGS,3/31/2025 11:00,Winter,7.0999999999999996,77.400000000000006,107.90000000000001,108,Spill above planned surface spill through 0800 hours was combination of surface and traditional spill likely due to lack of market.
LGS,3/31/2025 12:00,Winter,7,77.099999999999994,107.59999999999999,108,Spill above planned surface spill through 0800 hours was combination of surface and traditional spill likely due to lack of market.
LGS,3/31/2025 13:00,Winter,7.0999999999999996,60.5,107.7,108,Spill above planned surface spill through 0800 hours was combination of surface and traditional spill likely due to lack of market.
LGS,3/31/2025 14:00,Winter,7,59.700000000000003,108.2,108,Spill above planned surface spill through 0800 hours was combination of surface and traditional spill likely due to lack of market.
LGS,3/31/2025 15:00,Winter,7.2000000000000002,60,108.2,108,Spill above planned surface spill through 0800 hours was combination of surface and traditional spill likely due to lack of market.
LGS,3/31/2025 16:00,Winter,7.2999999999999998,60.299999999999997,108.40000000000001,108,Spill above planned surface spill through 0800 hours was combination of surface and traditional spill likely due to lack of market.
LGS,3/31/2025 17:00,Winter,7.0999999999999996,60.5,108.2,108,Spill above planned surface spill through 0800 hours was combination of surface and traditional spill likely due to lack of market.
LGS,3/31/2025 18:00,Winter,7,77.599999999999994,107.90000000000001,108,Spill above planned surface spill through 0800 hours was combination of surface and traditional spill likely due to lack of market.
LGS,3/31/2025 19:00,Winter,7,90.400000000000006,107.5,108,Spill above planned surface spill through 0800 hours was combination of surface and traditional spill likely due to lack of market.
LGS,3/31/2025 20:00,Winter,7.0999999999999996,91,107.3,108,Spill above planned surface spill through 0800 hours was combination of surface and traditional spill likely due to lack of market.
LGS,3/31/2025 21:00,Winter,7,90.900000000000006,107.2,108,Spill above planned surface spill through 0800 hours was combination of surface and traditional spill likely due to lack of market.
LGS,3/31/2025 22:00,Winter,7.0999999999999996,90.400000000000006,107.2,108,Spill above planned surface spill through 0800 hours was combination of surface and traditional spill likely due to lack of market.
LGS,3/31/2025 23:00,Winter,7.2000000000000002,90.099999999999994,107.09999999999999,108,Spill above planned surface spill through 0800 hours was combination of surface and traditional spill likely due to lack of market.
LGS,4/1/2025 0:00,Winter,7.0999999999999996,91.099999999999994,106.90000000000001,107,
LGS,4/1/2025 1:00,Winter,7,90.900000000000006,106.8,107,
LGS,4/1/2025 2:00,Winter,7,90.900000000000006,106.8,107,
LGS,4/1/2025 3:00,Winter,7,90.900000000000006,106.7,107,
LGS,4/1/2025 4:00,Winter,6.9000000000000004,91.099999999999994,106.7,107,
LGS,4/1/2025 5:00,Winter,6.7999999999999998,90.400000000000006,106.7,107,
LGS,4/1/2025 6:00,Winter,7,91.700000000000003,106.8,107,
LGS,4/1/2025 7:00,Winter,7.0999999999999996,91.700000000000003,106.8,107,
LGS,4/1/2025 8:00,Winter,7.2000000000000002,88.900000000000006,106.7,107,
LGS,4/1/2025 9:00,Winter,7.2999999999999998,88.599999999999994,106.90000000000001,107,
LGS,4/1/2025 10:00,Winter,7.2000000000000002,89.200000000000003,107,107,
LGS,4/1/2025 11:00,Winter,7,89.400000000000006,106.90000000000001,107,
LGS,4/1/2025 12:00,Winter,7.2000000000000002,90.700000000000003,106.7,107,
LGS,4/1/2025 13:00,Winter,7.2000000000000002,88.900000000000006,106.7,107,
LGS,4/1/2025 14:00,Winter,8,76,107,107,
LGS,4/1/2025 15:00,Winter,8.0999999999999996,74.299999999999997,107.5,107,
LGS,4/1/2025 16:00,Winter,7.0999999999999996,72.900000000000006,106.8,107,
LGS,4/1/2025 17:00,Winter,7,73.099999999999994,106.7,107,
LGS,4/1/2025 18:00,Winter,6.9000000000000004,80.700000000000003,106.7,107,
LGS,4/1/2025 19:00,Winter,7,81,106.40000000000001,107,
LGS,4/1/2025 20:00,Winter,7,80.599999999999994,106.2,107,
LGS,4/1/2025 21:00,Winter,7,80.799999999999997,106.3,107,
LGS,4/1/2025 22:00,Winter,7,81.299999999999997,106.09999999999999,107,
LGS,4/1/2025 23:00,Winter,6.9000000000000004,90,106,107,
LGS,4/2/2025 0:00,Winter,6.9000000000000004,91.5,105.90000000000001,107,
LGS,4/2/2025 1:00,Winter,7.2000000000000002,72.700000000000003,106.2,107,
LGS,4/2/2025 2:00,Winter,7.0999999999999996,60.200000000000003,106.59999999999999,107,
LGS,4/2/2025 3:00,Winter,6.9000000000000004,61.399999999999999,106.8,107,
LGS,4/2/2025 4:00,Winter,7,70.5,106.90000000000001,107,
LGS,4/2/2025 5:00,Winter,6.9000000000000004,71,106.40000000000001,107,
LGS,4/2/2025 6:00,Winter,7,90,106.09999999999999,107,
LGS,4/2/2025 7:00,Winter,7.0999999999999996,90.900000000000006,105.90000000000001,107,
LGS,4/2/2025 8:00,Winter,7,91.599999999999994,105.8,107,
LGS,4/2/2025 9:00,Winter,7.0999999999999996,72.299999999999997,106.09999999999999,107,
LGS,4/2/2025 10:00,Winter,7,71.299999999999997,106.3,107,
LGS,4/2/2025 11:00,Winter,6.9000000000000004,72.200000000000003,106.3,107,
LGS,4/2/2025 12:00,Winter,7.0999999999999996,62.899999999999999,106.5,107,
LGS,4/2/2025 13:00,Winter,7,60,107.09999999999999,107,
LGS,4/2/2025 14:00,Winter,7,45.399999999999999,106.90000000000001,107,
LGS,4/2/2025 15:00,Winter,7.0999999999999996,43.899999999999999,107.40000000000001,107,
LGS,4/2/2025 16:00,Winter,7,50,107.7,107,
LGS,4/2/2025 17:00,Winter,7.0999999999999996,52,107.2,107,
LGS,4/2/2025 18:00,Winter,7.0999999999999996,72.5,106.90000000000001,107,
LGS,4/2/2025 19:00,Winter,7.2999999999999998,77.5,106.3,107,
LGS,4/2/2025 20:00,Winter,7.5,87.700000000000003,106.09999999999999,107,
LGS,4/2/2025 21:00,Winter,7.4000000000000004,88.400000000000006,106.09999999999999,107,
LGS,4/2/2025 22:00,Winter,7.5,90,106,107,
LGS,4/2/2025 23:00,Winter,7.5,88.799999999999997,106,107,
LMN,3/1/2025 0:00,Winter,0,44.600000000000001,102,106,
LMN,3/1/2025 1:00,Winter,0,44.600000000000001,102,106,
LMN,3/1/2025 2:00,Winter,0,45,102,106,
LMN,3/1/2025 3:00,Winter,0,44.700000000000003,102.09999999999999,106,
LMN,3/1/2025 4:00,Winter,0,44.5,102.09999999999999,106,
LMN,3/1/2025 5:00,Winter,0.40000000000000002,44.700000000000003,102.09999999999999,106,
LMN,3/1/2025 6:00,Winter,8.6999999999999993,53.799999999999997,108.3,106,
LMN,3/1/2025 7:00,Winter,8.5999999999999996,69,110.8,106,
LMN,3/1/2025 8:00,Winter,8.5,69.099999999999994,110.8,106,
LMN,3/1/2025 9:00,Winter,8.3000000000000007,69.5,110.5,106,
LMN,3/1/2025 10:00,Winter,1.3,63,105.59999999999999,106,
LMN,3/1/2025 11:00,Winter,0,60.700000000000003,103.40000000000001,106,
LMN,3/1/2025 12:00,Winter,0,46.600000000000001,103.40000000000001,106,
LMN,3/1/2025 13:00,Winter,0,46,103.2,106,
LMN,3/1/2025 14:00,Winter,0,45.799999999999997,103.09999999999999,106,
LMN,3/1/2025 15:00,Winter,0,46.600000000000001,103.2,106,
LMN,3/1/2025 16:00,Winter,0,46.799999999999997,103.2,106,
LMN,3/1/2025 17:00,Winter,0,54.899999999999999,103.09999999999999,106,
LMN,3/1/2025 18:00,Winter,0,55.299999999999997,103,106,
LMN,3/1/2025 19:00,Winter,0,55.299999999999997,103,106,
LMN,3/1/2025 20:00,Winter,0,55.899999999999999,103.90000000000001,106,
LMN,3/1/2025 21:00,Winter,0,55.299999999999997,103.09999999999999,106,
LMN,3/1/2025 22:00,Winter,0,46.100000000000001,103.09999999999999,106,
LMN,3/1/2025 23:00,Winter,0,45.399999999999999,103.09999999999999,106,
LMN,3/2/2025 0:00,Winter,0,45.100000000000001,103.09999999999999,106,
LMN,3/2/2025 1:00,Winter,0,40.299999999999997,103.09999999999999,106,
LMN,3/2/2025 2:00,Winter,0,39.899999999999999,103.09999999999999,106,
LMN,3/2/2025 3:00,Winter,0,39.899999999999999,102.90000000000001,106,
LMN,3/2/2025 4:00,Winter,0,39.899999999999999,102.90000000000001,106,
LMN,3/2/2025 5:00,Winter,0,40.100000000000001,102.90000000000001,106,
LMN,3/2/2025 6:00,Winter,8.3000000000000007,52.899999999999999,108.5,106,
LMN,3/2/2025 7:00,Winter,8.5999999999999996,53.600000000000001,111.40000000000001,106,
LMN,3/2/2025 8:00,Winter,8.5,53.299999999999997,111.5,106,
LMN,3/2/2025 9:00,Winter,8.5,53.899999999999999,111.5,106,
LMN,3/2/2025 10:00,Winter,0.10000000000000001,52.799999999999997,105.5,106,
LMN,3/2/2025 11:00,Winter,0,41.700000000000003,104.3,106,
LMN,3/2/2025 12:00,Winter,0,41.299999999999997,103.8,106,
LMN,3/2/2025 13:00,Winter,0,41.399999999999999,103.40000000000001,106,
LMN,3/2/2025 14:00,Winter,0,41.299999999999997,103.3,106,
LMN,3/2/2025 15:00,Winter,0,41.5,103.3,106,
LMN,3/2/2025 16:00,Winter,0,41.399999999999999,103.3,106,
LMN,3/2/2025 17:00,Winter,0,42.200000000000003,103.09999999999999,106,
LMN,3/2/2025 18:00,Winter,0,54.5,103.09999999999999,106,
LMN,3/2/2025 19:00,Winter,0,55.600000000000001,102.90000000000001,106,
LMN,3/2/2025 20:00,Winter,0,55.299999999999997,102.90000000000001,106,
LMN,3/2/2025 21:00,Winter,0,55.5,102.8,106,
LMN,3/2/2025 22:00,Winter,0,55.299999999999997,102.8,106,
LMN,3/2/2025 23:00,Winter,0,55,102.8,106,
LMN,3/3/2025 0:00,Winter,0,45.899999999999999,103.8,106,
LMN,3/3/2025 1:00,Winter,0,45.600000000000001,102.7,106,
LMN,3/3/2025 2:00,Winter,0,45.5,102.7,106,
LMN,3/3/2025 3:00,Winter,0,45.700000000000003,102.59999999999999,106,
LMN,3/3/2025 4:00,Winter,0,45.399999999999999,102.59999999999999,106,
LMN,3/3/2025 5:00,Winter,0.10000000000000001,45.899999999999999,102.5,106,
LMN,3/3/2025 6:00,Winter,8.5,54.5,108,106,
LMN,3/3/2025 7:00,Winter,8.5999999999999996,56.899999999999999,110.2,106,
LMN,3/3/2025 8:00,Winter,8.5999999999999996,56.5,110.40000000000001,106,
LMN,3/3/2025 9:00,Winter,8.5999999999999996,53.899999999999999,110.2,106,
LMN,3/3/2025 10:00,Winter,0.10000000000000001,44.600000000000001,106.2,106,
LMN,3/3/2025 11:00,Winter,0,44.600000000000001,104.2,106,
LMN,3/3/2025 12:00,Winter,0,44.399999999999999,103.5,106,
LMN,3/3/2025 13:00,Winter,0,44.200000000000003,103.3,106,
LMN,3/3/2025 14:00,Winter,0,41.5,103.09999999999999,106,
LMN,3/3/2025 15:00,Winter,0,41.600000000000001,103,106,
LMN,3/3/2025 16:00,Winter,0,41.399999999999999,102.8,106,
LMN,3/3/2025 17:00,Winter,0,42.600000000000001,102.7,106,
LMN,3/3/2025 18:00,Winter,0,55.399999999999999,102.5,106,
LMN,3/3/2025 19:00,Winter,0,61,102.7,106,
LMN,3/3/2025 20:00,Winter,0,61.799999999999997,102.5,106,
LMN,3/3/2025 21:00,Winter,0,70,102.40000000000001,106,
LMN,3/3/2025 22:00,Winter,0,70.5,102.3,106,
LMN,3/3/2025 23:00,Winter,0,70.200000000000003,102.3,106,
LMN,3/4/2025 0:00,Winter,0,69.099999999999994,102.09999999999999,106,
LMN,3/4/2025 1:00,Winter,0,51,102.2,106,
LMN,3/4/2025 2:00,Winter,0,45.700000000000003,102.2,106,
LMN,3/4/2025 3:00,Winter,0,45.299999999999997,103.09999999999999,106,
LMN,3/4/2025 4:00,Winter,0,40.799999999999997,102.59999999999999,106,
LMN,3/4/2025 5:00,Winter,0,40.5,102.5,106,
LMN,3/4/2025 6:00,Winter,8.4000000000000004,55.700000000000003,108.2,106,
LMN,3/4/2025 7:00,Winter,8.9000000000000004,65.5,110.3,106,
LMN,3/4/2025 8:00,Winter,9,65.5,110.40000000000001,106,
LMN,3/4/2025 9:00,Winter,8.8000000000000007,65.400000000000006,111.09999999999999,106,
LMN,3/4/2025 10:00,Winter,0,56.600000000000001,105.8,106,
LMN,3/4/2025 11:00,Winter,0,56.299999999999997,104.40000000000001,106,
LMN,3/4/2025 12:00,Winter,0,47,104,106,
LMN,3/4/2025 13:00,Winter,0,45.399999999999999,103.8,106,
LMN,3/4/2025 14:00,Winter,0,45.399999999999999,103.40000000000001,106,
LMN,3/4/2025 15:00,Winter,0,45.200000000000003,103.3,106,
LMN,3/4/2025 16:00,Winter,0,45.399999999999999,103,106,
LMN,3/4/2025 17:00,Winter,0,46.200000000000003,102.90000000000001,106,
LMN,3/4/2025 18:00,Winter,0,54.899999999999999,102.7,106,
LMN,3/4/2025 19:00,Winter,0,55.299999999999997,102.5,106,
LMN,3/4/2025 20:00,Winter,0,55.200000000000003,102.3,106,
LMN,3/4/2025 21:00,Winter,0,54.799999999999997,102.2,106,
LMN,3/4/2025 22:00,Winter,0,45.700000000000003,102.2,106,
LMN,3/4/2025 23:00,Winter,0,45.200000000000003,102.2,106,
LMN,3/5/2025 0:00,Winter,0,45.299999999999997,102.09999999999999,106,
LMN,3/5/2025 1:00,Winter,0,41.100000000000001,102.09999999999999,106,
LMN,3/5/2025 2:00,Winter,0,40.899999999999999,102.09999999999999,106,
LMN,3/5/2025 3:00,Winter,0,40.899999999999999,102.09999999999999,106,
LMN,3/5/2025 4:00,Winter,0,41.299999999999997,102.3,106,
LMN,3/5/2025 5:00,Winter,0,50.600000000000001,102.3,106,
LMN,3/5/2025 6:00,Winter,8.3000000000000007,68.099999999999994,109.3,106,
LMN,3/5/2025 7:00,Winter,8.6999999999999993,70.900000000000006,110.3,106,
LMN,3/5/2025 8:00,Winter,8.5999999999999996,70.700000000000003,110.59999999999999,106,
LMN,3/5/2025 9:00,Winter,8.6999999999999993,71.099999999999994,111.09999999999999,106,
LMN,3/5/2025 10:00,Winter,0.20000000000000001,69.299999999999997,104.90000000000001,106,
LMN,3/5/2025 11:00,Winter,0,59.899999999999999,103.8,106,
LMN,3/5/2025 12:00,Winter,0,59.899999999999999,103.40000000000001,106,
LMN,3/5/2025 13:00,Winter,0,59.899999999999999,103.59999999999999,106,
LMN,3/5/2025 14:00,Winter,0,49,103,106,
LMN,3/5/2025 15:00,Winter,0,49.200000000000003,103.5,106,
LMN,3/5/2025 16:00,Winter,0,50,103.59999999999999,106,
LMN,3/5/2025 17:00,Winter,0,59.700000000000003,103.7,106,
LMN,3/5/2025 18:00,Winter,0,59.899999999999999,103.40000000000001,106,
LMN,3/5/2025 19:00,Winter,0,59.700000000000003,104.5,106,
LMN,3/5/2025 20:00,Winter,0,59.799999999999997,103.3,106,
LMN,3/5/2025 21:00,Winter,0,59.700000000000003,103.3,106,
LMN,3/5/2025 22:00,Winter,0,59,103.3,106,
LMN,3/5/2025 23:00,Winter,0,41.100000000000001,103.5,106,
LMN,3/6/2025 0:00,Winter,0,28.100000000000001,103.40000000000001,106,
LMN,3/6/2025 1:00,Winter,0,13.699999999999999,103.40000000000001,106,
LMN,3/6/2025 2:00,Winter,0,13.300000000000001,103.59999999999999,106,
LMN,3/6/2025 3:00,Winter,0,13.1,103.59999999999999,106,
LMN,3/6/2025 4:00,Winter,0,13.699999999999999,103.59999999999999,106,
LMN,3/6/2025 5:00,Winter,0,26.399999999999999,103.7,106,
LMN,3/6/2025 6:00,Winter,7.7000000000000002,41.100000000000001,105.7,106,
LMN,3/6/2025 7:00,Winter,7.5,57.5,109.7,106,
LMN,3/6/2025 8:00,Winter,7.7000000000000002,39.200000000000003,110.40000000000001,106,
LMN,3/6/2025 9:00,Winter,7.4000000000000004,39.899999999999999,110.40000000000001,106,
LMN,3/6/2025 10:00,Winter,0.10000000000000001,45.100000000000001,105.8,106,
LMN,3/6/2025 11:00,Winter,0,46.799999999999997,104.59999999999999,106,
LMN,3/6/2025 12:00,Winter,0,47.100000000000001,104.40000000000001,106,
LMN,3/6/2025 13:00,Winter,0,47.5,104.3,106,
LMN,3/6/2025 14:00,Winter,0,47.5,104.09999999999999,106,
LMN,3/6/2025 15:00,Winter,0,46.799999999999997,104.09999999999999,106,
LMN,3/6/2025 16:00,Winter,0,48.700000000000003,104,106,
LMN,3/6/2025 17:00,Winter,0,58.399999999999999,104.7,106,
LMN,3/6/2025 18:00,Winter,0,58.200000000000003,103.8,106,
LMN,3/6/2025 19:00,Winter,0,57.700000000000003,103.59999999999999,106,
LMN,3/6/2025 20:00,Winter,0,58,103.5,106,
LMN,3/6/2025 21:00,Winter,0,57.799999999999997,103.3,106,
LMN,3/6/2025 22:00,Winter,0,58.299999999999997,103.3,106,
LMN,3/6/2025 23:00,Winter,0,57.700000000000003,103.2,106,
LMN,3/7/2025 0:00,Winter,0,57.200000000000003,103.09999999999999,106,
LMN,3/7/2025 1:00,Winter,0,51.899999999999999,102.90000000000001,106,
LMN,3/7/2025 2:00,Winter,0,52.399999999999999,102.7,106,
LMN,3/7/2025 3:00,Winter,0,52.600000000000001,102.7,106,
LMN,3/7/2025 4:00,Winter,0,52.399999999999999,102.59999999999999,106,
LMN,3/7/2025 5:00,Winter,0,53.100000000000001,102.5,106,
LMN,3/7/2025 6:00,Winter,5.0999999999999996,67.299999999999997,105.7,106,
LMN,3/7/2025 7:00,Winter,8.1999999999999993,70.900000000000006,109.7,106,
LMN,3/7/2025 8:00,Winter,8.0999999999999996,71.299999999999997,109.8,106,
LMN,3/7/2025 9:00,Winter,8.0999999999999996,70.799999999999997,109.7,106,
LMN,3/7/2025 10:00,Winter,0.10000000000000001,49.700000000000003,105.40000000000001,106,
LMN,3/7/2025 11:00,Winter,0,25.800000000000001,104.2,106,
LMN,3/7/2025 12:00,Winter,0,25.100000000000001,104.2,106,
LMN,3/7/2025 13:00,Winter,0,18.199999999999999,103.59999999999999,106,
LMN,3/7/2025 14:00,Winter,0,18.600000000000001,103.3,106,
LMN,3/7/2025 15:00,Winter,0,18.300000000000001,105.09999999999999,106,
LMN,3/7/2025 16:00,Winter,0,18.600000000000001,103.8,106,
LMN,3/7/2025 17:00,Winter,0,26.399999999999999,103.2,106,
LMN,3/7/2025 18:00,Winter,0,49.700000000000003,102.8,106,
LMN,3/7/2025 19:00,Winter,0,50.600000000000001,102.59999999999999,106,
LMN,3/7/2025 20:00,Winter,0,50.299999999999997,102.5,106,
LMN,3/7/2025 21:00,Winter,0,50.200000000000003,102.5,106,
LMN,3/7/2025 22:00,Winter,0,51.100000000000001,102.3,106,
LMN,3/7/2025 23:00,Winter,0,50.700000000000003,102.09999999999999,106,
LMN,3/8/2025 0:00,Winter,0,51,102,105,
LMN,3/8/2025 1:00,Winter,0,51.799999999999997,102,105,
LMN,3/8/2025 2:00,Winter,0,51,102,105,
LMN,3/8/2025 3:00,Winter,0,51.899999999999999,102,105,
LMN,3/8/2025 4:00,Winter,0,52.5,102,105,
LMN,3/8/2025 5:00,Winter,0.40000000000000002,52.399999999999999,102,105,
LMN,3/8/2025 6:00,Winter,7.7000000000000002,70.5,108.09999999999999,105,
LMN,3/8/2025 7:00,Winter,8,70.900000000000006,109.40000000000001,105,
LMN,3/8/2025 8:00,Winter,7.7999999999999998,68.799999999999997,109.59999999999999,105,
LMN,3/8/2025 9:00,Winter,8,59.799999999999997,109.3,105,
LMN,3/8/2025 10:00,Winter,0.10000000000000001,50.399999999999999,104.90000000000001,105,
LMN,3/8/2025 11:00,Winter,0,50.299999999999997,103.7,105,
LMN,3/8/2025 12:00,Winter,0,49.799999999999997,103.3,105,
LMN,3/8/2025 13:00,Winter,0,28.300000000000001,103.40000000000001,105,
LMN,3/8/2025 14:00,Winter,0,26.399999999999999,103.09999999999999,105,
LMN,3/8/2025 15:00,Winter,0,26.5,103,105,
LMN,3/8/2025 16:00,Winter,0,26.300000000000001,103.09999999999999,105,
LMN,3/8/2025 17:00,Winter,0,27,103.09999999999999,105,
LMN,3/8/2025 18:00,Winter,0,45.399999999999999,103,105,
LMN,3/8/2025 19:00,Winter,0,52.399999999999999,102.7,105,
LMN,3/8/2025 20:00,Winter,0,51.899999999999999,102.5,105,
LMN,3/8/2025 21:00,Winter,0,41.299999999999997,102.40000000000001,105,
LMN,3/8/2025 22:00,Winter,0,40.600000000000001,102.40000000000001,105,
LMN,3/8/2025 23:00,Winter,0,40.399999999999999,102.2,105,
LMN,3/9/2025 0:00,Winter,0,40.399999999999999,102.3,106,
LMN,3/9/2025 1:00,Winter,0,40.5,102.2,106,
LMN,3/9/2025 2:00,Winter,0,40.5,,106,
LMN,3/9/2025 3:00,Winter,0,40.5,102.2,106,
LMN,3/9/2025 4:00,Winter,0,40.399999999999999,102.3,106,
LMN,3/9/2025 5:00,Winter,0.40000000000000002,40.799999999999997,102.3,106,
LMN,3/9/2025 6:00,Winter,8.5,50.700000000000003,108.59999999999999,106,
LMN,3/9/2025 7:00,Winter,8.5,57.799999999999997,110.8,106,
LMN,3/9/2025 8:00,Winter,8.5,57.899999999999999,111.2,106,
LMN,3/9/2025 9:00,Winter,8.5,57.600000000000001,110.90000000000001,106,
LMN,3/9/2025 10:00,Winter,0.29999999999999999,49.200000000000003,106,106,
LMN,3/9/2025 11:00,Winter,0,49.100000000000001,104.3,106,
LMN,3/9/2025 12:00,Winter,0,49.399999999999999,103.59999999999999,106,
LMN,3/9/2025 13:00,Winter,0,49.200000000000003,103.59999999999999,106,
LMN,3/9/2025 14:00,Winter,0,48.799999999999997,103.7,106,
LMN,3/9/2025 15:00,Winter,0,49.299999999999997,103.7,106,
LMN,3/9/2025 16:00,Winter,0,49.299999999999997,103.5,106,
LMN,3/9/2025 17:00,Winter,0,48.899999999999999,103.5,106,
LMN,3/9/2025 18:00,Winter,0,55.799999999999997,103.90000000000001,106,
LMN,3/9/2025 19:00,Winter,0,56.100000000000001,103.40000000000001,106,
LMN,3/9/2025 20:00,Winter,0,55.700000000000003,103.2,106,
LMN,3/9/2025 21:00,Winter,0,55.700000000000003,103.09999999999999,106,
LMN,3/9/2025 22:00,Winter,0,55.600000000000001,103.09999999999999,106,
LMN,3/9/2025 23:00,Winter,0,55.600000000000001,103,106,
LMN,3/10/2025 0:00,Winter,0,55.100000000000001,103,106,
LMN,3/10/2025 1:00,Winter,0,40.799999999999997,103,106,
LMN,3/10/2025 2:00,Winter,0,40.200000000000003,103,106,
LMN,3/10/2025 3:00,Winter,0,40.5,102.8,106,
LMN,3/10/2025 4:00,Winter,0,40.200000000000003,102.7,106,
LMN,3/10/2025 5:00,Winter,0.40000000000000002,40.899999999999999,102.8,106,
LMN,3/10/2025 6:00,Winter,8.5,58,108.59999999999999,106,
LMN,3/10/2025 7:00,Winter,8.5999999999999996,64.700000000000003,110.40000000000001,106,
LMN,3/10/2025 8:00,Winter,8.4000000000000004,65.599999999999994,110.3,106,
LMN,3/10/2025 9:00,Winter,8.4000000000000004,64.799999999999997,110.2,106,
LMN,3/10/2025 10:00,Winter,0,48.600000000000001,105.90000000000001,106,
LMN,3/10/2025 11:00,Winter,0,48.100000000000001,104.2,106,
LMN,3/10/2025 12:00,Winter,0,48,103.8,106,
LMN,3/10/2025 13:00,Winter,0,47.700000000000003,103.8,106,
LMN,3/10/2025 14:00,Winter,0,48.299999999999997,103.7,106,
LMN,3/10/2025 15:00,Winter,0,48.100000000000001,103.90000000000001,106,
LMN,3/10/2025 16:00,Winter,0,48.200000000000003,103.8,106,
LMN,3/10/2025 17:00,Winter,0,48.399999999999999,103.8,106,
LMN,3/10/2025 18:00,Winter,0,48.899999999999999,103.8,106,
LMN,3/10/2025 19:00,Winter,0,48.5,103.7,106,
LMN,3/10/2025 20:00,Winter,0,48.299999999999997,103.8,106,
LMN,3/10/2025 21:00,Winter,0,48,103.8,106,
LMN,3/10/2025 22:00,Winter,0,41.200000000000003,103.7,106,
LMN,3/10/2025 23:00,Winter,0,40.700000000000003,103.7,106,
LMN,3/11/2025 0:00,Winter,0,40.5,103.8,107,
LMN,3/11/2025 1:00,Winter,0,31.100000000000001,103.90000000000001,107,
LMN,3/11/2025 2:00,Winter,0,31,103.90000000000001,107,
LMN,3/11/2025 3:00,Winter,0,31,103.90000000000001,107,
LMN,3/11/2025 4:00,Winter,0,31.199999999999999,103.90000000000001,107,
LMN,3/11/2025 5:00,Winter,0.20000000000000001,41.5,103.90000000000001,107,
LMN,3/11/2025 6:00,Winter,8.1999999999999993,66,110.3,107,
LMN,3/11/2025 7:00,Winter,8.1999999999999993,65.599999999999994,111.40000000000001,107,
LMN,3/11/2025 8:00,Winter,8,64.5,111,107,
LMN,3/11/2025 9:00,Winter,8,56,111.2,107,
LMN,3/11/2025 10:00,Winter,0,48.399999999999999,106.59999999999999,107,
LMN,3/11/2025 11:00,Winter,0,48.399999999999999,105.40000000000001,107,
LMN,3/11/2025 12:00,Winter,0,48.5,105.09999999999999,107,
LMN,3/11/2025 13:00,Winter,0,48.600000000000001,105,107,
LMN,3/11/2025 14:00,Winter,0,48.600000000000001,105.09999999999999,107,
LMN,3/11/2025 15:00,Winter,0,48.399999999999999,105,107,
LMN,3/11/2025 16:00,Winter,0,48.399999999999999,104.90000000000001,107,
LMN,3/11/2025 17:00,Winter,0,48.700000000000003,104.90000000000001,107,
LMN,3/11/2025 18:00,Winter,0,48.600000000000001,104.90000000000001,107,
LMN,3/11/2025 19:00,Winter,0,48.600000000000001,104.8,107,
LMN,3/11/2025 20:00,Winter,0,48.399999999999999,104.8,107,
LMN,3/11/2025 21:00,Winter,0,48.299999999999997,104.90000000000001,107,
LMN,3/11/2025 22:00,Winter,0,48.100000000000001,104.8,107,
LMN,3/11/2025 23:00,Winter,0,40.799999999999997,104.90000000000001,107,
LMN,3/12/2025 0:00,Winter,0,40.200000000000003,104.90000000000001,107,
LMN,3/12/2025 1:00,Winter,0,30,104.8,107,
LMN,3/12/2025 2:00,Winter,0,29.199999999999999,104.90000000000001,107,
LMN,3/12/2025 3:00,Winter,0,29.300000000000001,105,107,
LMN,3/12/2025 4:00,Winter,0,29.300000000000001,105.09999999999999,107,
LMN,3/12/2025 5:00,Winter,0.40000000000000002,29.899999999999999,105.09999999999999,107,
LMN,3/12/2025 6:00,Winter,7.9000000000000004,38.100000000000001,105.40000000000001,107,
LMN,3/12/2025 7:00,Winter,8.0999999999999996,48.700000000000003,111.2,107,
LMN,3/12/2025 8:00,Winter,8.0999999999999996,49,111.7,107,
LMN,3/12/2025 9:00,Winter,8.1999999999999993,49.299999999999997,111.8,107,
LMN,3/12/2025 10:00,Winter,0.10000000000000001,52,107.2,107,
LMN,3/12/2025 11:00,Winter,0,52.600000000000001,106.09999999999999,107,
LMN,3/12/2025 12:00,Winter,0,52.700000000000003,105.8,107,
LMN,3/12/2025 13:00,Winter,0,52.799999999999997,105.8,107,
LMN,3/12/2025 14:00,Winter,0,52.5,105.90000000000001,107,
LMN,3/12/2025 15:00,Winter,0,52.299999999999997,105.8,107,
LMN,3/12/2025 16:00,Winter,0,52.5,105.8,107,
LMN,3/12/2025 17:00,Winter,0,52.799999999999997,105.7,107,
LMN,3/12/2025 18:00,Winter,0,53.100000000000001,105.7,107,
LMN,3/12/2025 19:00,Winter,0,52.5,105.8,107,
LMN,3/12/2025 20:00,Winter,0,52,105.7,107,
LMN,3/12/2025 21:00,Winter,0,52.100000000000001,105.7,107,
LMN,3/12/2025 22:00,Winter,0,52.200000000000003,106,107,
LMN,3/12/2025 23:00,Winter,0,52.100000000000001,106,107,
LMN,3/13/2025 0:00,Winter,0,51.899999999999999,106.2,108,
LMN,3/13/2025 1:00,Winter,0,51.799999999999997,106,108,
LMN,3/13/2025 2:00,Winter,0,52.200000000000003,106.09999999999999,108,
LMN,3/13/2025 3:00,Winter,0,52,105.90000000000001,108,
LMN,3/13/2025 4:00,Winter,0,52.100000000000001,105.90000000000001,108,
LMN,3/13/2025 5:00,Winter,0.40000000000000002,53.299999999999997,105.8,108,
LMN,3/13/2025 6:00,Winter,8.1999999999999993,68.599999999999994,110.90000000000001,108,
LMN,3/13/2025 7:00,Winter,8.3000000000000007,68.599999999999994,111.7,108,
LMN,3/13/2025 8:00,Winter,8.1999999999999993,68.099999999999994,111.3,108,
LMN,3/13/2025 9:00,Winter,8.1999999999999993,68,111.2,108,
LMN,3/13/2025 10:00,Winter,0.20000000000000001,57.799999999999997,107.09999999999999,108,
LMN,3/13/2025 11:00,Winter,0,50,106.3,108,
LMN,3/13/2025 12:00,Winter,0,49.5,105.90000000000001,108,
LMN,3/13/2025 13:00,Winter,0,49.600000000000001,105.59999999999999,108,
LMN,3/13/2025 14:00,Winter,0,49.700000000000003,105.5,108,
LMN,3/13/2025 15:00,Winter,0,49.899999999999999,105.40000000000001,108,
LMN,3/13/2025 16:00,Winter,0,49.5,105.2,108,
LMN,3/13/2025 17:00,Winter,0,49.600000000000001,105.09999999999999,108,
LMN,3/13/2025 18:00,Winter,0,50.299999999999997,104.90000000000001,108,
LMN,3/13/2025 19:00,Winter,0,59.600000000000001,105,108,
LMN,3/13/2025 20:00,Winter,0,59.399999999999999,104.7,108,
LMN,3/13/2025 21:00,Winter,0,59.399999999999999,104.59999999999999,108,
LMN,3/13/2025 22:00,Winter,0,53.200000000000003,104.5,108,
LMN,3/13/2025 23:00,Winter,0,53,104.40000000000001,108,
LMN,3/14/2025 0:00,Winter,0,52.299999999999997,104.40000000000001,107,
LMN,3/14/2025 1:00,Winter,0,41.200000000000003,104.3,107,
LMN,3/14/2025 2:00,Winter,0,40.700000000000003,104.3,107,
LMN,3/14/2025 3:00,Winter,0,41.100000000000001,104.3,107,
LMN,3/14/2025 4:00,Winter,0,45.5,104.3,107,
LMN,3/14/2025 5:00,Winter,0.40000000000000002,46.299999999999997,104.3,107,
LMN,3/14/2025 6:00,Winter,8.0999999999999996,60.5,109.59999999999999,107,
LMN,3/14/2025 7:00,Winter,8.1999999999999993,74.799999999999997,110.8,107,
LMN,3/14/2025 8:00,Winter,8.1999999999999993,80.200000000000003,111,107,
LMN,3/14/2025 9:00,Winter,8,80.299999999999997,111.09999999999999,107,
LMN,3/14/2025 10:00,Winter,0,72.299999999999997,106.2,107,
LMN,3/14/2025 11:00,Winter,0,71.599999999999994,105.40000000000001,107,
LMN,3/14/2025 12:00,Winter,0,61.200000000000003,105.09999999999999,107,
LMN,3/14/2025 13:00,Winter,0,60.799999999999997,104.90000000000001,107,
LMN,3/14/2025 14:00,Winter,0,61,104.8,107,
LMN,3/14/2025 15:00,Winter,0,61,104.90000000000001,107,
LMN,3/14/2025 16:00,Winter,0,61.200000000000003,104.8,107,
LMN,3/14/2025 17:00,Winter,0,61.5,104.8,107,
LMN,3/14/2025 18:00,Winter,0,61.700000000000003,104.90000000000001,107,
LMN,3/14/2025 19:00,Winter,0,61.100000000000001,104.7,107,
LMN,3/14/2025 20:00,Winter,0,60.700000000000003,104.8,107,
LMN,3/14/2025 21:00,Winter,0,60.700000000000003,104.8,107,
LMN,3/14/2025 22:00,Winter,0,60.700000000000003,104.8,107,
LMN,3/14/2025 23:00,Winter,0,55.5,104.59999999999999,107,
LMN,3/15/2025 0:00,Winter,0,45.899999999999999,104.8,107,
LMN,3/15/2025 1:00,Winter,0,45.299999999999997,104.59999999999999,107,
LMN,3/15/2025 2:00,Winter,0,45.5,104.7,107,
LMN,3/15/2025 3:00,Winter,0,45.600000000000001,104.7,107,
LMN,3/15/2025 4:00,Winter,0,45.600000000000001,104.7,107,
LMN,3/15/2025 5:00,Winter,0.29999999999999999,46.100000000000001,104.59999999999999,107,
LMN,3/15/2025 6:00,Winter,8.3000000000000007,55.5,109.5,107,
LMN,3/15/2025 7:00,Winter,8.5,55.299999999999997,110.90000000000001,107,
LMN,3/15/2025 8:00,Winter,8.4000000000000004,55.200000000000003,111,107,
LMN,3/15/2025 9:00,Winter,8.3000000000000007,55.600000000000001,110.8,107,
LMN,3/15/2025 10:00,Winter,0.29999999999999999,47.899999999999999,106.8,107,
LMN,3/15/2025 11:00,Winter,0,55.5,105,107,
LMN,3/15/2025 12:00,Winter,0,55.799999999999997,104.8,107,
LMN,3/15/2025 13:00,Winter,0,55.799999999999997,104.3,107,
LMN,3/15/2025 14:00,Winter,0,55.799999999999997,104,107,
LMN,3/15/2025 15:00,Winter,0,55.799999999999997,103.8,107,
LMN,3/15/2025 16:00,Winter,0,55.299999999999997,103.7,107,
LMN,3/15/2025 17:00,Winter,0,55.600000000000001,103.5,107,
LMN,3/15/2025 18:00,Winter,0,56.200000000000003,103.5,107,
LMN,3/15/2025 19:00,Winter,0,65.900000000000006,103.5,107,
LMN,3/15/2025 20:00,Winter,0,65.799999999999997,103.5,107,
LMN,3/15/2025 21:00,Winter,0,65.700000000000003,103.40000000000001,107,
LMN,3/15/2025 22:00,Winter,0,57,103.5,107,
LMN,3/15/2025 23:00,Winter,0,56.100000000000001,103.59999999999999,107,
LMN,3/16/2025 0:00,Winter,0,55.600000000000001,103.7,107,
LMN,3/16/2025 1:00,Winter,0,55.700000000000003,103.8,107,
LMN,3/16/2025 2:00,Winter,0,55.299999999999997,103.8,107,
LMN,3/16/2025 3:00,Winter,0,46.399999999999999,104.09999999999999,107,
LMN,3/16/2025 4:00,Winter,0,46.100000000000001,104,107,
LMN,3/16/2025 5:00,Winter,0.40000000000000002,45.200000000000003,104,107,
LMN,3/16/2025 6:00,Winter,7.4000000000000004,49.600000000000001,107.5,107,
LMN,3/16/2025 7:00,Winter,7.5,49.299999999999997,109.3,107,
LMN,3/16/2025 8:00,Winter,7.5,49.399999999999999,109.8,107,
LMN,3/16/2025 9:00,Winter,7.5,49.799999999999997,109.7,107,
LMN,3/16/2025 10:00,Winter,7.4000000000000004,57.600000000000001,109.8,107,
LMN,3/16/2025 11:00,Winter,0.5,51.200000000000003,106.7,107,
LMN,3/16/2025 12:00,Winter,0,50.799999999999997,104.90000000000001,107,
LMN,3/16/2025 13:00,Winter,0,50.600000000000001,104.5,107,
LMN,3/16/2025 14:00,Winter,0,50.700000000000003,104.09999999999999,107,
LMN,3/16/2025 15:00,Winter,0,50.700000000000003,103.90000000000001,107,
LMN,3/16/2025 16:00,Winter,0,50.700000000000003,103.8,107,
LMN,3/16/2025 17:00,Winter,0,51.200000000000003,103.7,107,
LMN,3/16/2025 18:00,Winter,0,52.100000000000001,103.59999999999999,107,
LMN,3/16/2025 19:00,Winter,0,56.299999999999997,103.5,107,
LMN,3/16/2025 20:00,Winter,0,61.200000000000003,103.5,107,
LMN,3/16/2025 21:00,Winter,0,59.799999999999997,103.3,107,
LMN,3/16/2025 22:00,Winter,0,58.700000000000003,103.09999999999999,107,
LMN,3/16/2025 23:00,Winter,0,50.799999999999997,103.09999999999999,107,
LMN,3/17/2025 0:00,Winter,0,50.100000000000001,103.09999999999999,105,
LMN,3/17/2025 1:00,Winter,0,41.399999999999999,103,105,
LMN,3/17/2025 2:00,Winter,0,40.799999999999997,102.90000000000001,105,
LMN,3/17/2025 3:00,Winter,0,40.600000000000001,102.90000000000001,105,
LMN,3/17/2025 4:00,Winter,0,40.799999999999997,102.8,105,
LMN,3/17/2025 5:00,Winter,0.10000000000000001,51.100000000000001,102.7,105,
LMN,3/17/2025 6:00,Winter,7.2000000000000002,69.5,107.7,105,
LMN,3/17/2025 7:00,Winter,7.2999999999999998,70.200000000000003,108.40000000000001,105,
LMN,3/17/2025 8:00,Winter,7.5,70.200000000000003,108.7,105,
LMN,3/17/2025 9:00,Winter,7.4000000000000004,69.900000000000006,108.8,105,
LMN,3/17/2025 10:00,Winter,0.10000000000000001,61.899999999999999,104.7,105,
LMN,3/17/2025 11:00,Winter,0,52,103.90000000000001,105,
LMN,3/17/2025 12:00,Winter,0,52.5,103.3,105,
LMN,3/17/2025 13:00,Winter,0,52.200000000000003,102.90000000000001,105,
LMN,3/17/2025 14:00,Winter,0,46.899999999999999,103,105,
LMN,3/17/2025 15:00,Winter,0,46.399999999999999,103,105,
LMN,3/17/2025 16:00,Winter,0,47.600000000000001,102.90000000000001,105,
LMN,3/17/2025 17:00,Winter,0,47.799999999999997,102.8,105,
LMN,3/17/2025 18:00,Winter,0,48,102.59999999999999,105,
LMN,3/17/2025 19:00,Winter,0,47.799999999999997,102.40000000000001,105,
LMN,3/17/2025 20:00,Winter,0,47.600000000000001,102.2,105,
LMN,3/17/2025 21:00,Winter,0,47.399999999999999,102.09999999999999,105,
LMN,3/17/2025 22:00,Winter,0,47.100000000000001,101.90000000000001,105,
LMN,3/17/2025 23:00,Winter,0,41,101.8,105,
LMN,3/18/2025 0:00,Winter,0,40.399999999999999,101.8,104,
LMN,3/18/2025 1:00,Winter,0,35.600000000000001,101.7,104,
LMN,3/18/2025 2:00,Winter,0,35.5,101.8,104,
LMN,3/18/2025 3:00,Winter,0,35.5,101.59999999999999,104,
LMN,3/18/2025 4:00,Winter,0,35.899999999999999,101.5,104,
LMN,3/18/2025 5:00,Winter,0.40000000000000002,50.600000000000001,101.40000000000001,104,
LMN,3/18/2025 6:00,Winter,7.7999999999999998,69.900000000000006,107,104,
LMN,3/18/2025 7:00,Winter,7.7999999999999998,70.099999999999994,107.8,104,
LMN,3/18/2025 8:00,Winter,7.7999999999999998,69.900000000000006,108.09999999999999,104,
LMN,3/18/2025 9:00,Winter,7.7000000000000002,69.099999999999994,108.09999999999999,104,
LMN,3/18/2025 10:00,Winter,0,54.899999999999999,103.59999999999999,104,
LMN,3/18/2025 11:00,Winter,0,47,102.40000000000001,104,
LMN,3/18/2025 12:00,Winter,0,46.700000000000003,102.2,104,
LMN,3/18/2025 13:00,Winter,0,40.399999999999999,101.90000000000001,104,
LMN,3/18/2025 14:00,Winter,0,40.100000000000001,101.5,104,
LMN,3/18/2025 15:00,Winter,0,40,101.3,104,
LMN,3/18/2025 16:00,Winter,0,39.799999999999997,101.3,104,
LMN,3/18/2025 17:00,Winter,0,40.200000000000003,101.2,104,
LMN,3/18/2025 18:00,Winter,0,49.5,100.90000000000001,104,
LMN,3/18/2025 19:00,Winter,0,49.899999999999999,100.7,104,
LMN,3/18/2025 20:00,Winter,0,50.899999999999999,100.5,104,
LMN,3/18/2025 21:00,Winter,0,50.700000000000003,100.3,104,
LMN,3/18/2025 22:00,Winter,0,43.100000000000001,100.3,104,
LMN,3/18/2025 23:00,Winter,0,42.5,100.3,104,
LMN,3/19/2025 0:00,Winter,0,41.899999999999999,100.2,105,
LMN,3/19/2025 1:00,Winter,0,35.399999999999999,100.3,105,
LMN,3/19/2025 2:00,Winter,0,35.200000000000003,100.3,105,
LMN,3/19/2025 3:00,Winter,0,35,100.3,105,
LMN,3/19/2025 4:00,Winter,0,36.100000000000001,100.40000000000001,105,
LMN,3/19/2025 5:00,Winter,0.20000000000000001,51.299999999999997,100.40000000000001,105,
LMN,3/19/2025 6:00,Winter,8.5999999999999996,70,108.59999999999999,105,
LMN,3/19/2025 7:00,Winter,8.6999999999999993,70.5,109.90000000000001,105,
LMN,3/19/2025 8:00,Winter,8.5999999999999996,69.799999999999997,109.8,105,
LMN,3/19/2025 9:00,Winter,8.5,62.899999999999999,110.09999999999999,105,
LMN,3/19/2025 10:00,Winter,0,44.899999999999999,104,105,
LMN,3/19/2025 11:00,Winter,0.10000000000000001,45.399999999999999,102.59999999999999,105,
LMN,3/19/2025 12:00,Winter,0.5,45.700000000000003,102.09999999999999,105,
LMN,3/19/2025 13:00,Winter,0,45.100000000000001,101.90000000000001,105,
LMN,3/19/2025 14:00,Winter,0,44.799999999999997,101.90000000000001,105,
LMN,3/19/2025 15:00,Winter,0,44.799999999999997,102,105,
LMN,3/19/2025 16:00,Winter,0,45,101.90000000000001,105,
LMN,3/19/2025 17:00,Winter,0,45.5,102.09999999999999,105,
LMN,3/19/2025 18:00,Winter,0,45.799999999999997,102.2,105,
LMN,3/19/2025 19:00,Winter,0,46.200000000000003,102.09999999999999,105,
LMN,3/19/2025 20:00,Winter,0,55.700000000000003,102.2,105,
LMN,3/19/2025 21:00,Winter,0,56,102.40000000000001,105,
LMN,3/19/2025 22:00,Winter,0,55.700000000000003,102.5,105,
LMN,3/19/2025 23:00,Winter,0,46.5,102.5,105,
LMN,3/20/2025 0:00,Winter,0,45.5,102.5,105,
LMN,3/20/2025 1:00,Winter,0,45.700000000000003,102.3,105,
LMN,3/20/2025 2:00,Winter,0,45.799999999999997,102,105,
LMN,3/20/2025 3:00,Winter,0,45.899999999999999,102,105,
LMN,3/20/2025 4:00,Winter,0,45.799999999999997,101.90000000000001,105,
LMN,3/20/2025 5:00,Winter,0,46.399999999999999,102,105,
LMN,3/20/2025 6:00,Winter,7.5,59.5,106.2,105,
LMN,3/20/2025 7:00,Winter,8,60.200000000000003,108.8,105,
LMN,3/20/2025 8:00,Winter,7.9000000000000004,59.799999999999997,109.3,105,
LMN,3/20/2025 9:00,Winter,8,50.600000000000001,109.40000000000001,105,
LMN,3/20/2025 10:00,Winter,1.3,43.600000000000001,107.09999999999999,105,
LMN,3/20/2025 11:00,Winter,0,42.600000000000001,103.2,105,
LMN,3/20/2025 12:00,Winter,0,42.5,102.8,105,
LMN,3/20/2025 13:00,Winter,0,42.799999999999997,102.40000000000001,105,
LMN,3/20/2025 14:00,Winter,0,42.5,102.2,105,
LMN,3/20/2025 15:00,Winter,0,42.700000000000003,102.09999999999999,105,
LMN,3/20/2025 16:00,Winter,0,42.799999999999997,102,105,
LMN,3/20/2025 17:00,Winter,0,42.700000000000003,101.90000000000001,105,
LMN,3/20/2025 18:00,Winter,0,42.799999999999997,101.7,105,
LMN,3/20/2025 19:00,Winter,0,42.5,101.7,105,
LMN,3/20/2025 20:00,Winter,0,42.700000000000003,101.59999999999999,105,
LMN,3/20/2025 21:00,Winter,0,42.399999999999999,101.59999999999999,105,
LMN,3/20/2025 22:00,Winter,0,42.600000000000001,101.59999999999999,105,
LMN,3/20/2025 23:00,Winter,0,42.399999999999999,101.59999999999999,105,
LMN,3/21/2025 0:00,Winter,0,41.700000000000003,101.7,110,
LMN,3/21/2025 1:00,Winter,6.9000000000000004,42,104.2,110,
LMN,3/21/2025 2:00,Winter,7.5999999999999996,42.200000000000003,108.2,110,
LMN,3/21/2025 3:00,Winter,7.5999999999999996,42.200000000000003,109.40000000000001,110,
LMN,3/21/2025 4:00,Winter,7.5999999999999996,42.299999999999997,109.7,110,
LMN,3/21/2025 5:00,Winter,7.5,42.899999999999999,109.5,110,
LMN,3/21/2025 6:00,Winter,7.4000000000000004,52,109.3,110,
LMN,3/21/2025 7:00,Winter,7.7000000000000002,52.299999999999997,109.09999999999999,110,
LMN,3/21/2025 8:00,Winter,7.5999999999999996,52.100000000000001,109.40000000000001,110,
LMN,3/21/2025 9:00,Winter,7.7999999999999998,52.399999999999999,109.5,110,
LMN,3/21/2025 10:00,Winter,7.7999999999999998,51.700000000000003,110,110,
LMN,3/21/2025 11:00,Winter,8,43.299999999999997,110.09999999999999,110,
LMN,3/21/2025 12:00,Winter,7.7999999999999998,43,110.09999999999999,110,
LMN,3/21/2025 13:00,Winter,7.7999999999999998,42.799999999999997,109.59999999999999,110,
LMN,3/21/2025 14:00,Winter,7.7999999999999998,42.799999999999997,110,110,
LMN,3/21/2025 15:00,Winter,7.7000000000000002,42.899999999999999,109.59999999999999,110,
LMN,3/21/2025 16:00,Winter,7.7999999999999998,43.100000000000001,109.90000000000001,110,
LMN,3/21/2025 17:00,Winter,7.7000000000000002,43,109.8,110,
LMN,3/21/2025 18:00,Winter,7.7000000000000002,43.899999999999999,109.90000000000001,110,
LMN,3/21/2025 19:00,Winter,7.7999999999999998,52.5,110.09999999999999,110,
LMN,3/21/2025 20:00,Winter,7.7999999999999998,52.399999999999999,109.8,110,
LMN,3/21/2025 21:00,Winter,7.7999999999999998,52.899999999999999,110.09999999999999,110,
LMN,3/21/2025 22:00,Winter,7.7999999999999998,52.799999999999997,109.90000000000001,110,
LMN,3/21/2025 23:00,Winter,7.7000000000000002,52.899999999999999,109.8,110,
LMN,3/22/2025 0:00,Winter,7.7000000000000002,51.799999999999997,109.59999999999999,109,
LMN,3/22/2025 1:00,Winter,7.5,43.299999999999997,109.40000000000001,109,
LMN,3/22/2025 2:00,Winter,7.5,43,109.40000000000001,109,
LMN,3/22/2025 3:00,Winter,7.5,42.899999999999999,109.3,109,
LMN,3/22/2025 4:00,Winter,7.5,43.399999999999999,109,109,
LMN,3/22/2025 5:00,Winter,7.2999999999999998,55.799999999999997,109,109,
LMN,3/22/2025 6:00,Winter,7.2000000000000002,56.899999999999999,108.8,109,
LMN,3/22/2025 7:00,Winter,7.4000000000000004,57,109,109,
LMN,3/22/2025 8:00,Winter,7.2999999999999998,56.5,108.7,109,
LMN,3/22/2025 9:00,Winter,7.4000000000000004,56.100000000000001,108.5,109,
LMN,3/22/2025 10:00,Winter,7.4000000000000004,56.100000000000001,108.8,109,
LMN,3/22/2025 11:00,Winter,7.4000000000000004,56.399999999999999,108.90000000000001,109,
LMN,3/22/2025 12:00,Winter,7.5,56.5,108.90000000000001,109,
LMN,3/22/2025 13:00,Winter,7.5,56.100000000000001,108.90000000000001,109,
LMN,3/22/2025 14:00,Winter,7.2999999999999998,43.899999999999999,108.7,109,
LMN,3/22/2025 15:00,Winter,7.2999999999999998,42.600000000000001,108.90000000000001,109,
LMN,3/22/2025 16:00,Winter,7.2999999999999998,42.700000000000003,108.8,109,
LMN,3/22/2025 17:00,Winter,7.2999999999999998,43.5,108.8,109,
LMN,3/22/2025 18:00,Winter,7.2000000000000002,56.200000000000003,108.8,109,
LMN,3/22/2025 19:00,Winter,7.4000000000000004,56.5,108.59999999999999,109,
LMN,3/22/2025 20:00,Winter,7.2999999999999998,56.399999999999999,108.59999999999999,109,
LMN,3/22/2025 21:00,Winter,7.4000000000000004,56.5,108.09999999999999,109,
LMN,3/22/2025 22:00,Winter,7.4000000000000004,56.299999999999997,108.40000000000001,109,
LMN,3/22/2025 23:00,Winter,7.4000000000000004,56.200000000000003,108.59999999999999,109,
LMN,3/23/2025 0:00,Winter,7.5,55.399999999999999,108.7,110,
LMN,3/23/2025 1:00,Winter,7.5,43.200000000000003,109,110,
LMN,3/23/2025 2:00,Winter,7.4000000000000004,42.899999999999999,109.09999999999999,110,
LMN,3/23/2025 3:00,Winter,7.5,42.5,109,110,
LMN,3/23/2025 4:00,Winter,7.4000000000000004,43,108.7,110,
LMN,3/23/2025 5:00,Winter,7.2999999999999998,51.399999999999999,108.7,110,
LMN,3/23/2025 6:00,Winter,7.2999999999999998,50.100000000000001,108.59999999999999,110,
LMN,3/23/2025 7:00,Winter,7.5,50,108.59999999999999,110,
LMN,3/23/2025 8:00,Winter,7.5,56.899999999999999,108.59999999999999,110,
LMN,3/23/2025 9:00,Winter,7.5999999999999996,57.700000000000003,108.59999999999999,110,
LMN,3/23/2025 10:00,Winter,7.5999999999999996,57.799999999999997,108.8,110,
LMN,3/23/2025 11:00,Winter,7.5999999999999996,57.399999999999999,108.7,110,
LMN,3/23/2025 12:00,Winter,7.7999999999999998,44.899999999999999,109.3,110,
LMN,3/23/2025 13:00,Winter,7.7000000000000002,45.399999999999999,109.5,110,
LMN,3/23/2025 14:00,Winter,7.9000000000000004,44.399999999999999,109.90000000000001,110,
LMN,3/23/2025 15:00,Winter,7.9000000000000004,44.200000000000003,110.09999999999999,110,
LMN,3/23/2025 16:00,Winter,7.9000000000000004,44.299999999999997,109.8,110,
LMN,3/23/2025 17:00,Winter,8,45,109.8,110,
LMN,3/23/2025 18:00,Winter,7.9000000000000004,58,109.8,110,
LMN,3/23/2025 19:00,Winter,8.0999999999999996,59.100000000000001,109.5,110,
LMN,3/23/2025 20:00,Winter,7.9000000000000004,68.099999999999994,109.90000000000001,110,
LMN,3/23/2025 21:00,Winter,8.0999999999999996,68,109.7,110,
LMN,3/23/2025 22:00,Winter,8.0999999999999996,58.700000000000003,110.09999999999999,110,
LMN,3/23/2025 23:00,Winter,8.0999999999999996,58.399999999999999,109.59999999999999,110,
LMN,3/24/2025 0:00,Winter,8.1999999999999993,58.200000000000003,109.7,111,
LMN,3/24/2025 1:00,Winter,8.0999999999999996,58.399999999999999,109.8,111,
LMN,3/24/2025 2:00,Winter,8.1999999999999993,58.399999999999999,109.59999999999999,111,
LMN,3/24/2025 3:00,Winter,8.1999999999999993,58.5,110,111,
LMN,3/24/2025 4:00,Winter,8.1999999999999993,58.399999999999999,110.09999999999999,111,
LMN,3/24/2025 5:00,Winter,8.1999999999999993,58.600000000000001,110.3,111,
LMN,3/24/2025 6:00,Winter,8.1999999999999993,60.600000000000001,110.3,111,
LMN,3/24/2025 7:00,Winter,8.3000000000000007,61.100000000000001,110.40000000000001,111,
LMN,3/24/2025 8:00,Winter,8.1999999999999993,59.799999999999997,110.7,111,
LMN,3/24/2025 9:00,Winter,8.1999999999999993,59.700000000000003,110.40000000000001,111,
LMN,3/24/2025 10:00,Winter,8.1999999999999993,51.100000000000001,110.5,111,
LMN,3/24/2025 11:00,Winter,8.1999999999999993,50.5,110.59999999999999,111,
LMN,3/24/2025 12:00,Winter,8.1999999999999993,50.5,110.59999999999999,111,
LMN,3/24/2025 13:00,Winter,8.1999999999999993,50.700000000000003,110.7,111,
LMN,3/24/2025 14:00,Winter,8.1999999999999993,50.700000000000003,110.90000000000001,111,
LMN,3/24/2025 15:00,Winter,8.1999999999999993,50.5,110.8,111,
LMN,3/24/2025 16:00,Winter,8.1999999999999993,50.600000000000001,110.8,111,
LMN,3/24/2025 17:00,Winter,8.1999999999999993,51.700000000000003,110.8,111,
LMN,3/24/2025 18:00,Winter,8,70.599999999999994,110.2,111,
LMN,3/24/2025 19:00,Winter,8.1999999999999993,70.799999999999997,110.3,111,
LMN,3/24/2025 20:00,Winter,8.0999999999999996,70.5,110.2,111,
LMN,3/24/2025 21:00,Winter,8.0999999999999996,70.299999999999997,110.40000000000001,111,
LMN,3/24/2025 22:00,Winter,8.0999999999999996,70.299999999999997,110.7,111,
LMN,3/24/2025 23:00,Winter,8.1999999999999993,60.799999999999997,110.7,111,
LMN,3/25/2025 0:00,Winter,8.1999999999999993,60.399999999999999,110.90000000000001,112,
LMN,3/25/2025 1:00,Winter,8.1999999999999993,60.899999999999999,110.7,112,
LMN,3/25/2025 2:00,Winter,8.3000000000000007,60.799999999999997,110.8,112,
LMN,3/25/2025 3:00,Winter,8.1999999999999993,60.399999999999999,110.90000000000001,112,
LMN,3/25/2025 4:00,Winter,8.3000000000000007,60.899999999999999,111.2,112,
LMN,3/25/2025 5:00,Winter,8.3000000000000007,61.399999999999999,111.09999999999999,112,
LMN,3/25/2025 6:00,Winter,8.3000000000000007,69,111.09999999999999,112,
LMN,3/25/2025 7:00,Winter,8.4000000000000004,68.799999999999997,111.2,112,
LMN,3/25/2025 8:00,Winter,8.4000000000000004,68.099999999999994,111.2,112,
LMN,3/25/2025 9:00,Winter,8.5,59.899999999999999,110.7,112,
LMN,3/25/2025 10:00,Winter,8.4000000000000004,59.299999999999997,111.59999999999999,112,
LMN,3/25/2025 11:00,Winter,8.5,59.399999999999999,111.5,112,
LMN,3/25/2025 12:00,Winter,8.5,59.899999999999999,112.40000000000001,112,
LMN,3/25/2025 13:00,Winter,8.5,59.5,112.5,112,
LMN,3/25/2025 14:00,Winter,8.5,59.600000000000001,112.5,112,
LMN,3/25/2025 15:00,Winter,8.5,59.299999999999997,112.59999999999999,112,
LMN,3/25/2025 16:00,Winter,8.5,59.600000000000001,112.40000000000001,112,
LMN,3/25/2025 17:00,Winter,8.5,60.799999999999997,112.3,112,
LMN,3/25/2025 18:00,Winter,8.5,61.100000000000001,112.2,112,
LMN,3/25/2025 19:00,Winter,8.5,60.299999999999997,112.2,112,
LMN,3/25/2025 20:00,Winter,8.5,60.899999999999999,112.09999999999999,112,
LMN,3/25/2025 21:00,Winter,8.5999999999999996,59.5,112.90000000000001,112,
LMN,3/25/2025 22:00,Winter,8.5999999999999996,60.299999999999997,112.8,112,
LMN,3/25/2025 23:00,Winter,8.5,70.099999999999994,112.5,112,
LMN,3/26/2025 0:00,Winter,8.5999999999999996,70,112.40000000000001,113,
LMN,3/26/2025 1:00,Winter,8.5,70.099999999999994,112.40000000000001,113,
LMN,3/26/2025 2:00,Winter,8.5,70.700000000000003,112.5,113,
LMN,3/26/2025 3:00,Winter,8.5,70,112.5,113,
LMN,3/26/2025 4:00,Winter,8.5,69.599999999999994,112.40000000000001,113,
LMN,3/26/2025 5:00,Winter,8.5,69.799999999999997,112.59999999999999,113,
LMN,3/26/2025 6:00,Winter,8.5,69.900000000000006,112.59999999999999,113,
LMN,3/26/2025 7:00,Winter,8.5999999999999996,70.5,112.8,113,
LMN,3/26/2025 8:00,Winter,8.5999999999999996,75,112.59999999999999,113,
LMN,3/26/2025 9:00,Winter,8.5999999999999996,74.900000000000006,112.59999999999999,113,
LMN,3/26/2025 10:00,Winter,8.5,75.299999999999997,112.8,113,
LMN,3/26/2025 11:00,Winter,8.5,75.299999999999997,112.90000000000001,113,
LMN,3/26/2025 12:00,Winter,8.5999999999999996,74.700000000000003,113.09999999999999,113,
LMN,3/26/2025 13:00,Winter,8.5999999999999996,74.200000000000003,113.09999999999999,113,
LMN,3/26/2025 14:00,Winter,8.5999999999999996,74.799999999999997,112.5,113,
LMN,3/26/2025 15:00,Winter,8.5,75.200000000000003,112.5,113,
LMN,3/26/2025 16:00,Winter,8.5,75,112.59999999999999,113,
LMN,3/26/2025 17:00,Winter,8.5,74.099999999999994,112.90000000000001,113,
LMN,3/26/2025 18:00,Winter,8.5,75.099999999999994,112.7,113,
LMN,3/26/2025 19:00,Winter,8.5,74.299999999999997,112.90000000000001,113,
LMN,3/26/2025 20:00,Winter,8.5,75.400000000000006,112.90000000000001,113,
LMN,3/26/2025 21:00,Winter,8.5,75.5,113.3,113,
LMN,3/26/2025 22:00,Winter,8.5,74.400000000000006,113.3,113,
LMN,3/26/2025 23:00,Winter,8.5,74.5,113.3,113,
LMN,3/27/2025 0:00,Winter,8.4000000000000004,74.299999999999997,113.5,114,
LMN,3/27/2025 1:00,Winter,8.4000000000000004,75,113.3,114,
LMN,3/27/2025 2:00,Winter,8.4000000000000004,74.599999999999994,113.2,114,
LMN,3/27/2025 3:00,Winter,8.4000000000000004,73.700000000000003,113.2,114,
LMN,3/27/2025 4:00,Winter,8.4000000000000004,74.299999999999997,112.8,114,
LMN,3/27/2025 5:00,Winter,8.4000000000000004,75.200000000000003,112.7,114,
LMN,3/27/2025 6:00,Winter,8.4000000000000004,74.700000000000003,112.7,114,
LMN,3/27/2025 7:00,Winter,8.4000000000000004,75.299999999999997,112.5,114,
LMN,3/27/2025 8:00,Winter,8.5,74.900000000000006,112.5,114,
LMN,3/27/2025 9:00,Winter,8.5,75.299999999999997,112.5,114,
LMN,3/27/2025 10:00,Winter,8.5,74.799999999999997,112.59999999999999,114,
LMN,3/27/2025 11:00,Winter,8.5,74.599999999999994,112.59999999999999,114,
LMN,3/27/2025 12:00,Winter,8.5,73.700000000000003,112.59999999999999,114,
LMN,3/27/2025 13:00,Winter,8.5999999999999996,74.200000000000003,113.40000000000001,114,
LMN,3/27/2025 14:00,Winter,8.5999999999999996,75.099999999999994,113.8,114,
LMN,3/27/2025 15:00,Winter,8.8000000000000007,74.099999999999994,114.09999999999999,114,
LMN,3/27/2025 16:00,Winter,8.9000000000000004,75.400000000000006,114.2,114,
LMN,3/27/2025 17:00,Winter,9,85.200000000000003,114.7,114,
LMN,3/27/2025 18:00,Winter,9.0999999999999996,90.900000000000006,114.3,114,
LMN,3/27/2025 19:00,Winter,9.0999999999999996,91.400000000000006,114.2,114,
LMN,3/27/2025 20:00,Winter,9,96.099999999999994,114.59999999999999,114,
LMN,3/27/2025 21:00,Winter,9,97.400000000000006,113.90000000000001,114,
LMN,3/27/2025 22:00,Winter,8.9000000000000004,96,113.7,114,
LMN,3/27/2025 23:00,Winter,8.9000000000000004,91.099999999999994,113.59999999999999,114,
LMN,3/28/2025 0:00,Winter,8.9000000000000004,91.299999999999997,113.5,114,
LMN,3/28/2025 1:00,Winter,8.9000000000000004,91.400000000000006,113.90000000000001,114,
LMN,3/28/2025 2:00,Winter,8.9000000000000004,90.900000000000006,114.5,114,
LMN,3/28/2025 3:00,Winter,8.8000000000000007,91.400000000000006,114.2,114,
LMN,3/28/2025 4:00,Winter,8.9000000000000004,91,114.3,114,
LMN,3/28/2025 5:00,Winter,8.8000000000000007,91.799999999999997,114.2,114,
LMN,3/28/2025 6:00,Winter,8.8000000000000007,91.299999999999997,114.2,114,
LMN,3/28/2025 7:00,Winter,8.6999999999999993,96.200000000000003,114.2,114,
LMN,3/28/2025 8:00,Winter,8.5,96.700000000000003,114,114,
LMN,3/28/2025 9:00,Winter,8.3000000000000007,96.200000000000003,113.8,114,
LMN,3/28/2025 10:00,Winter,8.0999999999999996,96.400000000000006,113.3,114,
LMN,3/28/2025 11:00,Winter,8.0999999999999996,96.700000000000003,113.2,114,
LMN,3/28/2025 12:00,Winter,8,92.099999999999994,112.2,114,
LMN,3/28/2025 13:00,Winter,8,91.400000000000006,112.3,114,
LMN,3/28/2025 14:00,Winter,8,91.099999999999994,112.59999999999999,114,
LMN,3/28/2025 15:00,Winter,7.9000000000000004,91.599999999999994,112.59999999999999,114,
LMN,3/28/2025 16:00,Winter,8.0999999999999996,91.099999999999994,112.90000000000001,114,
LMN,3/28/2025 17:00,Winter,8.1999999999999993,92.5,113.3,114,
LMN,3/28/2025 18:00,Winter,8.1999999999999993,106.8,113,114,
LMN,3/28/2025 19:00,Winter,8.1999999999999993,107.2,112.7,114,
LMN,3/28/2025 20:00,Winter,8.0999999999999996,107.2,112.3,114,
LMN,3/28/2025 21:00,Winter,8,107.5,112.2,114,
LMN,3/28/2025 22:00,Winter,8,107.40000000000001,112.40000000000001,114,
LMN,3/28/2025 23:00,Winter,8,107.09999999999999,112.5,114,
LMN,3/29/2025 0:00,Winter,7.9000000000000004,107.40000000000001,112,113,
LMN,3/29/2025 1:00,Winter,7.9000000000000004,107.2,111.90000000000001,113,
LMN,3/29/2025 2:00,Winter,7.7999999999999998,107.40000000000001,112.09999999999999,113,
LMN,3/29/2025 3:00,Winter,7.7999999999999998,107.09999999999999,112.2,113,
LMN,3/29/2025 4:00,Winter,7.7000000000000002,107.2,111.7,113,
LMN,3/29/2025 5:00,Winter,7.5999999999999996,107.40000000000001,111.5,113,
LMN,3/29/2025 6:00,Winter,7.5999999999999996,107.5,111.40000000000001,113,
LMN,3/29/2025 7:00,Winter,7.5,107.7,111.3,113,
LMN,3/29/2025 8:00,Winter,7.4000000000000004,107.59999999999999,111.09999999999999,113,
LMN,3/29/2025 9:00,Winter,7.5,96.400000000000006,111.2,113,
LMN,3/29/2025 10:00,Winter,7.5,96.400000000000006,111.2,113,
LMN,3/29/2025 11:00,Winter,7.5999999999999996,96.400000000000006,111.40000000000001,113,
LMN,3/29/2025 12:00,Winter,7.5999999999999996,96.799999999999997,111.40000000000001,113,
LMN,3/29/2025 13:00,Winter,7.7000000000000002,96.5,111.7,113,
LMN,3/29/2025 14:00,Winter,7.7000000000000002,96.900000000000006,111.7,113,
LMN,3/29/2025 15:00,Winter,7.7999999999999998,96.599999999999994,112.2,113,
LMN,3/29/2025 16:00,Winter,7.9000000000000004,96.5,112.5,113,
LMN,3/29/2025 17:00,Winter,7.9000000000000004,97.299999999999997,112.2,113,
LMN,3/29/2025 18:00,Winter,8,98.299999999999997,113.3,113,
LMN,3/29/2025 19:00,Winter,8,106.3,113.40000000000001,113,
LMN,3/29/2025 20:00,Winter,8,106.8,113.2,113,
LMN,3/29/2025 21:00,Winter,8,106.59999999999999,113.2,113,
LMN,3/29/2025 22:00,Winter,7.9000000000000004,106.59999999999999,112.90000000000001,113,
LMN,3/29/2025 23:00,Winter,7.9000000000000004,106.5,112.3,113,
LMN,3/30/2025 0:00,Winter,7.7999999999999998,106.7,112.7,114,Spill above planned surface spill at 2300 hours was combination of surface and traditional spill likely due to lack of market.;
LMN,3/30/2025 1:00,Winter,7.7999999999999998,106.8,113,114,Spill above planned surface spill at 2300 hours was combination of surface and traditional spill likely due to lack of market.;
LMN,3/30/2025 2:00,Winter,7.7999999999999998,106.90000000000001,113,114,Spill above planned surface spill at 2300 hours was combination of surface and traditional spill likely due to lack of market.;
LMN,3/30/2025 3:00,Winter,7.7000000000000002,107,113,114,Spill above planned surface spill at 2300 hours was combination of surface and traditional spill likely due to lack of market.;
LMN,3/30/2025 4:00,Winter,7.7000000000000002,106.90000000000001,112.7,114,Spill above planned surface spill at 2300 hours was combination of surface and traditional spill likely due to lack of market.;
LMN,3/30/2025 5:00,Winter,7.7000000000000002,107.09999999999999,112.8,114,Spill above planned surface spill at 2300 hours was combination of surface and traditional spill likely due to lack of market.;
LMN,3/30/2025 6:00,Winter,7.5999999999999996,106.90000000000001,112.7,114,Spill above planned surface spill at 2300 hours was combination of surface and traditional spill likely due to lack of market.;
LMN,3/30/2025 7:00,Winter,7.5999999999999996,107.09999999999999,112.7,114,Spill above planned surface spill at 2300 hours was combination of surface and traditional spill likely due to lack of market.;
LMN,3/30/2025 8:00,Winter,7.5,107.8,112.09999999999999,114,Spill above planned surface spill at 2300 hours was combination of surface and traditional spill likely due to lack of market.;
LMN,3/30/2025 9:00,Winter,7.5999999999999996,95.200000000000003,112.40000000000001,114,Spill above planned surface spill at 2300 hours was combination of surface and traditional spill likely due to lack of market.;
LMN,3/30/2025 10:00,Winter,7.5999999999999996,93.900000000000006,112.90000000000001,114,Spill above planned surface spill at 2300 hours was combination of surface and traditional spill likely due to lack of market.;
LMN,3/30/2025 11:00,Winter,7.7000000000000002,94.599999999999994,113.2,114,Spill above planned surface spill at 2300 hours was combination of surface and traditional spill likely due to lack of market.;
LMN,3/30/2025 12:00,Winter,7.7999999999999998,93.5,113.59999999999999,114,Spill above planned surface spill at 2300 hours was combination of surface and traditional spill likely due to lack of market.;
LMN,3/30/2025 13:00,Winter,7.9000000000000004,88.400000000000006,113.8,114,Spill above planned surface spill at 2300 hours was combination of surface and traditional spill likely due to lack of market.;
LMN,3/30/2025 14:00,Winter,7.9000000000000004,89,113.8,114,Spill above planned surface spill at 2300 hours was combination of surface and traditional spill likely due to lack of market.;
LMN,3/30/2025 15:00,Winter,8.0999999999999996,88.799999999999997,114.5,114,Spill above planned surface spill at 2300 hours was combination of surface and traditional spill likely due to lack of market.;
LMN,3/30/2025 16:00,Winter,8.0999999999999996,89.299999999999997,113.59999999999999,114,Spill above planned surface spill at 2300 hours was combination of surface and traditional spill likely due to lack of market.;
LMN,3/30/2025 17:00,Winter,8.3000000000000007,89.400000000000006,114.5,114,Spill above planned surface spill at 2300 hours was combination of surface and traditional spill likely due to lack of market.;
LMN,3/30/2025 18:00,Winter,8.3000000000000007,90.099999999999994,114.5,114,Spill above planned surface spill at 2300 hours was combination of surface and traditional spill likely due to lack of market.;
LMN,3/30/2025 19:00,Winter,8.1999999999999993,105.8,114.2,114,Spill above planned surface spill at 2300 hours was combination of surface and traditional spill likely due to lack of market.;
LMN,3/30/2025 20:00,Winter,8.1999999999999993,106.7,113.8,114,Spill above planned surface spill at 2300 hours was combination of surface and traditional spill likely due to lack of market.;
LMN,3/30/2025 21:00,Winter,8.0999999999999996,106,113.7,114,Spill above planned surface spill at 2300 hours was combination of surface and traditional spill likely due to lack of market.;
LMN,3/30/2025 22:00,Winter,8.1999999999999993,94.099999999999994,114.40000000000001,114,Spill above planned surface spill at 2300 hours was combination of surface and traditional spill likely due to lack of market.;
LMN,3/30/2025 23:00,Winter,11.699999999999999,93,115.7,114,Spill above planned surface spill at 2300 hours was combination of surface and traditional spill likely due to lack of market.;
LMN,3/31/2025 0:00,Winter,15.199999999999999,96.5,116.3,115,Spill above planned surface spill through 1000 hours was combination of surface and traditional spill likely due to lack of market.
LMN,3/31/2025 1:00,Winter,14.9,96.099999999999994,115.7,115,Spill above planned surface spill through 1000 hours was combination of surface and traditional spill likely due to lack of market.
LMN,3/31/2025 2:00,Winter,14.9,96.099999999999994,115.7,115,Spill above planned surface spill through 1000 hours was combination of surface and traditional spill likely due to lack of market.
LMN,3/31/2025 3:00,Winter,14.9,96.099999999999994,115.5,115,Spill above planned surface spill through 1000 hours was combination of surface and traditional spill likely due to lack of market.
LMN,3/31/2025 4:00,Winter,14.9,96.200000000000003,115.59999999999999,115,Spill above planned surface spill through 1000 hours was combination of surface and traditional spill likely due to lack of market.
LMN,3/31/2025 5:00,Winter,14.9,96.200000000000003,115.7,115,Spill above planned surface spill through 1000 hours was combination of surface and traditional spill likely due to lack of market.
LMN,3/31/2025 6:00,Winter,14.9,96.200000000000003,115.59999999999999,115,Spill above planned surface spill through 1000 hours was combination of surface and traditional spill likely due to lack of market.
LMN,3/31/2025 7:00,Winter,15,96.299999999999997,115.8,115,Spill above planned surface spill through 1000 hours was combination of surface and traditional spill likely due to lack of market.
LMN,3/31/2025 8:00,Winter,15,96.299999999999997,115.7,115,Spill above planned surface spill through 1000 hours was combination of surface and traditional spill likely due to lack of market.
LMN,3/31/2025 9:00,Winter,15,96.200000000000003,115.7,115,Spill above planned surface spill through 1000 hours was combination of surface and traditional spill likely due to lack of market.
LMN,3/31/2025 10:00,Winter,11.300000000000001,92.5,114.5,115,Spill above planned surface spill through 1000 hours was combination of surface and traditional spill likely due to lack of market.
LMN,3/31/2025 11:00,Winter,8,88.799999999999997,113.3,115,Spill above planned surface spill through 1000 hours was combination of surface and traditional spill likely due to lack of market.
LMN,3/31/2025 12:00,Winter,7.7999999999999998,88.299999999999997,112.8,115,Spill above planned surface spill through 1000 hours was combination of surface and traditional spill likely due to lack of market.
LMN,3/31/2025 13:00,Winter,7.9000000000000004,69.400000000000006,113.40000000000001,115,Spill above planned surface spill through 1000 hours was combination of surface and traditional spill likely due to lack of market.
LMN,3/31/2025 14:00,Winter,7.7000000000000002,56.899999999999999,113.3,115,Spill above planned surface spill through 1000 hours was combination of surface and traditional spill likely due to lack of market.
LMN,3/31/2025 15:00,Winter,7.7999999999999998,55.899999999999999,113.5,115,Spill above planned surface spill through 1000 hours was combination of surface and traditional spill likely due to lack of market.
LMN,3/31/2025 16:00,Winter,7.9000000000000004,56.600000000000001,113.3,115,Spill above planned surface spill through 1000 hours was combination of surface and traditional spill likely due to lack of market.
LMN,3/31/2025 17:00,Winter,7.9000000000000004,56,113.2,115,Spill above planned surface spill through 1000 hours was combination of surface and traditional spill likely due to lack of market.
LMN,3/31/2025 18:00,Winter,7.9000000000000004,69.099999999999994,113.09999999999999,115,Spill above planned surface spill through 1000 hours was combination of surface and traditional spill likely due to lack of market.
LMN,3/31/2025 19:00,Winter,8,84.599999999999994,112.90000000000001,115,Spill above planned surface spill through 1000 hours was combination of surface and traditional spill likely due to lack of market.
LMN,3/31/2025 20:00,Winter,8.0999999999999996,85.700000000000003,113.5,115,Spill above planned surface spill through 1000 hours was combination of surface and traditional spill likely due to lack of market.
LMN,3/31/2025 21:00,Winter,8.1999999999999993,90.5,113.2,115,Spill above planned surface spill through 1000 hours was combination of surface and traditional spill likely due to lack of market.
LMN,3/31/2025 22:00,Winter,8.1999999999999993,90.799999999999997,113.90000000000001,115,Spill above planned surface spill through 1000 hours was combination of surface and traditional spill likely due to lack of market.
LMN,3/31/2025 23:00,Winter,8.1999999999999993,90,113.59999999999999,115,Spill above planned surface spill through 1000 hours was combination of surface and traditional spill likely due to lack of market.
LMN,4/1/2025 0:00,Winter,8.3000000000000007,82.200000000000003,113.09999999999999,113,
LMN,4/1/2025 1:00,Winter,8.4000000000000004,82.5,113.59999999999999,113,
LMN,4/1/2025 2:00,Winter,8.5999999999999996,82.299999999999997,113.7,113,
LMN,4/1/2025 3:00,Winter,8.6999999999999993,81.200000000000003,113.7,113,
LMN,4/1/2025 4:00,Winter,8.8000000000000007,82.799999999999997,113.7,113,
LMN,4/1/2025 5:00,Winter,8.6999999999999993,100.8,113.5,113,
LMN,4/1/2025 6:00,Winter,8.6999999999999993,102.2,113.3,113,
LMN,4/1/2025 7:00,Winter,8.5999999999999996,102.5,113,113,
LMN,4/1/2025 8:00,Winter,8.4000000000000004,105.09999999999999,112.40000000000001,113,
LMN,4/1/2025 9:00,Winter,8.5,90.900000000000006,112.90000000000001,113,
LMN,4/1/2025 10:00,Winter,8.3000000000000007,90.599999999999994,113.09999999999999,113,
LMN,4/1/2025 11:00,Winter,8.4000000000000004,86.299999999999997,113.40000000000001,113,
LMN,4/1/2025 12:00,Winter,8.4000000000000004,86.700000000000003,112.8,113,
LMN,4/1/2025 13:00,Winter,8.5,86,113.40000000000001,113,
LMN,4/1/2025 14:00,Winter,8.5,86.099999999999994,113.3,113,
LMN,4/1/2025 15:00,Winter,8.3000000000000007,87.400000000000006,112.7,113,
LMN,4/1/2025 16:00,Winter,8.1999999999999993,85.900000000000006,112.5,113,
LMN,4/1/2025 17:00,Winter,8,85.5,112.2,113,
LMN,4/1/2025 18:00,Winter,7.9000000000000004,87,111.7,113,
LMN,4/1/2025 19:00,Winter,7.9000000000000004,86.099999999999994,111.7,113,
LMN,4/1/2025 20:00,Winter,7.9000000000000004,84.799999999999997,111.5,113,
LMN,4/1/2025 21:00,Winter,7.7999999999999998,85.099999999999994,112.2,113,
LMN,4/1/2025 22:00,Winter,7.7999999999999998,80.799999999999997,112.2,113,
LMN,4/1/2025 23:00,Winter,7.7000000000000002,90.400000000000006,111.90000000000001,113,
LMN,4/2/2025 0:00,Winter,7.7999999999999998,90.599999999999994,112.2,111,
LMN,4/2/2025 1:00,Winter,7.9000000000000004,80,112.09999999999999,111,
LMN,4/2/2025 2:00,Winter,7.7999999999999998,66.599999999999994,112,111,
LMN,4/2/2025 3:00,Winter,7.7000000000000002,65.900000000000006,111.40000000000001,111,
LMN,4/2/2025 4:00,Winter,7.7000000000000002,66,111.09999999999999,111,
LMN,4/2/2025 5:00,Winter,7.5999999999999996,85.599999999999994,110.8,111,
LMN,4/2/2025 6:00,Winter,7.4000000000000004,92,110.40000000000001,111,
LMN,4/2/2025 7:00,Winter,7.5999999999999996,91.5,110.8,111,
LMN,4/2/2025 8:00,Winter,7.5,90.599999999999994,110.40000000000001,111,
LMN,4/2/2025 9:00,Winter,7.5999999999999996,89.900000000000006,110.3,111,
LMN,4/2/2025 10:00,Winter,7.4000000000000004,73.799999999999997,110.40000000000001,111,
LMN,4/2/2025 11:00,Winter,7.4000000000000004,73.5,110.09999999999999,111,
LMN,4/2/2025 12:00,Winter,7.5,70.599999999999994,110.5,111,
LMN,4/2/2025 13:00,Winter,7.4000000000000004,61,110.7,111,
LMN,4/2/2025 14:00,Winter,7.4000000000000004,56.200000000000003,110.90000000000001,111,
LMN,4/2/2025 15:00,Winter,7.2000000000000002,55.899999999999999,110.90000000000001,111,
LMN,4/2/2025 16:00,Winter,7.0999999999999996,61.700000000000003,110.40000000000001,111,
LMN,4/2/2025 17:00,Winter,7.0999999999999996,60.299999999999997,110.3,111,
LMN,4/2/2025 18:00,Winter,6.9000000000000004,60.399999999999999,110.3,111,
LMN,4/2/2025 19:00,Winter,7.2999999999999998,60.799999999999997,110.5,111,
LMN,4/2/2025 20:00,Winter,7.2999999999999998,74.099999999999994,110.7,111,
LMN,4/2/2025 21:00,Winter,7.5999999999999996,80.299999999999997,110.90000000000001,111,
LMN,4/2/2025 22:00,Winter,7.5999999999999996,80.700000000000003,111.3,111,
LMN,4/2/2025 23:00,Winter,7.7000000000000002,90,111.09999999999999,111,
IHR,3/1/2025 0:00,Winter,0,53.700000000000003,103.7,105,
IHR,3/1/2025 1:00,Winter,0,54,103.7,105,
IHR,3/1/2025 2:00,Winter,0,53,103.5,105,
IHR,3/1/2025 3:00,Winter,0,52.799999999999997,103.8,105,
IHR,3/1/2025 4:00,Winter,0,52.899999999999999,103.40000000000001,105,
IHR,3/1/2025 5:00,Winter,0.69999999999999996,53.799999999999997,103.40000000000001,105,
IHR,3/1/2025 6:00,Winter,8.0999999999999996,70,103.59999999999999,105,
IHR,3/1/2025 7:00,Winter,8.0999999999999996,70.200000000000003,106.8,105,
IHR,3/1/2025 8:00,Winter,8.0999999999999996,70.200000000000003,106.90000000000001,105,
IHR,3/1/2025 9:00,Winter,7.7999999999999998,70.099999999999994,106.90000000000001,105,
IHR,3/1/2025 10:00,Winter,0,62.100000000000001,107.09999999999999,105,
IHR,3/1/2025 11:00,Winter,0,50.899999999999999,104.09999999999999,105,
IHR,3/1/2025 12:00,Winter,0,50.5,104,105,
IHR,3/1/2025 13:00,Winter,0,37.700000000000003,104.09999999999999,105,
IHR,3/1/2025 14:00,Winter,0,37.700000000000003,104.09999999999999,105,
IHR,3/1/2025 15:00,Winter,0,39.200000000000003,104.40000000000001,105,
IHR,3/1/2025 16:00,Winter,0,37.700000000000003,104.3,105,
IHR,3/1/2025 17:00,Winter,0,37.700000000000003,104.40000000000001,105,
IHR,3/1/2025 18:00,Winter,0,37.600000000000001,104.09999999999999,105,
IHR,3/1/2025 19:00,Winter,0,50.399999999999999,104,105,
IHR,3/1/2025 20:00,Winter,0,52.600000000000001,104,105,
IHR,3/1/2025 21:00,Winter,0,52.600000000000001,103.8,105,
IHR,3/1/2025 22:00,Winter,0,52.600000000000001,103.8,105,
IHR,3/1/2025 23:00,Winter,0,52.5,103.8,105,
IHR,3/2/2025 0:00,Winter,0,45.399999999999999,103.7,105,
IHR,3/2/2025 1:00,Winter,0,39.700000000000003,103.7,105,
IHR,3/2/2025 2:00,Winter,0,39.700000000000003,103.7,105,
IHR,3/2/2025 3:00,Winter,0,39.700000000000003,103.7,105,
IHR,3/2/2025 4:00,Winter,0,39.700000000000003,103.7,105,
IHR,3/2/2025 5:00,Winter,0.59999999999999998,40.299999999999997,103.7,105,
IHR,3/2/2025 6:00,Winter,8.8000000000000007,48.799999999999997,103.7,105,
IHR,3/2/2025 7:00,Winter,8.9000000000000004,49,106.8,105,
IHR,3/2/2025 8:00,Winter,9,50.299999999999997,107.59999999999999,105,
IHR,3/2/2025 9:00,Winter,9,48.799999999999997,107.90000000000001,105,
IHR,3/2/2025 10:00,Winter,0.20000000000000001,40.100000000000001,107.7,105,
IHR,3/2/2025 11:00,Winter,0,39.700000000000003,105.8,105,
IHR,3/2/2025 12:00,Winter,0,39.600000000000001,104.2,105,
IHR,3/2/2025 13:00,Winter,0,41.200000000000003,104.09999999999999,105,
IHR,3/2/2025 14:00,Winter,0,39.600000000000001,104.40000000000001,105,
IHR,3/2/2025 15:00,Winter,0,39.700000000000003,104,105,
IHR,3/2/2025 16:00,Winter,0,39.700000000000003,103.90000000000001,105,
IHR,3/2/2025 17:00,Winter,0,40.5,103.7,105,
IHR,3/2/2025 18:00,Winter,0,52.600000000000001,103.7,105,
IHR,3/2/2025 19:00,Winter,0,52.600000000000001,103.5,105,
IHR,3/2/2025 20:00,Winter,0,52.5,103.5,105,
IHR,3/2/2025 21:00,Winter,0,52.5,103.59999999999999,105,
IHR,3/2/2025 22:00,Winter,0,54,103.40000000000001,105,
IHR,3/2/2025 23:00,Winter,0,51.799999999999997,103.3,105,
IHR,3/3/2025 0:00,Winter,0,38.399999999999999,103.3,105,
IHR,3/3/2025 1:00,Winter,0,37.899999999999999,103.2,105,
IHR,3/3/2025 2:00,Winter,0,37.899999999999999,103.2,105,
IHR,3/3/2025 3:00,Winter,0,37.899999999999999,103.2,105,
IHR,3/3/2025 4:00,Winter,0,39.299999999999997,103.2,105,
IHR,3/3/2025 5:00,Winter,0.20000000000000001,38.200000000000003,103.2,105,
IHR,3/3/2025 6:00,Winter,9.8000000000000007,48,103.3,105,
IHR,3/3/2025 7:00,Winter,9.9000000000000004,60.799999999999997,106.7,105,
IHR,3/3/2025 8:00,Winter,9.9000000000000004,61.200000000000003,107.5,105,
IHR,3/3/2025 9:00,Winter,9.8000000000000007,61,107.5,105,
IHR,3/3/2025 10:00,Winter,0.20000000000000001,49.100000000000001,107.40000000000001,105,
IHR,3/3/2025 11:00,Winter,0,48.399999999999999,104.40000000000001,105,
IHR,3/3/2025 12:00,Winter,0,48.5,103.3,105,
IHR,3/3/2025 13:00,Winter,0,47.899999999999999,103.2,105,
IHR,3/3/2025 14:00,Winter,0,38.399999999999999,103.2,105,
IHR,3/3/2025 15:00,Winter,0,37.899999999999999,103.3,105,
IHR,3/3/2025 16:00,Winter,0,38.399999999999999,103.3,105,
IHR,3/3/2025 17:00,Winter,0,50,103.2,105,
IHR,3/3/2025 18:00,Winter,0,50.5,103.09999999999999,105,
IHR,3/3/2025 19:00,Winter,0,61.899999999999999,103,105,
IHR,3/3/2025 20:00,Winter,0,62.200000000000003,102.90000000000001,105,
IHR,3/3/2025 21:00,Winter,0,62.100000000000001,102.90000000000001,105,
IHR,3/3/2025 22:00,Winter,0,62.299999999999997,103,105,
IHR,3/3/2025 23:00,Winter,0,62.100000000000001,102.90000000000001,105,
IHR,3/4/2025 0:00,Winter,0,63.200000000000003,102.90000000000001,105,
IHR,3/4/2025 1:00,Winter,0,53.899999999999999,103,105,
IHR,3/4/2025 2:00,Winter,0,52.399999999999999,103.3,105,
IHR,3/4/2025 3:00,Winter,0,53.899999999999999,103.5,105,
IHR,3/4/2025 4:00,Winter,0,52.600000000000001,103.3,105,
IHR,3/4/2025 5:00,Winter,0.20000000000000001,52.700000000000003,103.09999999999999,105,
IHR,3/4/2025 6:00,Winter,9.1999999999999993,70.599999999999994,103.09999999999999,105,
IHR,3/4/2025 7:00,Winter,9.1999999999999993,71.299999999999997,107,105,
IHR,3/4/2025 8:00,Winter,9.0999999999999996,73.700000000000003,107.2,105,
IHR,3/4/2025 9:00,Winter,8.6999999999999993,61.700000000000003,107.8,105,
IHR,3/4/2025 10:00,Winter,0,54.399999999999999,107.5,105,
IHR,3/4/2025 11:00,Winter,0,52.700000000000003,104.5,105,
IHR,3/4/2025 12:00,Winter,0,52.799999999999997,103.7,105,
IHR,3/4/2025 13:00,Winter,0,52.700000000000003,103.59999999999999,105,
IHR,3/4/2025 14:00,Winter,0,52.700000000000003,103.40000000000001,105,
IHR,3/4/2025 15:00,Winter,0,52.600000000000001,103.3,105,
IHR,3/4/2025 16:00,Winter,0,52.899999999999999,103.3,105,
IHR,3/4/2025 17:00,Winter,0,53,103.5,105,
IHR,3/4/2025 18:00,Winter,0,52.899999999999999,103.3,105,
IHR,3/4/2025 19:00,Winter,0,52.399999999999999,103.3,105,
IHR,3/4/2025 20:00,Winter,0,37.100000000000001,103.2,105,
IHR,3/4/2025 21:00,Winter,0,36.200000000000003,103.09999999999999,105,
IHR,3/4/2025 22:00,Winter,0,35.899999999999999,103,105,
IHR,3/4/2025 23:00,Winter,0,35.700000000000003,103,105,
IHR,3/5/2025 0:00,Winter,0,35.899999999999999,103,105,
IHR,3/5/2025 1:00,Winter,0,36,103,105,
IHR,3/5/2025 2:00,Winter,0,35.899999999999999,103,105,
IHR,3/5/2025 3:00,Winter,0,35.899999999999999,103,105,
IHR,3/5/2025 4:00,Winter,0,37.899999999999999,103.09999999999999,105,
IHR,3/5/2025 5:00,Winter,0.20000000000000001,50,103.09999999999999,105,
IHR,3/5/2025 6:00,Winter,9.5,70.099999999999994,103.09999999999999,105,
IHR,3/5/2025 7:00,Winter,9.6999999999999993,71.200000000000003,106.8,105,
IHR,3/5/2025 8:00,Winter,9.5999999999999996,71.099999999999994,107.2,105,
IHR,3/5/2025 9:00,Winter,9.5,71,107.3,105,
IHR,3/5/2025 10:00,Winter,0.10000000000000001,65.700000000000003,107.3,105,
IHR,3/5/2025 11:00,Winter,0,54.299999999999997,104.5,105,
IHR,3/5/2025 12:00,Winter,0,61.899999999999999,103.90000000000001,105,
IHR,3/5/2025 13:00,Winter,0,63.399999999999999,104,105,
IHR,3/5/2025 14:00,Winter,0,58,103.90000000000001,105,
IHR,3/5/2025 15:00,Winter,0,52.200000000000003,104.59999999999999,105,
IHR,3/5/2025 16:00,Winter,0,52.5,104.3,105,
IHR,3/5/2025 17:00,Winter,0,60.899999999999999,104.2,105,
IHR,3/5/2025 18:00,Winter,0,61.899999999999999,104,105,
IHR,3/5/2025 19:00,Winter,0,62.100000000000001,104.3,105,
IHR,3/5/2025 20:00,Winter,0,63.5,104.09999999999999,105,
IHR,3/5/2025 21:00,Winter,0,53.799999999999997,104.09999999999999,105,
IHR,3/5/2025 22:00,Winter,0,53.600000000000001,104.09999999999999,105,
IHR,3/5/2025 23:00,Winter,0,52,104.2,105,
IHR,3/6/2025 0:00,Winter,0,35.5,104.2,106,
IHR,3/6/2025 1:00,Winter,0,33,104.09999999999999,106,
IHR,3/6/2025 2:00,Winter,0,15.5,104.09999999999999,106,
IHR,3/6/2025 3:00,Winter,0,12.6,103.90000000000001,106,
IHR,3/6/2025 4:00,Winter,0,12.800000000000001,103.8,106,
IHR,3/6/2025 5:00,Winter,0.10000000000000001,23,103.8,106,
IHR,3/6/2025 6:00,Winter,9,43.5,104.3,106,
IHR,3/6/2025 7:00,Winter,9,55.299999999999997,106.8,106,
IHR,3/6/2025 8:00,Winter,9.4000000000000004,44.100000000000001,107.5,106,
IHR,3/6/2025 9:00,Winter,8.6999999999999993,46.799999999999997,107.90000000000001,106,
IHR,3/6/2025 10:00,Winter,0,51.100000000000001,108.09999999999999,106,
IHR,3/6/2025 11:00,Winter,0,51.200000000000003,105.59999999999999,106,
IHR,3/6/2025 12:00,Winter,0,40.799999999999997,104.8,106,
IHR,3/6/2025 13:00,Winter,0,36.600000000000001,104.8,106,
IHR,3/6/2025 14:00,Winter,0,36.200000000000003,104.8,106,
IHR,3/6/2025 15:00,Winter,0,36.200000000000003,104.7,106,
IHR,3/6/2025 16:00,Winter,0,37.5,104.5,106,
IHR,3/6/2025 17:00,Winter,0,51.299999999999997,104.40000000000001,106,
IHR,3/6/2025 18:00,Winter,0,56.100000000000001,104,106,
IHR,3/6/2025 19:00,Winter,0,61.5,103.90000000000001,106,
IHR,3/6/2025 20:00,Winter,0,61.799999999999997,103.7,106,
IHR,3/6/2025 21:00,Winter,0,61.799999999999997,103.7,106,
IHR,3/6/2025 22:00,Winter,0,61.799999999999997,103.59999999999999,106,
IHR,3/6/2025 23:00,Winter,0,62.600000000000001,103.59999999999999,106,
IHR,3/7/2025 0:00,Winter,0,49.899999999999999,104,105,
IHR,3/7/2025 1:00,Winter,0,49.200000000000003,103.7,105,
IHR,3/7/2025 2:00,Winter,0,49.299999999999997,103.5,105,
IHR,3/7/2025 3:00,Winter,0,49.399999999999999,103.40000000000001,105,
IHR,3/7/2025 4:00,Winter,0,49.600000000000001,103.40000000000001,105,
IHR,3/7/2025 5:00,Winter,0.20000000000000001,60.399999999999999,103.40000000000001,105,
IHR,3/7/2025 6:00,Winter,9.0999999999999996,69.700000000000003,103.40000000000001,105,
IHR,3/7/2025 7:00,Winter,9.1999999999999993,70.299999999999997,106.90000000000001,105,
IHR,3/7/2025 8:00,Winter,9.3000000000000007,71.700000000000003,107.5,105,
IHR,3/7/2025 9:00,Winter,9.0999999999999996,69.200000000000003,107.5,105,
IHR,3/7/2025 10:00,Winter,0,52.100000000000001,107.5,105,
IHR,3/7/2025 11:00,Winter,0,39.600000000000001,104.90000000000001,105,
IHR,3/7/2025 12:00,Winter,0,37.399999999999999,104,105,
IHR,3/7/2025 13:00,Winter,0,25.100000000000001,104.3,105,
IHR,3/7/2025 14:00,Winter,0,25.199999999999999,104.5,105,
IHR,3/7/2025 15:00,Winter,0,25.199999999999999,104.09999999999999,105,
IHR,3/7/2025 16:00,Winter,0,23.699999999999999,104.5,105,
IHR,3/7/2025 17:00,Winter,0,23.800000000000001,104.40000000000001,105,
IHR,3/7/2025 18:00,Winter,0,24,103.90000000000001,105,
IHR,3/7/2025 19:00,Winter,0,37.200000000000003,103.40000000000001,105,
IHR,3/7/2025 20:00,Winter,0,36.299999999999997,103.7,105,
IHR,3/7/2025 21:00,Winter,0,36.299999999999997,103.3,105,
IHR,3/7/2025 22:00,Winter,0,36.200000000000003,103.2,105,
IHR,3/7/2025 23:00,Winter,0,36.100000000000001,103.2,105,
IHR,3/8/2025 0:00,Winter,0,36.200000000000003,103.2,106,
IHR,3/8/2025 1:00,Winter,0,36.399999999999999,103.2,106,
IHR,3/8/2025 2:00,Winter,0,36.399999999999999,103.2,106,
IHR,3/8/2025 3:00,Winter,0,36.200000000000003,103.2,106,
IHR,3/8/2025 4:00,Winter,0,36.5,103.2,106,
IHR,3/8/2025 5:00,Winter,0.10000000000000001,48.700000000000003,103.3,106,
IHR,3/8/2025 6:00,Winter,10.6,61.399999999999999,103.3,106,
IHR,3/8/2025 7:00,Winter,10.9,71.299999999999997,107.5,106,
IHR,3/8/2025 8:00,Winter,10.9,71.099999999999994,107.7,106,
IHR,3/8/2025 9:00,Winter,10.699999999999999,70.900000000000006,108,106,
IHR,3/8/2025 10:00,Winter,0.20000000000000001,61.899999999999999,108,106,
IHR,3/8/2025 11:00,Winter,0,59.600000000000001,105.7,106,
IHR,3/8/2025 12:00,Winter,0,49.100000000000001,104.40000000000001,106,
IHR,3/8/2025 13:00,Winter,0,47.5,104.5,106,
IHR,3/8/2025 14:00,Winter,0,47.5,104.3,106,
IHR,3/8/2025 15:00,Winter,0,47.600000000000001,104.3,106,
IHR,3/8/2025 16:00,Winter,0,47.600000000000001,104.2,106,
IHR,3/8/2025 17:00,Winter,0,48.100000000000001,104.09999999999999,106,
IHR,3/8/2025 18:00,Winter,0,47.5,104,106,
IHR,3/8/2025 19:00,Winter,0,48.600000000000001,103.90000000000001,106,
IHR,3/8/2025 20:00,Winter,0,49,103.90000000000001,106,
IHR,3/8/2025 21:00,Winter,0,38.600000000000001,103.8,106,
IHR,3/8/2025 22:00,Winter,0,38.100000000000001,103.8,106,
IHR,3/8/2025 23:00,Winter,0,37.899999999999999,103.90000000000001,106,
IHR,3/9/2025 0:00,Winter,0,37.899999999999999,103.90000000000001,106,
IHR,3/9/2025 1:00,Winter,0,38,103.90000000000001,106,
IHR,3/9/2025 2:00,Winter,0,38,,106,
IHR,3/9/2025 3:00,Winter,0,38,104,106,
IHR,3/9/2025 4:00,Winter,0,37.799999999999997,104.2,106,
IHR,3/9/2025 5:00,Winter,0.20000000000000001,37.899999999999999,104.2,106,
IHR,3/9/2025 6:00,Winter,9.3000000000000007,47.299999999999997,104.09999999999999,106,
IHR,3/9/2025 7:00,Winter,9.4000000000000004,58.299999999999997,107.3,106,
IHR,3/9/2025 8:00,Winter,9.4000000000000004,61.399999999999999,108.09999999999999,106,
IHR,3/9/2025 9:00,Winter,9.3000000000000007,61.5,108.09999999999999,106,
IHR,3/9/2025 10:00,Winter,0.10000000000000001,52.299999999999997,108.3,106,
IHR,3/9/2025 11:00,Winter,0,52.299999999999997,105.5,106,
IHR,3/9/2025 12:00,Winter,0,52.299999999999997,104.90000000000001,106,
IHR,3/9/2025 13:00,Winter,0,52.200000000000003,105,106,
IHR,3/9/2025 14:00,Winter,0,52.200000000000003,105.09999999999999,106,
IHR,3/9/2025 15:00,Winter,0,52.299999999999997,105.09999999999999,106,
IHR,3/9/2025 16:00,Winter,0,52.299999999999997,105.09999999999999,106,
IHR,3/9/2025 17:00,Winter,0,52.200000000000003,105,106,
IHR,3/9/2025 18:00,Winter,0,52.5,105,106,
IHR,3/9/2025 19:00,Winter,0,52.600000000000001,104.90000000000001,106,
IHR,3/9/2025 20:00,Winter,0,52.600000000000001,104.7,106,
IHR,3/9/2025 21:00,Winter,0,52.5,104.59999999999999,106,
IHR,3/9/2025 22:00,Winter,0,52.299999999999997,104.59999999999999,106,
IHR,3/9/2025 23:00,Winter,0,52.799999999999997,104.5,106,
IHR,3/10/2025 0:00,Winter,0,52.299999999999997,104.5,106,
IHR,3/10/2025 1:00,Winter,0,38.200000000000003,104.40000000000001,106,
IHR,3/10/2025 2:00,Winter,0,37.899999999999999,104.40000000000001,106,
IHR,3/10/2025 3:00,Winter,0,38,104.3,106,
IHR,3/10/2025 4:00,Winter,0,37.899999999999999,104.3,106,
IHR,3/10/2025 5:00,Winter,0.10000000000000001,38.100000000000001,104.3,106,
IHR,3/10/2025 6:00,Winter,9.1999999999999993,48.600000000000001,104.2,106,
IHR,3/10/2025 7:00,Winter,9.3000000000000007,61.200000000000003,107.40000000000001,106,
IHR,3/10/2025 8:00,Winter,9.4000000000000004,61.299999999999997,108,106,
IHR,3/10/2025 9:00,Winter,9.3000000000000007,61.100000000000001,108.3,106,
IHR,3/10/2025 10:00,Winter,0.10000000000000001,51.899999999999999,108.3,106,
IHR,3/10/2025 11:00,Winter,0,51.5,105.5,106,
IHR,3/10/2025 12:00,Winter,0,51.399999999999999,104.90000000000001,106,
IHR,3/10/2025 13:00,Winter,0,51.399999999999999,104.90000000000001,106,
IHR,3/10/2025 14:00,Winter,0,51.5,105.09999999999999,106,
IHR,3/10/2025 15:00,Winter,0,51.5,105.3,106,
IHR,3/10/2025 16:00,Winter,0,51.399999999999999,105.3,106,
IHR,3/10/2025 17:00,Winter,0,51.600000000000001,105.2,106,
IHR,3/10/2025 18:00,Winter,0,51.299999999999997,105.2,106,
IHR,3/10/2025 19:00,Winter,0,51.700000000000003,105.09999999999999,106,
IHR,3/10/2025 20:00,Winter,0,52.100000000000001,105,106,
IHR,3/10/2025 21:00,Winter,0,52.100000000000001,105,106,
IHR,3/10/2025 22:00,Winter,0,49.600000000000001,105,106,
IHR,3/10/2025 23:00,Winter,0,48.299999999999997,105,106,
IHR,3/11/2025 0:00,Winter,0,47.899999999999999,105,107,
IHR,3/11/2025 1:00,Winter,0,38.100000000000001,104.90000000000001,107,
IHR,3/11/2025 2:00,Winter,0,37.899999999999999,104.90000000000001,107,
IHR,3/11/2025 3:00,Winter,0,38,104.90000000000001,107,
IHR,3/11/2025 4:00,Winter,0,38,104.90000000000001,107,
IHR,3/11/2025 5:00,Winter,0.20000000000000001,38.200000000000003,104.90000000000001,107,
IHR,3/11/2025 6:00,Winter,8.4000000000000004,46.799999999999997,104.90000000000001,107,
IHR,3/11/2025 7:00,Winter,8.5999999999999996,58.899999999999999,107.59999999999999,107,
IHR,3/11/2025 8:00,Winter,8.6999999999999993,59.5,108.3,107,
IHR,3/11/2025 9:00,Winter,8.6999999999999993,59.399999999999999,108.5,107,
IHR,3/11/2025 10:00,Winter,0.20000000000000001,50.700000000000003,108.5,107,
IHR,3/11/2025 11:00,Winter,0,50.700000000000003,106.3,107,
IHR,3/11/2025 12:00,Winter,0,51.299999999999997,105.7,107,
IHR,3/11/2025 13:00,Winter,0,49.600000000000001,105.59999999999999,107,
IHR,3/11/2025 14:00,Winter,0,50.100000000000001,105.7,107,
IHR,3/11/2025 15:00,Winter,0,49.5,105.8,107,
IHR,3/11/2025 16:00,Winter,0,49.5,105.7,107,
IHR,3/11/2025 17:00,Winter,0,49.600000000000001,105.8,107,
IHR,3/11/2025 18:00,Winter,0,49.5,105.7,107,
IHR,3/11/2025 19:00,Winter,0,49.700000000000003,105.59999999999999,107,
IHR,3/11/2025 20:00,Winter,0,49.600000000000001,105.59999999999999,107,
IHR,3/11/2025 21:00,Winter,0,49.600000000000001,105.5,107,
IHR,3/11/2025 22:00,Winter,0,49.5,105.5,107,
IHR,3/11/2025 23:00,Winter,0,39,105.5,107,
IHR,3/12/2025 0:00,Winter,0,25.699999999999999,105.5,107,
IHR,3/12/2025 1:00,Winter,0,25.100000000000001,105.5,107,
IHR,3/12/2025 2:00,Winter,0,25.100000000000001,105.40000000000001,107,
IHR,3/12/2025 3:00,Winter,0,25.100000000000001,105.5,107,
IHR,3/12/2025 4:00,Winter,0,25.100000000000001,105.59999999999999,107,
IHR,3/12/2025 5:00,Winter,0.10000000000000001,26.399999999999999,105.59999999999999,107,
IHR,3/12/2025 6:00,Winter,8.6999999999999993,46,105.59999999999999,107,
IHR,3/12/2025 7:00,Winter,8.6999999999999993,57.600000000000001,108.2,107,
IHR,3/12/2025 8:00,Winter,8.5999999999999996,58.899999999999999,108.90000000000001,107,
IHR,3/12/2025 9:00,Winter,8.5,59.299999999999997,108.90000000000001,107,
IHR,3/12/2025 10:00,Winter,0.20000000000000001,50.299999999999997,108.90000000000001,107,
IHR,3/12/2025 11:00,Winter,0,50.200000000000003,106.8,107,
IHR,3/12/2025 12:00,Winter,0,50.399999999999999,106.2,107,
IHR,3/12/2025 13:00,Winter,0,49.700000000000003,106.40000000000001,107,
IHR,3/12/2025 14:00,Winter,0,50.200000000000003,106.2,107,
IHR,3/12/2025 15:00,Winter,0,50.299999999999997,106.3,107,
IHR,3/12/2025 16:00,Winter,0,50.299999999999997,106.3,107,
IHR,3/12/2025 17:00,Winter,0,50.299999999999997,106.2,107,
IHR,3/12/2025 18:00,Winter,0,50.299999999999997,106.3,107,
IHR,3/12/2025 19:00,Winter,0,50.299999999999997,106,107,
IHR,3/12/2025 20:00,Winter,0,50.200000000000003,106.2,107,
IHR,3/12/2025 21:00,Winter,0,50.299999999999997,106.2,107,
IHR,3/12/2025 22:00,Winter,0,50.299999999999997,106.3,107,
IHR,3/12/2025 23:00,Winter,0,50.299999999999997,106.5,107,
IHR,3/13/2025 0:00,Winter,0,50.200000000000003,106.5,107,
IHR,3/13/2025 1:00,Winter,0,50.100000000000001,106.5,107,
IHR,3/13/2025 2:00,Winter,0,50.299999999999997,106.5,107,
IHR,3/13/2025 3:00,Winter,0,50.200000000000003,106.40000000000001,107,
IHR,3/13/2025 4:00,Winter,0,50.299999999999997,106.3,107,
IHR,3/13/2025 5:00,Winter,1.1000000000000001,51.200000000000003,106.2,107,
IHR,3/13/2025 6:00,Winter,8.5,58.899999999999999,106,107,
IHR,3/13/2025 7:00,Winter,8.8000000000000007,59.100000000000001,108.3,107,
IHR,3/13/2025 8:00,Winter,8.9000000000000004,59,108.5,107,
IHR,3/13/2025 9:00,Winter,8.5999999999999996,58.899999999999999,108.59999999999999,107,
IHR,3/13/2025 10:00,Winter,0,49.299999999999997,108.7,107,
IHR,3/13/2025 11:00,Winter,0,49.299999999999997,106.59999999999999,107,
IHR,3/13/2025 12:00,Winter,0,49.299999999999997,105.8,107,
IHR,3/13/2025 13:00,Winter,0,49.299999999999997,105.59999999999999,107,
IHR,3/13/2025 14:00,Winter,0,49.299999999999997,105.7,107,
IHR,3/13/2025 15:00,Winter,0,49.399999999999999,105.5,107,
IHR,3/13/2025 16:00,Winter,0,49.200000000000003,105.59999999999999,107,
IHR,3/13/2025 17:00,Winter,0,49.600000000000001,105.40000000000001,107,
IHR,3/13/2025 18:00,Winter,0,62,105.2,107,
IHR,3/13/2025 19:00,Winter,0,62.399999999999999,105.2,107,
IHR,3/13/2025 20:00,Winter,0,60.700000000000003,105,107,
IHR,3/13/2025 21:00,Winter,0,59,105,107,
IHR,3/13/2025 22:00,Winter,0,49.5,104.90000000000001,107,
IHR,3/13/2025 23:00,Winter,0,49.399999999999999,105,107,
IHR,3/14/2025 0:00,Winter,0,49.299999999999997,105,107,
IHR,3/14/2025 1:00,Winter,0,49.5,105,107,
IHR,3/14/2025 2:00,Winter,0,49.399999999999999,105,107,
IHR,3/14/2025 3:00,Winter,0,50.299999999999997,104.90000000000001,107,
IHR,3/14/2025 4:00,Winter,0,62.200000000000003,104.90000000000001,107,
IHR,3/14/2025 5:00,Winter,0.80000000000000004,62.700000000000003,104.90000000000001,107,
IHR,3/14/2025 6:00,Winter,8.3000000000000007,70.099999999999994,104.90000000000001,107,
IHR,3/14/2025 7:00,Winter,8.1999999999999993,69.099999999999994,107.8,107,
IHR,3/14/2025 8:00,Winter,8.5,59,108.09999999999999,107,
IHR,3/14/2025 9:00,Winter,8.5999999999999996,59,108.2,107,
IHR,3/14/2025 10:00,Winter,0.20000000000000001,50.5,108.40000000000001,107,
IHR,3/14/2025 11:00,Winter,0,50.399999999999999,106.3,107,
IHR,3/14/2025 12:00,Winter,0,50.5,105.59999999999999,107,
IHR,3/14/2025 13:00,Winter,0,50.5,105.7,107,
IHR,3/14/2025 14:00,Winter,0,50.600000000000001,105.8,107,
IHR,3/14/2025 15:00,Winter,0,50.299999999999997,105.90000000000001,107,
IHR,3/14/2025 16:00,Winter,0,49.700000000000003,105.7,107,
IHR,3/14/2025 17:00,Winter,0,50.700000000000003,105.59999999999999,107,
IHR,3/14/2025 18:00,Winter,0,61.600000000000001,105.59999999999999,107,
IHR,3/14/2025 19:00,Winter,0,61.5,105.59999999999999,107,
IHR,3/14/2025 20:00,Winter,0,61.5,105.59999999999999,107,
IHR,3/14/2025 21:00,Winter,0,61.299999999999997,105.59999999999999,107,
IHR,3/14/2025 22:00,Winter,0,61.5,105.59999999999999,107,
IHR,3/14/2025 23:00,Winter,0,50.299999999999997,105.40000000000001,107,
IHR,3/15/2025 0:00,Winter,0,50.100000000000001,105.40000000000001,106,
IHR,3/15/2025 1:00,Winter,0,50,105.5,106,
IHR,3/15/2025 2:00,Winter,0,50,105.5,106,
IHR,3/15/2025 3:00,Winter,0,50.399999999999999,105.5,106,
IHR,3/15/2025 4:00,Winter,0,61.100000000000001,105.5,106,
IHR,3/15/2025 5:00,Winter,0,61.5,105.3,106,
IHR,3/15/2025 6:00,Winter,8.4000000000000004,68.799999999999997,105.09999999999999,106,
IHR,3/15/2025 7:00,Winter,9.1999999999999993,59.600000000000001,107.90000000000001,106,
IHR,3/15/2025 8:00,Winter,9,59.5,108.2,106,
IHR,3/15/2025 9:00,Winter,8.5,59.100000000000001,108.09999999999999,106,
IHR,3/15/2025 10:00,Winter,0,50.5,108.2,106,
IHR,3/15/2025 11:00,Winter,0,50.600000000000001,105.7,106,
IHR,3/15/2025 12:00,Winter,0,50.5,104.90000000000001,106,
IHR,3/15/2025 13:00,Winter,0,50.600000000000001,104.7,106,
IHR,3/15/2025 14:00,Winter,0,50.5,104.5,106,
IHR,3/15/2025 15:00,Winter,0,50.399999999999999,104.7,106,
IHR,3/15/2025 16:00,Winter,0,50.299999999999997,104.59999999999999,106,
IHR,3/15/2025 17:00,Winter,0,50.5,104.40000000000001,106,
IHR,3/15/2025 18:00,Winter,0,51.299999999999997,104.3,106,
IHR,3/15/2025 19:00,Winter,0,61.299999999999997,104.3,106,
IHR,3/15/2025 20:00,Winter,0,62.5,104.2,106,
IHR,3/15/2025 21:00,Winter,0,62.600000000000001,104.3,106,
IHR,3/15/2025 22:00,Winter,0,62.600000000000001,104.40000000000001,106,
IHR,3/15/2025 23:00,Winter,0,62.700000000000003,104.5,106,
IHR,3/16/2025 0:00,Winter,0,61.399999999999999,104.7,106,
IHR,3/16/2025 1:00,Winter,0,52,104.8,106,
IHR,3/16/2025 2:00,Winter,0,50.799999999999997,105,106,
IHR,3/16/2025 3:00,Winter,0,50.700000000000003,104.90000000000001,106,
IHR,3/16/2025 4:00,Winter,0,50.600000000000001,105,106,
IHR,3/16/2025 5:00,Winter,0.59999999999999998,51.299999999999997,104.90000000000001,106,
IHR,3/16/2025 6:00,Winter,9,59.700000000000003,105,106,
IHR,3/16/2025 7:00,Winter,8.9000000000000004,59.600000000000001,108,106,
IHR,3/16/2025 8:00,Winter,8.8000000000000007,59.5,108.3,106,
IHR,3/16/2025 9:00,Winter,8.3000000000000007,59.700000000000003,108.2,106,
IHR,3/16/2025 10:00,Winter,0,51.299999999999997,108.09999999999999,106,
IHR,3/16/2025 11:00,Winter,0,50.799999999999997,105.59999999999999,106,
IHR,3/16/2025 12:00,Winter,0,50.700000000000003,104.7,106,
IHR,3/16/2025 13:00,Winter,0,50.700000000000003,104.5,106,
IHR,3/16/2025 14:00,Winter,0,50.799999999999997,104.5,106,
IHR,3/16/2025 15:00,Winter,0,50.799999999999997,104.5,106,
IHR,3/16/2025 16:00,Winter,0,50.700000000000003,104.5,106,
IHR,3/16/2025 17:00,Winter,0,50.799999999999997,104.40000000000001,106,
IHR,3/16/2025 18:00,Winter,0,50.899999999999999,104.5,106,
IHR,3/16/2025 19:00,Winter,0,50.899999999999999,104.3,106,
IHR,3/16/2025 20:00,Winter,0,50.899999999999999,104.2,106,
IHR,3/16/2025 21:00,Winter,0,50.700000000000003,104.09999999999999,106,
IHR,3/16/2025 22:00,Winter,0,50.5,104.09999999999999,106,
IHR,3/16/2025 23:00,Winter,0,50.600000000000001,103.8,106,
IHR,3/17/2025 0:00,Winter,0,50.5,103.90000000000001,105,
IHR,3/17/2025 1:00,Winter,0,50.700000000000003,103.8,105,
IHR,3/17/2025 2:00,Winter,0,50.600000000000001,103.8,105,
IHR,3/17/2025 3:00,Winter,0,50.600000000000001,103.8,105,
IHR,3/17/2025 4:00,Winter,0,50.700000000000003,103.59999999999999,105,
IHR,3/17/2025 5:00,Winter,0.40000000000000002,51.200000000000003,103.5,105,
IHR,3/17/2025 6:00,Winter,8.5,59.399999999999999,103.40000000000001,105,
IHR,3/17/2025 7:00,Winter,8.6999999999999993,59.799999999999997,106.7,105,
IHR,3/17/2025 8:00,Winter,8.8000000000000007,59.799999999999997,107.3,105,
IHR,3/17/2025 9:00,Winter,8.5999999999999996,59.5,107.2,105,
IHR,3/17/2025 10:00,Winter,0,49.899999999999999,107.5,105,
IHR,3/17/2025 11:00,Winter,0,50.200000000000003,104.5,105,
IHR,3/17/2025 12:00,Winter,0,50,103.7,105,
IHR,3/17/2025 13:00,Winter,0,50,103.7,105,
IHR,3/17/2025 14:00,Winter,0,50.100000000000001,103.8,105,
IHR,3/17/2025 15:00,Winter,0,50.700000000000003,103.7,105,
IHR,3/17/2025 16:00,Winter,0,50,104,105,
IHR,3/17/2025 17:00,Winter,0,50,103.8,105,
IHR,3/17/2025 18:00,Winter,0,50,103.5,105,
IHR,3/17/2025 19:00,Winter,0,50,103.3,105,
IHR,3/17/2025 20:00,Winter,0,50.799999999999997,103.2,105,
IHR,3/17/2025 21:00,Winter,0,50.799999999999997,103,105,
IHR,3/17/2025 22:00,Winter,0,50.399999999999999,102.90000000000001,105,
IHR,3/17/2025 23:00,Winter,0,37.600000000000001,102.8,105,
IHR,3/18/2025 0:00,Winter,0,37.399999999999999,102.8,104,
IHR,3/18/2025 1:00,Winter,0,36.600000000000001,102.7,104,
IHR,3/18/2025 2:00,Winter,0,36.5,102.59999999999999,104,
IHR,3/18/2025 3:00,Winter,0,36.600000000000001,102.5,104,
IHR,3/18/2025 4:00,Winter,0,37.600000000000001,102.3,104,
IHR,3/18/2025 5:00,Winter,0.59999999999999998,51,102.2,104,
IHR,3/18/2025 6:00,Winter,8.6999999999999993,59.799999999999997,102.09999999999999,104,
IHR,3/18/2025 7:00,Winter,9.0999999999999996,60.100000000000001,105.7,104,
IHR,3/18/2025 8:00,Winter,9,60.299999999999997,106.3,104,
IHR,3/18/2025 9:00,Winter,8.9000000000000004,59.700000000000003,106.5,104,
IHR,3/18/2025 10:00,Winter,0,51,106.5,104,
IHR,3/18/2025 11:00,Winter,0,51.700000000000003,103.3,104,
IHR,3/18/2025 12:00,Winter,0,52.200000000000003,102.5,104,
IHR,3/18/2025 13:00,Winter,0,52.200000000000003,102.2,104,
IHR,3/18/2025 14:00,Winter,0,52.200000000000003,102.09999999999999,104,
IHR,3/18/2025 15:00,Winter,0,50.5,102.09999999999999,104,
IHR,3/18/2025 16:00,Winter,0,50,102.2,104,
IHR,3/18/2025 17:00,Winter,0,50.5,102,104,
IHR,3/18/2025 18:00,Winter,0,50.899999999999999,101.90000000000001,104,
IHR,3/18/2025 19:00,Winter,0,51,101.7,104,
IHR,3/18/2025 20:00,Winter,0,50.899999999999999,101.5,104,
IHR,3/18/2025 21:00,Winter,0,51.100000000000001,101.5,104,
IHR,3/18/2025 22:00,Winter,0,50.5,101.59999999999999,104,
IHR,3/18/2025 23:00,Winter,0,38.200000000000003,101.59999999999999,104,
IHR,3/19/2025 0:00,Winter,0,37.700000000000003,101.5,104,
IHR,3/19/2025 1:00,Winter,0,37.700000000000003,101.5,104,
IHR,3/19/2025 2:00,Winter,0,37.600000000000001,101.5,104,
IHR,3/19/2025 3:00,Winter,0,37.399999999999999,101.5,104,
IHR,3/19/2025 4:00,Winter,0,37.600000000000001,101.59999999999999,104,
IHR,3/19/2025 5:00,Winter,0.40000000000000002,50.100000000000001,101.7,104,
IHR,3/19/2025 6:00,Winter,8.4000000000000004,59.399999999999999,101.7,104,
IHR,3/19/2025 7:00,Winter,8.6999999999999993,59.899999999999999,105.59999999999999,104,
IHR,3/19/2025 8:00,Winter,8.6999999999999993,60.899999999999999,106.2,104,
IHR,3/19/2025 9:00,Winter,8.5999999999999996,60.399999999999999,106.40000000000001,104,
IHR,3/19/2025 10:00,Winter,0,51.399999999999999,106.7,104,
IHR,3/19/2025 11:00,Winter,0,51.5,103.7,104,
IHR,3/19/2025 12:00,Winter,0,51.600000000000001,103,104,
IHR,3/19/2025 13:00,Winter,0,51.600000000000001,102.8,104,
IHR,3/19/2025 14:00,Winter,0,51.200000000000003,103,104,
IHR,3/19/2025 15:00,Winter,0,51.399999999999999,102.90000000000001,104,
IHR,3/19/2025 16:00,Winter,0,51.399999999999999,103.09999999999999,104,
IHR,3/19/2025 17:00,Winter,0,51.600000000000001,103.2,104,
IHR,3/19/2025 18:00,Winter,0,51.399999999999999,103.2,104,
IHR,3/19/2025 19:00,Winter,0,38,103.3,104,
IHR,3/19/2025 20:00,Winter,0,38.899999999999999,103.40000000000001,104,
IHR,3/19/2025 21:00,Winter,0,38.899999999999999,103.59999999999999,104,
IHR,3/19/2025 22:00,Winter,0,38.5,103.59999999999999,104,
IHR,3/19/2025 23:00,Winter,0,38.799999999999997,103.40000000000001,104,
IHR,3/20/2025 0:00,Winter,0,39.100000000000001,103.40000000000001,105,
IHR,3/20/2025 1:00,Winter,0,39.200000000000003,103.3,105,
IHR,3/20/2025 2:00,Winter,0,39.100000000000001,103.3,105,
IHR,3/20/2025 3:00,Winter,0,38.899999999999999,103.2,105,
IHR,3/20/2025 4:00,Winter,0,39,103.2,105,
IHR,3/20/2025 5:00,Winter,0.59999999999999998,48.899999999999999,102.90000000000001,105,
IHR,3/20/2025 6:00,Winter,9.0999999999999996,58.600000000000001,103,105,
IHR,3/20/2025 7:00,Winter,9.3000000000000007,58.700000000000003,106.40000000000001,105,
IHR,3/20/2025 8:00,Winter,9.1999999999999993,58.799999999999997,106.90000000000001,105,
IHR,3/20/2025 9:00,Winter,9,58.5,107.09999999999999,105,
IHR,3/20/2025 10:00,Winter,0,48.799999999999997,107.09999999999999,105,
IHR,3/20/2025 11:00,Winter,0,48.600000000000001,104,105,
IHR,3/20/2025 12:00,Winter,0,48.700000000000003,103.3,105,
IHR,3/20/2025 13:00,Winter,0,48.700000000000003,103.3,105,
IHR,3/20/2025 14:00,Winter,0,48.600000000000001,103.09999999999999,105,
IHR,3/20/2025 15:00,Winter,0,48.799999999999997,103.09999999999999,105,
IHR,3/20/2025 16:00,Winter,0,48.700000000000003,103.09999999999999,105,
IHR,3/20/2025 17:00,Winter,0,48.600000000000001,103,105,
IHR,3/20/2025 18:00,Winter,0,48.799999999999997,102.90000000000001,105,
IHR,3/20/2025 19:00,Winter,0,48.700000000000003,102.8,105,
IHR,3/20/2025 20:00,Winter,0,48.700000000000003,102.7,105,
IHR,3/20/2025 21:00,Winter,0,48.5,102.7,105,
IHR,3/20/2025 22:00,Winter,0,39.299999999999997,102.8,105,
IHR,3/20/2025 23:00,Winter,0,37.799999999999997,102.8,105,
IHR,3/21/2025 0:00,Winter,0,37.899999999999999,103,108,
IHR,3/21/2025 1:00,Winter,8.3000000000000007,34.299999999999997,103,108,
IHR,3/21/2025 2:00,Winter,8.6999999999999993,33.799999999999997,104.2,108,
IHR,3/21/2025 3:00,Winter,8.8000000000000007,34,107,108,
IHR,3/21/2025 4:00,Winter,8.9000000000000004,34.100000000000001,107.59999999999999,108,
IHR,3/21/2025 5:00,Winter,9,35.100000000000001,107.7,108,
IHR,3/21/2025 6:00,Winter,9,48.899999999999999,107.8,108,
IHR,3/21/2025 7:00,Winter,9.0999999999999996,48.799999999999997,107.40000000000001,108,
IHR,3/21/2025 8:00,Winter,9.0999999999999996,48.899999999999999,107.3,108,
IHR,3/21/2025 9:00,Winter,9.0999999999999996,48.899999999999999,107.40000000000001,108,
IHR,3/21/2025 10:00,Winter,9.3000000000000007,49,107.59999999999999,108,
IHR,3/21/2025 11:00,Winter,9.3000000000000007,47.600000000000001,107.59999999999999,108,
IHR,3/21/2025 12:00,Winter,9.0999999999999996,47,107.7,108,
IHR,3/21/2025 13:00,Winter,9.0999999999999996,47,107.59999999999999,108,
IHR,3/21/2025 14:00,Winter,9.0999999999999996,47.399999999999999,107.40000000000001,108,
IHR,3/21/2025 15:00,Winter,9,47.700000000000003,107.5,108,
IHR,3/21/2025 16:00,Winter,9.0999999999999996,47.899999999999999,107.40000000000001,108,
IHR,3/21/2025 17:00,Winter,9,47.700000000000003,107.5,108,
IHR,3/21/2025 18:00,Winter,8.9000000000000004,47.700000000000003,107.7,108,
IHR,3/21/2025 19:00,Winter,8.9000000000000004,47.700000000000003,107.59999999999999,108,
IHR,3/21/2025 20:00,Winter,9,47.700000000000003,107.7,108,
IHR,3/21/2025 21:00,Winter,9.0999999999999996,47.799999999999997,107.59999999999999,108,
IHR,3/21/2025 22:00,Winter,9.0999999999999996,47.799999999999997,107.59999999999999,108,
IHR,3/21/2025 23:00,Winter,9.1999999999999993,48,107.5,108,
IHR,3/22/2025 0:00,Winter,9.1999999999999993,48.200000000000003,107.5,107,
IHR,3/22/2025 1:00,Winter,9.3000000000000007,48,107.40000000000001,107,
IHR,3/22/2025 2:00,Winter,9.1999999999999993,47.899999999999999,107.40000000000001,107,
IHR,3/22/2025 3:00,Winter,9.0999999999999996,47.700000000000003,107.2,107,
IHR,3/22/2025 4:00,Winter,9.1999999999999993,47.799999999999997,107.2,107,
IHR,3/22/2025 5:00,Winter,9,47.799999999999997,107.2,107,
IHR,3/22/2025 6:00,Winter,9.1999999999999993,48.100000000000001,107.09999999999999,107,
IHR,3/22/2025 7:00,Winter,9.3000000000000007,48.100000000000001,107,107,
IHR,3/22/2025 8:00,Winter,9.4000000000000004,48.299999999999997,107.09999999999999,107,
IHR,3/22/2025 9:00,Winter,9.4000000000000004,59.899999999999999,107.2,107,
IHR,3/22/2025 10:00,Winter,9.4000000000000004,60.100000000000001,107.09999999999999,107,
IHR,3/22/2025 11:00,Winter,9.3000000000000007,60,107.2,107,
IHR,3/22/2025 12:00,Winter,9.4000000000000004,50.700000000000003,107.2,107,
IHR,3/22/2025 13:00,Winter,9.5,47.899999999999999,107.5,107,
IHR,3/22/2025 14:00,Winter,9.5,47.799999999999997,107.59999999999999,107,
IHR,3/22/2025 15:00,Winter,9.5,47.799999999999997,107.59999999999999,107,
IHR,3/22/2025 16:00,Winter,9.4000000000000004,47.700000000000003,107.59999999999999,107,
IHR,3/22/2025 17:00,Winter,9.4000000000000004,48.5,107.5,107,
IHR,3/22/2025 18:00,Winter,9.0999999999999996,60.200000000000003,107.40000000000001,107,
IHR,3/22/2025 19:00,Winter,9.3000000000000007,60.600000000000001,107,107,
IHR,3/22/2025 20:00,Winter,9.1999999999999993,60.5,106.90000000000001,107,
IHR,3/22/2025 21:00,Winter,9.0999999999999996,60.100000000000001,106.7,107,
IHR,3/22/2025 22:00,Winter,9.3000000000000007,48.399999999999999,106.7,107,
IHR,3/22/2025 23:00,Winter,9.1999999999999993,47,106.8,107,
IHR,3/23/2025 0:00,Winter,9.4000000000000004,47.100000000000001,106.90000000000001,108,
IHR,3/23/2025 1:00,Winter,9.5,47.200000000000003,106.90000000000001,108,
IHR,3/23/2025 2:00,Winter,9.3000000000000007,47.100000000000001,106.90000000000001,108,
IHR,3/23/2025 3:00,Winter,9.4000000000000004,47,106.90000000000001,108,
IHR,3/23/2025 4:00,Winter,9.3000000000000007,47.100000000000001,106.90000000000001,108,
IHR,3/23/2025 5:00,Winter,9.1999999999999993,47.200000000000003,107,108,
IHR,3/23/2025 6:00,Winter,9.3000000000000007,47,107,108,
IHR,3/23/2025 7:00,Winter,9.4000000000000004,47.600000000000001,107,108,
IHR,3/23/2025 8:00,Winter,9.1999999999999993,59.700000000000003,107,108,
IHR,3/23/2025 9:00,Winter,9.4000000000000004,60.299999999999997,106.90000000000001,108,
IHR,3/23/2025 10:00,Winter,9.3000000000000007,60.299999999999997,107,108,
IHR,3/23/2025 11:00,Winter,9.3000000000000007,59.899999999999999,107,108,
IHR,3/23/2025 12:00,Winter,9.4000000000000004,48.100000000000001,107.2,108,
IHR,3/23/2025 13:00,Winter,9.1999999999999993,47.600000000000001,107.5,108,
IHR,3/23/2025 14:00,Winter,9.1999999999999993,47.700000000000003,107.5,108,
IHR,3/23/2025 15:00,Winter,9.1999999999999993,47.600000000000001,107.59999999999999,108,
IHR,3/23/2025 16:00,Winter,9,47.399999999999999,107.8,108,
IHR,3/23/2025 17:00,Winter,9.0999999999999996,47.600000000000001,107.8,108,
IHR,3/23/2025 18:00,Winter,9,48.399999999999999,107.8,108,
IHR,3/23/2025 19:00,Winter,9.0999999999999996,60.399999999999999,107.59999999999999,108,
IHR,3/23/2025 20:00,Winter,9.1999999999999993,60.799999999999997,107.40000000000001,108,
IHR,3/23/2025 21:00,Winter,9.1999999999999993,60.799999999999997,107.3,108,
IHR,3/23/2025 22:00,Winter,9.4000000000000004,60.899999999999999,107.40000000000001,108,
IHR,3/23/2025 23:00,Winter,9.1999999999999993,60.899999999999999,107.5,108,
IHR,3/24/2025 0:00,Winter,9.3000000000000007,60.700000000000003,107.59999999999999,109,
IHR,3/24/2025 1:00,Winter,9.1999999999999993,60.799999999999997,107.5,109,
IHR,3/24/2025 2:00,Winter,9.1999999999999993,60.700000000000003,107.59999999999999,109,
IHR,3/24/2025 3:00,Winter,9.1999999999999993,60.899999999999999,107.7,109,
IHR,3/24/2025 4:00,Winter,9.1999999999999993,61,107.7,109,
IHR,3/24/2025 5:00,Winter,9.1999999999999993,61,107.8,109,
IHR,3/24/2025 6:00,Winter,9.0999999999999996,60.899999999999999,107.8,109,
IHR,3/24/2025 7:00,Winter,9.0999999999999996,61.100000000000001,107.7,109,
IHR,3/24/2025 8:00,Winter,9.0999999999999996,60.5,107.7,109,
IHR,3/24/2025 9:00,Winter,9.0999999999999996,60.299999999999997,107.8,109,
IHR,3/24/2025 10:00,Winter,9.0999999999999996,60.399999999999999,107.59999999999999,109,
IHR,3/24/2025 11:00,Winter,9,60.299999999999997,108.09999999999999,109,
IHR,3/24/2025 12:00,Winter,8.9000000000000004,59.899999999999999,108.3,109,
IHR,3/24/2025 13:00,Winter,8.9000000000000004,46.899999999999999,108,109,
IHR,3/24/2025 14:00,Winter,8.9000000000000004,46.100000000000001,108.7,109,
IHR,3/24/2025 15:00,Winter,9,46.200000000000003,108.59999999999999,109,
IHR,3/24/2025 16:00,Winter,9.0999999999999996,46.399999999999999,108.59999999999999,109,
IHR,3/24/2025 17:00,Winter,9.0999999999999996,46.799999999999997,108.7,109,
IHR,3/24/2025 18:00,Winter,9,59.700000000000003,108.5,109,
IHR,3/24/2025 19:00,Winter,9.3000000000000007,60.5,108.40000000000001,109,
IHR,3/24/2025 20:00,Winter,9.4000000000000004,60.5,108.5,109,
IHR,3/24/2025 21:00,Winter,9.5,60.600000000000001,108.40000000000001,109,
IHR,3/24/2025 22:00,Winter,9.6999999999999993,60.600000000000001,108.5,109,
IHR,3/24/2025 23:00,Winter,9.6999999999999993,62.200000000000003,108.5,109,
IHR,3/25/2025 0:00,Winter,9.6999999999999993,62.299999999999997,108.7,110,
IHR,3/25/2025 1:00,Winter,9.6999999999999993,62.299999999999997,108.59999999999999,110,
IHR,3/25/2025 2:00,Winter,9.6999999999999993,62.299999999999997,108.59999999999999,110,
IHR,3/25/2025 3:00,Winter,9.5999999999999996,62.200000000000003,108.8,110,
IHR,3/25/2025 4:00,Winter,9.5999999999999996,62.299999999999997,108.8,110,
IHR,3/25/2025 5:00,Winter,9.5999999999999996,62.700000000000003,108.8,110,
IHR,3/25/2025 6:00,Winter,9.5,71.599999999999994,108.7,110,
IHR,3/25/2025 7:00,Winter,9.5,72.700000000000003,108.7,110,
IHR,3/25/2025 8:00,Winter,9.5,72.200000000000003,108.7,110,
IHR,3/25/2025 9:00,Winter,9.5,61.5,108.90000000000001,110,
IHR,3/25/2025 10:00,Winter,9.5,61.100000000000001,109.2,110,
IHR,3/25/2025 11:00,Winter,9.4000000000000004,61.399999999999999,109.40000000000001,110,
IHR,3/25/2025 12:00,Winter,9.5,61.5,109.40000000000001,110,
IHR,3/25/2025 13:00,Winter,9.4000000000000004,61.299999999999997,109.8,110,
IHR,3/25/2025 14:00,Winter,9.4000000000000004,61.299999999999997,109.90000000000001,110,
IHR,3/25/2025 15:00,Winter,9.4000000000000004,61.299999999999997,109.90000000000001,110,
IHR,3/25/2025 16:00,Winter,9.4000000000000004,61.299999999999997,110,110,
IHR,3/25/2025 17:00,Winter,9.3000000000000007,61.399999999999999,109.8,110,
IHR,3/25/2025 18:00,Winter,9.3000000000000007,61.399999999999999,109.8,110,
IHR,3/25/2025 19:00,Winter,9.3000000000000007,64,109.90000000000001,110,
IHR,3/25/2025 20:00,Winter,9.1999999999999993,75.299999999999997,109.7,110,
IHR,3/25/2025 21:00,Winter,9.0999999999999996,75.400000000000006,109.7,110,
IHR,3/25/2025 22:00,Winter,8.9000000000000004,75.200000000000003,109.7,110,
IHR,3/25/2025 23:00,Winter,8.6999999999999993,75.099999999999994,109.59999999999999,110,
IHR,3/26/2025 0:00,Winter,8.6999999999999993,75.200000000000003,109.7,112,
IHR,3/26/2025 1:00,Winter,8.6999999999999993,75.099999999999994,109.8,112,
IHR,3/26/2025 2:00,Winter,8.5999999999999996,75,109.7,112,
IHR,3/26/2025 3:00,Winter,8.5999999999999996,74.900000000000006,109.7,112,
IHR,3/26/2025 4:00,Winter,8.5,74.799999999999997,109.7,112,
IHR,3/26/2025 5:00,Winter,8.4000000000000004,74.700000000000003,109.8,112,
IHR,3/26/2025 6:00,Winter,8.4000000000000004,74.700000000000003,109.8,112,
IHR,3/26/2025 7:00,Winter,8.3000000000000007,74.700000000000003,109.90000000000001,112,
IHR,3/26/2025 8:00,Winter,8.3000000000000007,74.799999999999997,109.8,112,
IHR,3/26/2025 9:00,Winter,8.3000000000000007,74.599999999999994,110,112,
IHR,3/26/2025 10:00,Winter,8.3000000000000007,74.299999999999997,110.2,112,
IHR,3/26/2025 11:00,Winter,8.3000000000000007,74.599999999999994,110.5,112,
IHR,3/26/2025 12:00,Winter,8.3000000000000007,74.700000000000003,110.90000000000001,112,
IHR,3/26/2025 13:00,Winter,8.3000000000000007,74.599999999999994,111.2,112,
IHR,3/26/2025 14:00,Winter,8.3000000000000007,74.599999999999994,111.40000000000001,112,
IHR,3/26/2025 15:00,Winter,8.3000000000000007,74.599999999999994,111.5,112,
IHR,3/26/2025 16:00,Winter,8.3000000000000007,74.5,111.5,112,
IHR,3/26/2025 17:00,Winter,8.3000000000000007,74.599999999999994,111.5,112,
IHR,3/26/2025 18:00,Winter,8.3000000000000007,74.700000000000003,111.5,112,
IHR,3/26/2025 19:00,Winter,8.3000000000000007,74.700000000000003,111.5,112,
IHR,3/26/2025 20:00,Winter,8.3000000000000007,74.599999999999994,111.5,112,
IHR,3/26/2025 21:00,Winter,8.3000000000000007,74.700000000000003,111.59999999999999,112,
IHR,3/26/2025 22:00,Winter,8.3000000000000007,74.599999999999994,111.59999999999999,112,
IHR,3/26/2025 23:00,Winter,8.3000000000000007,74.599999999999994,111.59999999999999,112,
IHR,3/27/2025 0:00,Winter,8.3000000000000007,74.700000000000003,111.5,112,Spill above planned surface spill 2200-2300 hours was combination of surface and traditional spill likely due to lack of market.;
IHR,3/27/2025 1:00,Winter,8.3000000000000007,74.599999999999994,111.5,112,Spill above planned surface spill 2200-2300 hours was combination of surface and traditional spill likely due to lack of market.;
IHR,3/27/2025 2:00,Winter,8.1999999999999993,74.599999999999994,111.40000000000001,112,Spill above planned surface spill 2200-2300 hours was combination of surface and traditional spill likely due to lack of market.;
IHR,3/27/2025 3:00,Winter,8.1999999999999993,74.5,111.3,112,Spill above planned surface spill 2200-2300 hours was combination of surface and traditional spill likely due to lack of market.;
IHR,3/27/2025 4:00,Winter,8.1999999999999993,74.599999999999994,111.2,112,Spill above planned surface spill 2200-2300 hours was combination of surface and traditional spill likely due to lack of market.;
IHR,3/27/2025 5:00,Winter,8.1999999999999993,74.599999999999994,111.2,112,Spill above planned surface spill 2200-2300 hours was combination of surface and traditional spill likely due to lack of market.;
IHR,3/27/2025 6:00,Winter,8.1999999999999993,74.599999999999994,111.09999999999999,112,Spill above planned surface spill 2200-2300 hours was combination of surface and traditional spill likely due to lack of market.;
IHR,3/27/2025 7:00,Winter,8.1999999999999993,74.599999999999994,111.09999999999999,112,Spill above planned surface spill 2200-2300 hours was combination of surface and traditional spill likely due to lack of market.;
IHR,3/27/2025 8:00,Winter,8.1999999999999993,74.5,111.09999999999999,112,Spill above planned surface spill 2200-2300 hours was combination of surface and traditional spill likely due to lack of market.;
IHR,3/27/2025 9:00,Winter,8.1999999999999993,74.599999999999994,111.09999999999999,112,Spill above planned surface spill 2200-2300 hours was combination of surface and traditional spill likely due to lack of market.;
IHR,3/27/2025 10:00,Winter,8.1999999999999993,74.400000000000006,111.09999999999999,112,Spill above planned surface spill 2200-2300 hours was combination of surface and traditional spill likely due to lack of market.;
IHR,3/27/2025 11:00,Winter,8.3000000000000007,74.400000000000006,111.3,112,Spill above planned surface spill 2200-2300 hours was combination of surface and traditional spill likely due to lack of market.;
IHR,3/27/2025 12:00,Winter,8.3000000000000007,74.299999999999997,111.5,112,Spill above planned surface spill 2200-2300 hours was combination of surface and traditional spill likely due to lack of market.;
IHR,3/27/2025 13:00,Winter,8.3000000000000007,74.400000000000006,111.59999999999999,112,Spill above planned surface spill 2200-2300 hours was combination of surface and traditional spill likely due to lack of market.;
IHR,3/27/2025 14:00,Winter,8.1999999999999993,74.400000000000006,111.59999999999999,112,Spill above planned surface spill 2200-2300 hours was combination of surface and traditional spill likely due to lack of market.;
IHR,3/27/2025 15:00,Winter,8.3000000000000007,74.299999999999997,111.5,112,Spill above planned surface spill 2200-2300 hours was combination of surface and traditional spill likely due to lack of market.;
IHR,3/27/2025 16:00,Winter,8.1999999999999993,74.5,111.8,112,Spill above planned surface spill 2200-2300 hours was combination of surface and traditional spill likely due to lack of market.;
IHR,3/27/2025 17:00,Winter,8.3000000000000007,74.5,111.90000000000001,112,Spill above planned surface spill 2200-2300 hours was combination of surface and traditional spill likely due to lack of market.;
IHR,3/27/2025 18:00,Winter,8.4000000000000004,74.799999999999997,111.5,112,Spill above planned surface spill 2200-2300 hours was combination of surface and traditional spill likely due to lack of market.;
IHR,3/27/2025 19:00,Winter,8.5999999999999996,74.900000000000006,111.5,112,Spill above planned surface spill 2200-2300 hours was combination of surface and traditional spill likely due to lack of market.;
IHR,3/27/2025 20:00,Winter,8.6999999999999993,75,111.7,112,Spill above planned surface spill 2200-2300 hours was combination of surface and traditional spill likely due to lack of market.;
IHR,3/27/2025 21:00,Winter,9.8000000000000007,76.200000000000003,111.5,112,Spill above planned surface spill 2200-2300 hours was combination of surface and traditional spill likely due to lack of market.;
IHR,3/27/2025 22:00,Winter,17,83,111.59999999999999,112,Spill above planned surface spill 2200-2300 hours was combination of surface and traditional spill likely due to lack of market.;
IHR,3/27/2025 23:00,Winter,17.199999999999999,83.200000000000003,111.8,112,Spill above planned surface spill 2200-2300 hours was combination of surface and traditional spill likely due to lack of market.;
IHR,3/28/2025 0:00,Winter,17.199999999999999,83.400000000000006,112.09999999999999,115,Spill above planned surface spill all day was combination of surface and traditional spill likely due to lack of market.;
IHR,3/28/2025 1:00,Winter,17.399999999999999,83.599999999999994,112,115,Spill above planned surface spill all day was combination of surface and traditional spill likely due to lack of market.;
IHR,3/28/2025 2:00,Winter,17.399999999999999,83.400000000000006,112.09999999999999,115,Spill above planned surface spill all day was combination of surface and traditional spill likely due to lack of market.;
IHR,3/28/2025 3:00,Winter,17,83.099999999999994,112.09999999999999,115,Spill above planned surface spill all day was combination of surface and traditional spill likely due to lack of market.;
IHR,3/28/2025 4:00,Winter,17.199999999999999,83,112,115,Spill above planned surface spill all day was combination of surface and traditional spill likely due to lack of market.;
IHR,3/28/2025 5:00,Winter,17.199999999999999,83.099999999999994,112,115,Spill above planned surface spill all day was combination of surface and traditional spill likely due to lack of market.;
IHR,3/28/2025 6:00,Winter,24.600000000000001,90.5,112.09999999999999,115,Spill above planned surface spill all day was combination of surface and traditional spill likely due to lack of market.;
IHR,3/28/2025 7:00,Winter,25,90.900000000000006,114.40000000000001,115,Spill above planned surface spill all day was combination of surface and traditional spill likely due to lack of market.;
IHR,3/28/2025 8:00,Winter,25,90.799999999999997,114.5,115,Spill above planned surface spill all day was combination of surface and traditional spill likely due to lack of market.;
IHR,3/28/2025 9:00,Winter,25,90.5,114.40000000000001,115,Spill above planned surface spill all day was combination of surface and traditional spill likely due to lack of market.;
IHR,3/28/2025 10:00,Winter,25.100000000000001,90.599999999999994,114.40000000000001,115,Spill above planned surface spill all day was combination of surface and traditional spill likely due to lack of market.;
IHR,3/28/2025 11:00,Winter,35.100000000000001,101,114.40000000000001,115,Spill above planned surface spill all day was combination of surface and traditional spill likely due to lack of market.;
IHR,3/28/2025 12:00,Winter,40.100000000000001,106.2,115.09999999999999,115,Spill above planned surface spill all day was combination of surface and traditional spill likely due to lack of market.;
IHR,3/28/2025 13:00,Winter,40,107.7,115.3,115,Spill above planned surface spill all day was combination of surface and traditional spill likely due to lack of market.;
IHR,3/28/2025 14:00,Winter,39.799999999999997,105.90000000000001,115.3,115,Spill above planned surface spill all day was combination of surface and traditional spill likely due to lack of market.;
IHR,3/28/2025 15:00,Winter,39.700000000000003,105.90000000000001,115.3,115,Spill above planned surface spill all day was combination of surface and traditional spill likely due to lack of market.;
IHR,3/28/2025 16:00,Winter,39.799999999999997,106,115.3,115,Spill above planned surface spill all day was combination of surface and traditional spill likely due to lack of market.;
IHR,3/28/2025 17:00,Winter,39.799999999999997,106.5,115.3,115,Spill above planned surface spill all day was combination of surface and traditional spill likely due to lack of market.;
IHR,3/28/2025 18:00,Winter,39.899999999999999,106.5,115.09999999999999,115,Spill above planned surface spill all day was combination of surface and traditional spill likely due to lack of market.;
IHR,3/28/2025 19:00,Winter,40.100000000000001,106.7,114.90000000000001,115,Spill above planned surface spill all day was combination of surface and traditional spill likely due to lack of market.;
IHR,3/28/2025 20:00,Winter,40.200000000000003,106.90000000000001,114.90000000000001,115,Spill above planned surface spill all day was combination of surface and traditional spill likely due to lack of market.;
IHR,3/28/2025 21:00,Winter,40.200000000000003,106.90000000000001,114.90000000000001,115,Spill above planned surface spill all day was combination of surface and traditional spill likely due to lack of market.;
IHR,3/28/2025 22:00,Winter,40.200000000000003,106.90000000000001,114.8,115,Spill above planned surface spill all day was combination of surface and traditional spill likely due to lack of market.;
IHR,3/28/2025 23:00,Winter,40.299999999999997,106.90000000000001,114.8,115,Spill above planned surface spill all day was combination of surface and traditional spill likely due to lack of market.;
IHR,3/29/2025 0:00,Winter,40.299999999999997,106.90000000000001,114.8,115,Spill above planned surface spill all day was combination of surface and traditional spill likely due to lack of market.;
IHR,3/29/2025 1:00,Winter,40.299999999999997,107.09999999999999,114.90000000000001,115,Spill above planned surface spill all day was combination of surface and traditional spill likely due to lack of market.;
IHR,3/29/2025 2:00,Winter,40.399999999999999,107.09999999999999,115,115,Spill above planned surface spill all day was combination of surface and traditional spill likely due to lack of market.;
IHR,3/29/2025 3:00,Winter,40.399999999999999,107,114.90000000000001,115,Spill above planned surface spill all day was combination of surface and traditional spill likely due to lack of market.;
IHR,3/29/2025 4:00,Winter,40.399999999999999,107.09999999999999,114.90000000000001,115,Spill above planned surface spill all day was combination of surface and traditional spill likely due to lack of market.;
IHR,3/29/2025 5:00,Winter,40.399999999999999,107.2,114.90000000000001,115,Spill above planned surface spill all day was combination of surface and traditional spill likely due to lack of market.;
IHR,3/29/2025 6:00,Winter,40,106.7,114.90000000000001,115,Spill above planned surface spill all day was combination of surface and traditional spill likely due to lack of market.;
IHR,3/29/2025 7:00,Winter,40,106.7,114.7,115,Spill above planned surface spill all day was combination of surface and traditional spill likely due to lack of market.;
IHR,3/29/2025 8:00,Winter,40.100000000000001,106.7,114.7,115,Spill above planned surface spill all day was combination of surface and traditional spill likely due to lack of market.;
IHR,3/29/2025 9:00,Winter,40.100000000000001,106.7,114.8,115,Spill above planned surface spill all day was combination of surface and traditional spill likely due to lack of market.;
IHR,3/29/2025 10:00,Winter,40,106.40000000000001,114.7,115,Spill above planned surface spill all day was combination of surface and traditional spill likely due to lack of market.;
IHR,3/29/2025 11:00,Winter,39.799999999999997,106.3,114.90000000000001,115,Spill above planned surface spill all day was combination of surface and traditional spill likely due to lack of market.;
IHR,3/29/2025 12:00,Winter,39.799999999999997,106.40000000000001,115,115,Spill above planned surface spill all day was combination of surface and traditional spill likely due to lack of market.;
IHR,3/29/2025 13:00,Winter,39.799999999999997,106.2,115.09999999999999,115,Spill above planned surface spill all day was combination of surface and traditional spill likely due to lack of market.;
IHR,3/29/2025 14:00,Winter,39.799999999999997,106.3,115.09999999999999,115,Spill above planned surface spill all day was combination of surface and traditional spill likely due to lack of market.;
IHR,3/29/2025 15:00,Winter,39.899999999999999,106.3,115.2,115,Spill above planned surface spill all day was combination of surface and traditional spill likely due to lack of market.;
IHR,3/29/2025 16:00,Winter,39.899999999999999,106.2,115.3,115,Spill above planned surface spill all day was combination of surface and traditional spill likely due to lack of market.;
IHR,3/29/2025 17:00,Winter,39.899999999999999,106.40000000000001,115.2,115,Spill above planned surface spill all day was combination of surface and traditional spill likely due to lack of market.;
IHR,3/29/2025 18:00,Winter,39.899999999999999,107.8,114.90000000000001,115,Spill above planned surface spill all day was combination of surface and traditional spill likely due to lack of market.;
IHR,3/29/2025 19:00,Winter,39.899999999999999,106.3,114.8,115,Spill above planned surface spill all day was combination of surface and traditional spill likely due to lack of market.;
IHR,3/29/2025 20:00,Winter,40,106.40000000000001,114.59999999999999,115,Spill above planned surface spill all day was combination of surface and traditional spill likely due to lack of market.;
IHR,3/29/2025 21:00,Winter,40,106.5,114.59999999999999,115,Spill above planned surface spill all day was combination of surface and traditional spill likely due to lack of market.;
IHR,3/29/2025 22:00,Winter,40,106.5,114.5,115,Spill above planned surface spill all day was combination of surface and traditional spill likely due to lack of market.;
IHR,3/29/2025 23:00,Winter,40.100000000000001,106.5,114.7,115,Spill above planned surface spill all day was combination of surface and traditional spill likely due to lack of market.;
IHR,3/30/2025 0:00,Winter,40.100000000000001,106.7,114.59999999999999,116,Spill above planned surface spill all day was combination of surface and traditional spill likely due to lack of market.;
IHR,3/30/2025 1:00,Winter,40.100000000000001,106.5,114.8,116,Spill above planned surface spill all day was combination of surface and traditional spill likely due to lack of market.;
IHR,3/30/2025 2:00,Winter,40.200000000000003,106.7,114.7,116,Spill above planned surface spill all day was combination of surface and traditional spill likely due to lack of market.;
IHR,3/30/2025 3:00,Winter,40.200000000000003,106.8,114.8,116,Spill above planned surface spill all day was combination of surface and traditional spill likely due to lack of market.;
IHR,3/30/2025 4:00,Winter,40.299999999999997,106.7,114.7,116,Spill above planned surface spill all day was combination of surface and traditional spill likely due to lack of market.;
IHR,3/30/2025 5:00,Winter,40.299999999999997,106.7,114.8,116,Spill above planned surface spill all day was combination of surface and traditional spill likely due to lack of market.;
IHR,3/30/2025 6:00,Winter,40.200000000000003,106.5,114.7,116,Spill above planned surface spill all day was combination of surface and traditional spill likely due to lack of market.;
IHR,3/30/2025 7:00,Winter,40.100000000000001,106.5,115,116,Spill above planned surface spill all day was combination of surface and traditional spill likely due to lack of market.;
IHR,3/30/2025 8:00,Winter,40.100000000000001,106.3,115,116,Spill above planned surface spill all day was combination of surface and traditional spill likely due to lack of market.;
IHR,3/30/2025 9:00,Winter,35.100000000000001,101.09999999999999,114.90000000000001,116,Spill above planned surface spill all day was combination of surface and traditional spill likely due to lack of market.;
IHR,3/30/2025 10:00,Winter,34.899999999999999,100.3,115.5,116,Spill above planned surface spill all day was combination of surface and traditional spill likely due to lack of market.;
IHR,3/30/2025 11:00,Winter,34.799999999999997,100.5,115.59999999999999,116,Spill above planned surface spill all day was combination of surface and traditional spill likely due to lack of market.;
IHR,3/30/2025 12:00,Winter,34.899999999999999,100.40000000000001,115.8,116,Spill above planned surface spill all day was combination of surface and traditional spill likely due to lack of market.;
IHR,3/30/2025 13:00,Winter,31.100000000000001,96.5,115.8,116,Spill above planned surface spill all day was combination of surface and traditional spill likely due to lack of market.;
IHR,3/30/2025 14:00,Winter,29.899999999999999,95.5,115.8,116,Spill above planned surface spill all day was combination of surface and traditional spill likely due to lack of market.;
IHR,3/30/2025 15:00,Winter,29.899999999999999,95.599999999999994,115.7,116,Spill above planned surface spill all day was combination of surface and traditional spill likely due to lack of market.;
IHR,3/30/2025 16:00,Winter,29.800000000000001,95.599999999999994,115.90000000000001,116,Spill above planned surface spill all day was combination of surface and traditional spill likely due to lack of market.;
IHR,3/30/2025 17:00,Winter,29.800000000000001,97.099999999999994,115.8,116,Spill above planned surface spill all day was combination of surface and traditional spill likely due to lack of market.;
IHR,3/30/2025 18:00,Winter,29.899999999999999,95.900000000000006,115.59999999999999,116,Spill above planned surface spill all day was combination of surface and traditional spill likely due to lack of market.;
IHR,3/30/2025 19:00,Winter,29.800000000000001,95.900000000000006,115.59999999999999,116,Spill above planned surface spill all day was combination of surface and traditional spill likely due to lack of market.;
IHR,3/30/2025 20:00,Winter,30,96,115.5,116,Spill above planned surface spill all day was combination of surface and traditional spill likely due to lack of market.;
IHR,3/30/2025 21:00,Winter,30.300000000000001,96.299999999999997,115.5,116,Spill above planned surface spill all day was combination of surface and traditional spill likely due to lack of market.;
IHR,3/30/2025 22:00,Winter,30.399999999999999,96.099999999999994,115.5,116,Spill above planned surface spill all day was combination of surface and traditional spill likely due to lack of market.;
IHR,3/30/2025 23:00,Winter,30.399999999999999,96.200000000000003,115.3,116,Spill above planned surface spill all day was combination of surface and traditional spill likely due to lack of market.;
IHR,3/31/2025 0:00,Winter,30.199999999999999,96,115.5,115,Spill above planned surface spill 0100-1200 hours was combination of surface and traditional spill likely due to lack of market.;
IHR,3/31/2025 1:00,Winter,30.399999999999999,96.299999999999997,115.5,115,Spill above planned surface spill 0100-1200 hours was combination of surface and traditional spill likely due to lack of market.;
IHR,3/31/2025 2:00,Winter,30.399999999999999,96.099999999999994,115.5,115,Spill above planned surface spill 0100-1200 hours was combination of surface and traditional spill likely due to lack of market.;
IHR,3/31/2025 3:00,Winter,30.399999999999999,96,115.40000000000001,115,Spill above planned surface spill 0100-1200 hours was combination of surface and traditional spill likely due to lack of market.;
IHR,3/31/2025 4:00,Winter,30.399999999999999,96,115.40000000000001,115,Spill above planned surface spill 0100-1200 hours was combination of surface and traditional spill likely due to lack of market.;
IHR,3/31/2025 5:00,Winter,30.399999999999999,96,115.5,115,Spill above planned surface spill 0100-1200 hours was combination of surface and traditional spill likely due to lack of market.;
IHR,3/31/2025 6:00,Winter,30.399999999999999,96.299999999999997,115.3,115,Spill above planned surface spill 0100-1200 hours was combination of surface and traditional spill likely due to lack of market.;
IHR,3/31/2025 7:00,Winter,30.100000000000001,96,115.3,115,Spill above planned surface spill 0100-1200 hours was combination of surface and traditional spill likely due to lack of market.;
IHR,3/31/2025 8:00,Winter,29.899999999999999,96.099999999999994,115.3,115,Spill above planned surface spill 0100-1200 hours was combination of surface and traditional spill likely due to lack of market.;
IHR,3/31/2025 9:00,Winter,25.100000000000001,91.5,115.5,115,Spill above planned surface spill 0100-1200 hours was combination of surface and traditional spill likely due to lack of market.;
IHR,3/31/2025 10:00,Winter,25.100000000000001,91.400000000000006,114.90000000000001,115,Spill above planned surface spill 0100-1200 hours was combination of surface and traditional spill likely due to lack of market.;
IHR,3/31/2025 11:00,Winter,25.100000000000001,91.299999999999997,114.90000000000001,115,Spill above planned surface spill 0100-1200 hours was combination of surface and traditional spill likely due to lack of market.;
IHR,3/31/2025 12:00,Winter,24.899999999999999,91.200000000000003,114.90000000000001,115,Spill above planned surface spill 0100-1200 hours was combination of surface and traditional spill likely due to lack of market.;
IHR,3/31/2025 13:00,Winter,9.3000000000000007,75.599999999999994,114.90000000000001,115,Spill above planned surface spill 0100-1200 hours was combination of surface and traditional spill likely due to lack of market.;
IHR,3/31/2025 14:00,Winter,9.3000000000000007,76.799999999999997,112.2,115,Spill above planned surface spill 0100-1200 hours was combination of surface and traditional spill likely due to lack of market.;
IHR,3/31/2025 15:00,Winter,9,76.5,111.8,115,Spill above planned surface spill 0100-1200 hours was combination of surface and traditional spill likely due to lack of market.;
IHR,3/31/2025 16:00,Winter,8.9000000000000004,75.200000000000003,111.90000000000001,115,Spill above planned surface spill 0100-1200 hours was combination of surface and traditional spill likely due to lack of market.;
IHR,3/31/2025 17:00,Winter,8.5999999999999996,74.700000000000003,111.40000000000001,115,Spill above planned surface spill 0100-1200 hours was combination of surface and traditional spill likely due to lack of market.;
IHR,3/31/2025 18:00,Winter,8.4000000000000004,74.599999999999994,111.40000000000001,115,Spill above planned surface spill 0100-1200 hours was combination of surface and traditional spill likely due to lack of market.;
IHR,3/31/2025 19:00,Winter,8.4000000000000004,74.400000000000006,111.2,115,Spill above planned surface spill 0100-1200 hours was combination of surface and traditional spill likely due to lack of market.;
IHR,3/31/2025 20:00,Winter,8.5999999999999996,74.200000000000003,111.2,115,Spill above planned surface spill 0100-1200 hours was combination of surface and traditional spill likely due to lack of market.;
IHR,3/31/2025 21:00,Winter,8.8000000000000007,74.400000000000006,111.09999999999999,115,Spill above planned surface spill 0100-1200 hours was combination of surface and traditional spill likely due to lack of market.;
IHR,3/31/2025 22:00,Winter,8.9000000000000004,75.900000000000006,111.09999999999999,115,Spill above planned surface spill 0100-1200 hours was combination of surface and traditional spill likely due to lack of market.;
IHR,3/31/2025 23:00,Winter,9.0999999999999996,74.599999999999994,111.2,115,Spill above planned surface spill 0100-1200 hours was combination of surface and traditional spill likely due to lack of market.;
IHR,4/1/2025 0:00,Winter,10.6,76.099999999999994,111.3,114,Spill above planned surface spill all day was combination of surface and traditional spill likely due to lack of market.;
IHR,4/1/2025 1:00,Winter,24.399999999999999,90,111.7,114,Spill above planned surface spill all day was combination of surface and traditional spill likely due to lack of market.;
IHR,4/1/2025 2:00,Winter,24.399999999999999,90,113.59999999999999,114,Spill above planned surface spill all day was combination of surface and traditional spill likely due to lack of market.;
IHR,4/1/2025 3:00,Winter,24.399999999999999,90,113.90000000000001,114,Spill above planned surface spill all day was combination of surface and traditional spill likely due to lack of market.;
IHR,4/1/2025 4:00,Winter,24.300000000000001,89.799999999999997,113.8,114,Spill above planned surface spill all day was combination of surface and traditional spill likely due to lack of market.;
IHR,4/1/2025 5:00,Winter,24.199999999999999,89.700000000000003,113.90000000000001,114,Spill above planned surface spill all day was combination of surface and traditional spill likely due to lack of market.;
IHR,4/1/2025 6:00,Winter,24.399999999999999,90,113.90000000000001,114,Spill above planned surface spill all day was combination of surface and traditional spill likely due to lack of market.;
IHR,4/1/2025 7:00,Winter,24.600000000000001,91.200000000000003,114,114,Spill above planned surface spill all day was combination of surface and traditional spill likely due to lack of market.;
IHR,4/1/2025 8:00,Winter,24.800000000000001,91.200000000000003,113.8,114,Spill above planned surface spill all day was combination of surface and traditional spill likely due to lack of market.;
IHR,4/1/2025 9:00,Winter,25,91.700000000000003,114,114,Spill above planned surface spill all day was combination of surface and traditional spill likely due to lack of market.;
IHR,4/1/2025 10:00,Winter,24.899999999999999,91.799999999999997,114.2,114,Spill above planned surface spill all day was combination of surface and traditional spill likely due to lack of market.;
IHR,4/1/2025 11:00,Winter,24.899999999999999,91.799999999999997,114,114,Spill above planned surface spill all day was combination of surface and traditional spill likely due to lack of market.;
IHR,4/1/2025 12:00,Winter,24.899999999999999,93.099999999999994,114.3,114,Spill above planned surface spill all day was combination of surface and traditional spill likely due to lack of market.;
IHR,4/1/2025 13:00,Winter,24.800000000000001,92.900000000000006,114.2,114,Spill above planned surface spill all day was combination of surface and traditional spill likely due to lack of market.;
IHR,4/1/2025 14:00,Winter,24.800000000000001,91.400000000000006,114.2,114,Spill above planned surface spill all day was combination of surface and traditional spill likely due to lack of market.;
IHR,4/1/2025 15:00,Winter,24.699999999999999,91.400000000000006,114.40000000000001,114,Spill above planned surface spill all day was combination of surface and traditional spill likely due to lack of market.;
IHR,4/1/2025 16:00,Winter,24.699999999999999,91.400000000000006,114.2,114,Spill above planned surface spill all day was combination of surface and traditional spill likely due to lack of market.;
IHR,4/1/2025 17:00,Winter,24.699999999999999,91.299999999999997,114.2,114,Spill above planned surface spill all day was combination of surface and traditional spill likely due to lack of market.;
IHR,4/1/2025 18:00,Winter,24.600000000000001,91.400000000000006,114.09999999999999,114,Spill above planned surface spill all day was combination of surface and traditional spill likely due to lack of market.;
IHR,4/1/2025 19:00,Winter,24.600000000000001,91.299999999999997,114.09999999999999,114,Spill above planned surface spill all day was combination of surface and traditional spill likely due to lack of market.;
IHR,4/1/2025 20:00,Winter,24.5,91.200000000000003,113.90000000000001,114,Spill above planned surface spill all day was combination of surface and traditional spill likely due to lack of market.;
IHR,4/1/2025 21:00,Winter,24.5,92.900000000000006,113.90000000000001,114,Spill above planned surface spill all day was combination of surface and traditional spill likely due to lack of market.;
IHR,4/1/2025 22:00,Winter,24.399999999999999,91.299999999999997,113.90000000000001,114,Spill above planned surface spill all day was combination of surface and traditional spill likely due to lack of market.;
IHR,4/1/2025 23:00,Winter,24.199999999999999,92.5,114,114,Spill above planned surface spill all day was combination of surface and traditional spill likely due to lack of market.;
IHR,4/2/2025 0:00,Winter,24.199999999999999,91.099999999999994,113.90000000000001,112,Spill above planned surface spill through 0300 hours was combination of surface and traditional spill likely due to lack of market.;
IHR,4/2/2025 1:00,Winter,24.300000000000001,91.200000000000003,114,112,Spill above planned surface spill through 0300 hours was combination of surface and traditional spill likely due to lack of market.;
IHR,4/2/2025 2:00,Winter,24.100000000000001,91,113.8,112,Spill above planned surface spill through 0300 hours was combination of surface and traditional spill likely due to lack of market.;
IHR,4/2/2025 3:00,Winter,23.199999999999999,90.099999999999994,113.7,112,Spill above planned surface spill through 0300 hours was combination of surface and traditional spill likely due to lack of market.;
IHR,4/2/2025 4:00,Winter,8.5,75.400000000000006,113.59999999999999,112,Spill above planned surface spill through 0300 hours was combination of surface and traditional spill likely due to lack of market.;
IHR,4/2/2025 5:00,Winter,8.3000000000000007,75.200000000000003,111.3,112,Spill above planned surface spill through 0300 hours was combination of surface and traditional spill likely due to lack of market.;
IHR,4/2/2025 6:00,Winter,8.5,75.5,110.90000000000001,112,Spill above planned surface spill through 0300 hours was combination of surface and traditional spill likely due to lack of market.;
IHR,4/2/2025 7:00,Winter,8.8000000000000007,75.599999999999994,110.8,112,Spill above planned surface spill through 0300 hours was combination of surface and traditional spill likely due to lack of market.;
IHR,4/2/2025 8:00,Winter,8.9000000000000004,75.599999999999994,110.8,112,Spill above planned surface spill through 0300 hours was combination of surface and traditional spill likely due to lack of market.;
IHR,4/2/2025 9:00,Winter,9.0999999999999996,75.599999999999994,110.7,112,Spill above planned surface spill through 0300 hours was combination of surface and traditional spill likely due to lack of market.;
IHR,4/2/2025 10:00,Winter,9.1999999999999993,77,110.8,112,Spill above planned surface spill through 0300 hours was combination of surface and traditional spill likely due to lack of market.;
IHR,4/2/2025 11:00,Winter,9.0999999999999996,75.400000000000006,111.2,112,Spill above planned surface spill through 0300 hours was combination of surface and traditional spill likely due to lack of market.;
IHR,4/2/2025 12:00,Winter,9.0999999999999996,75.700000000000003,111.3,112,Spill above planned surface spill through 0300 hours was combination of surface and traditional spill likely due to lack of market.;
IHR,4/2/2025 13:00,Winter,9.0999999999999996,77,111.40000000000001,112,Spill above planned surface spill through 0300 hours was combination of surface and traditional spill likely due to lack of market.;
IHR,4/2/2025 14:00,Winter,8.8000000000000007,76.799999999999997,111.09999999999999,112,Spill above planned surface spill through 0300 hours was combination of surface and traditional spill likely due to lack of market.;
IHR,4/2/2025 15:00,Winter,8.5999999999999996,75.200000000000003,111.09999999999999,112,Spill above planned surface spill through 0300 hours was combination of surface and traditional spill likely due to lack of market.;
IHR,4/2/2025 16:00,Winter,8.4000000000000004,75.099999999999994,111.09999999999999,112,Spill above planned surface spill through 0300 hours was combination of surface and traditional spill likely due to lack of market.;
IHR,4/2/2025 17:00,Winter,8.3000000000000007,75,111,112,Spill above planned surface spill through 0300 hours was combination of surface and traditional spill likely due to lack of market.;
IHR,4/2/2025 18:00,Winter,8.0999999999999996,76.400000000000006,110.90000000000001,112,Spill above planned surface spill through 0300 hours was combination of surface and traditional spill likely due to lack of market.;
IHR,4/2/2025 19:00,Winter,7.9000000000000004,74.599999999999994,110.8,112,Spill above planned surface spill through 0300 hours was combination of surface and traditional spill likely due to lack of market.;
IHR,4/2/2025 20:00,Winter,7.7999999999999998,76,110.59999999999999,112,Spill above planned surface spill through 0300 hours was combination of surface and traditional spill likely due to lack of market.;
IHR,4/2/2025 21:00,Winter,7.7000000000000002,74.700000000000003,110.5,112,Spill above planned surface spill through 0300 hours was combination of surface and traditional spill likely due to lack of market.;
IHR,4/2/2025 22:00,Winter,7.9000000000000004,74.799999999999997,110.40000000000001,112,Spill above planned surface spill through 0300 hours was combination of surface and traditional spill likely due to lack of market.;
IHR,4/2/2025 23:00,Winter,7.9000000000000004,74.599999999999994,110.3,112,Spill above planned surface spill through 0300 hours was combination of surface and traditional spill likely due to lack of market.;
MCN,3/1/2025 0:00,Winter,0,120.7,102.40000000000001,105,
MCN,3/1/2025 1:00,Winter,0,120.8,102.3,105,
MCN,3/1/2025 2:00,Winter,0,121.09999999999999,102.3,105,
MCN,3/1/2025 3:00,Winter,0,120.7,102.40000000000001,105,
MCN,3/1/2025 4:00,Winter,0,120.90000000000001,102.40000000000001,105,
MCN,3/1/2025 5:00,Winter,1.8999999999999999,122.2,102.2,105,
MCN,3/1/2025 6:00,Winter,10.1,131.09999999999999,102.7,105,
MCN,3/1/2025 7:00,Winter,10.1,131.09999999999999,105.40000000000001,105,
MCN,3/1/2025 8:00,Winter,10.1,141,106.7,105,
MCN,3/1/2025 9:00,Winter,10.1,142.90000000000001,107,105,
MCN,3/1/2025 10:00,Winter,1.6000000000000001,133.90000000000001,106.59999999999999,105,
MCN,3/1/2025 11:00,Winter,0,131.40000000000001,105.5,105,
MCN,3/1/2025 12:00,Winter,0,131.69999999999999,104.5,105,
MCN,3/1/2025 13:00,Winter,0,131,103.8,105,
MCN,3/1/2025 14:00,Winter,0,131.69999999999999,103.59999999999999,105,
MCN,3/1/2025 15:00,Winter,0,121.59999999999999,103.7,105,
MCN,3/1/2025 16:00,Winter,0,115.59999999999999,103.7,105,
MCN,3/1/2025 17:00,Winter,0,121.09999999999999,103.7,105,
MCN,3/1/2025 18:00,Winter,0,141.30000000000001,103.59999999999999,105,
MCN,3/1/2025 19:00,Winter,0,143.40000000000001,103.59999999999999,105,
MCN,3/1/2025 20:00,Winter,0,142.59999999999999,103.59999999999999,105,
MCN,3/1/2025 21:00,Winter,0,142.19999999999999,103.40000000000001,105,
MCN,3/1/2025 22:00,Winter,0,121.8,103.40000000000001,105,
MCN,3/1/2025 23:00,Winter,0,119.3,103.5,105,
MCN,3/2/2025 0:00,Winter,0,120.2,103.5,106,
MCN,3/2/2025 1:00,Winter,0,112.2,103.5,106,
MCN,3/2/2025 2:00,Winter,0,110.8,103.5,106,
MCN,3/2/2025 3:00,Winter,0,110.8,103.5,106,
MCN,3/2/2025 4:00,Winter,0,111.3,103.5,106,
MCN,3/2/2025 5:00,Winter,2,113,103.5,106,
MCN,3/2/2025 6:00,Winter,9.5999999999999996,132.09999999999999,103.59999999999999,106,
MCN,3/2/2025 7:00,Winter,9.5999999999999996,130.40000000000001,106,106,
MCN,3/2/2025 8:00,Winter,9.5999999999999996,131,107,106,
MCN,3/2/2025 9:00,Winter,9.5,131.30000000000001,107.40000000000001,106,
MCN,3/2/2025 10:00,Winter,0.59999999999999998,122,107.40000000000001,106,
MCN,3/2/2025 11:00,Winter,0,120.3,106.8,106,
MCN,3/2/2025 12:00,Winter,0,102.40000000000001,106.2,106,
MCN,3/2/2025 13:00,Winter,0,101,105.59999999999999,106,
MCN,3/2/2025 14:00,Winter,0,96.900000000000006,105.09999999999999,106,
MCN,3/2/2025 15:00,Winter,0,90.099999999999994,105,106,
MCN,3/2/2025 16:00,Winter,0,93.799999999999997,104.90000000000001,106,
MCN,3/2/2025 17:00,Winter,0,98.700000000000003,104.7,106,
MCN,3/2/2025 18:00,Winter,0,119.40000000000001,104.5,106,
MCN,3/2/2025 19:00,Winter,0,120.40000000000001,104.40000000000001,106,
MCN,3/2/2025 20:00,Winter,0,120.5,104.3,106,
MCN,3/2/2025 21:00,Winter,0,120.59999999999999,104.2,106,
MCN,3/2/2025 22:00,Winter,0,119.59999999999999,104.3,106,
MCN,3/2/2025 23:00,Winter,0,120.09999999999999,104.09999999999999,106,
MCN,3/3/2025 0:00,Winter,0,98.700000000000003,104.2,106,
MCN,3/3/2025 1:00,Winter,0,90.5,104.2,106,
MCN,3/3/2025 2:00,Winter,0,97.400000000000006,104.2,106,
MCN,3/3/2025 3:00,Winter,0,97.799999999999997,104.2,106,
MCN,3/3/2025 4:00,Winter,0,97.400000000000006,104.2,106,
MCN,3/3/2025 5:00,Winter,2,100.7,104.09999999999999,106,
MCN,3/3/2025 6:00,Winter,9.8000000000000007,124.59999999999999,104.2,106,
MCN,3/3/2025 7:00,Winter,9.6999999999999993,131.5,106.40000000000001,106,
MCN,3/3/2025 8:00,Winter,9.8000000000000007,129.80000000000001,107.40000000000001,106,
MCN,3/3/2025 9:00,Winter,9.8000000000000007,134.19999999999999,107.8,106,
MCN,3/3/2025 10:00,Winter,1.5,119.3,107.90000000000001,106,
MCN,3/3/2025 11:00,Winter,0,118.09999999999999,107,106,
MCN,3/3/2025 12:00,Winter,0,122.3,106.09999999999999,106,
MCN,3/3/2025 13:00,Winter,0,120.90000000000001,105.59999999999999,106,
MCN,3/3/2025 14:00,Winter,0,118.59999999999999,105.2,106,
MCN,3/3/2025 15:00,Winter,0,93.5,105.09999999999999,106,
MCN,3/3/2025 16:00,Winter,0,92.099999999999994,105,106,
MCN,3/3/2025 17:00,Winter,0,125.5,104.7,106,
MCN,3/3/2025 18:00,Winter,0,126.3,104.5,106,
MCN,3/3/2025 19:00,Winter,0,125.7,104.3,106,
MCN,3/3/2025 20:00,Winter,0,126.5,104.09999999999999,106,
MCN,3/3/2025 21:00,Winter,0,126.5,104.09999999999999,106,
MCN,3/3/2025 22:00,Winter,0,127.09999999999999,103.90000000000001,106,
MCN,3/3/2025 23:00,Winter,0,126.59999999999999,103.90000000000001,106,
MCN,3/4/2025 0:00,Winter,0,124.7,103.7,106,
MCN,3/4/2025 1:00,Winter,0,69.299999999999997,103.7,106,
MCN,3/4/2025 2:00,Winter,0,78.599999999999994,103.7,106,
MCN,3/4/2025 3:00,Winter,0,77.900000000000006,103.59999999999999,106,
MCN,3/4/2025 4:00,Winter,0,79.799999999999997,103.59999999999999,106,
MCN,3/4/2025 5:00,Winter,2.2000000000000002,119,103.59999999999999,106,
MCN,3/4/2025 6:00,Winter,10.1,156.69999999999999,104.09999999999999,106,
MCN,3/4/2025 7:00,Winter,10.199999999999999,156.30000000000001,106.3,106,
MCN,3/4/2025 8:00,Winter,10.300000000000001,155.59999999999999,107,106,
MCN,3/4/2025 9:00,Winter,10.1,145.69999999999999,107,106,
MCN,3/4/2025 10:00,Winter,0.10000000000000001,134.19999999999999,107.09999999999999,106,
MCN,3/4/2025 11:00,Winter,0,132.40000000000001,106.8,106,
MCN,3/4/2025 12:00,Winter,0,126.09999999999999,105.59999999999999,106,
MCN,3/4/2025 13:00,Winter,0,125.8,104.8,106,
MCN,3/4/2025 14:00,Winter,0,122.3,104.7,106,
MCN,3/4/2025 15:00,Winter,0,115.7,104.59999999999999,106,
MCN,3/4/2025 16:00,Winter,0,115.3,104.3,106,
MCN,3/4/2025 17:00,Winter,0,144.09999999999999,104.3,106,
MCN,3/4/2025 18:00,Winter,0,166.59999999999999,104.09999999999999,106,
MCN,3/4/2025 19:00,Winter,0,162.40000000000001,103.90000000000001,106,
MCN,3/4/2025 20:00,Winter,0,159.69999999999999,103.8,106,
MCN,3/4/2025 21:00,Winter,0,160.5,103.8,106,
MCN,3/4/2025 22:00,Winter,0,129.19999999999999,103.7,106,
MCN,3/4/2025 23:00,Winter,0,108.3,103.59999999999999,106,
MCN,3/5/2025 0:00,Winter,0,99.700000000000003,103.59999999999999,106,
MCN,3/5/2025 1:00,Winter,0,99.099999999999994,103.59999999999999,106,
MCN,3/5/2025 2:00,Winter,0,98.599999999999994,103.59999999999999,106,
MCN,3/5/2025 3:00,Winter,0,99.200000000000003,103.5,106,
MCN,3/5/2025 4:00,Winter,0,99.200000000000003,103.5,106,
MCN,3/5/2025 5:00,Winter,2.1000000000000001,123,103.59999999999999,106,
MCN,3/5/2025 6:00,Winter,9.5,145.30000000000001,103.5,106,
MCN,3/5/2025 7:00,Winter,9.5999999999999996,146.59999999999999,105.8,106,
MCN,3/5/2025 8:00,Winter,9.5999999999999996,150.5,106.5,106,
MCN,3/5/2025 9:00,Winter,9.5,138.5,106.5,106,
MCN,3/5/2025 10:00,Winter,0.10000000000000001,129.30000000000001,106.8,106,
MCN,3/5/2025 11:00,Winter,0,129,106.3,106,
MCN,3/5/2025 12:00,Winter,0,135.5,105.40000000000001,106,
MCN,3/5/2025 13:00,Winter,0,128.30000000000001,105,106,
MCN,3/5/2025 14:00,Winter,0,124.90000000000001,104.8,106,
MCN,3/5/2025 15:00,Winter,0,121.7,104.90000000000001,106,
MCN,3/5/2025 16:00,Winter,0,112.5,104.8,106,
MCN,3/5/2025 17:00,Winter,0,137,104.7,106,
MCN,3/5/2025 18:00,Winter,0,153.5,104.59999999999999,106,
MCN,3/5/2025 19:00,Winter,0,147.80000000000001,104.5,106,
MCN,3/5/2025 20:00,Winter,0,138.59999999999999,104.40000000000001,106,
MCN,3/5/2025 21:00,Winter,0,136.5,104.40000000000001,106,
MCN,3/5/2025 22:00,Winter,0,105.09999999999999,104.3,106,
MCN,3/5/2025 23:00,Winter,0,85.5,104.3,106,
MCN,3/6/2025 0:00,Winter,0,84.200000000000003,104.09999999999999,105,
MCN,3/6/2025 1:00,Winter,0,97,104.09999999999999,105,
MCN,3/6/2025 2:00,Winter,0,97.700000000000003,103.90000000000001,105,
MCN,3/6/2025 3:00,Winter,0,96.799999999999997,103.8,105,
MCN,3/6/2025 4:00,Winter,0,97.799999999999997,103.8,105,
MCN,3/6/2025 5:00,Winter,2.2000000000000002,99.200000000000003,103.59999999999999,105,
MCN,3/6/2025 6:00,Winter,9.9000000000000004,99.200000000000003,103.59999999999999,105,
MCN,3/6/2025 7:00,Winter,9.6999999999999993,135.19999999999999,105.59999999999999,105,
MCN,3/6/2025 8:00,Winter,9.8000000000000007,145.69999999999999,106.90000000000001,105,
MCN,3/6/2025 9:00,Winter,9.8000000000000007,130.90000000000001,107.2,105,
MCN,3/6/2025 10:00,Winter,0.10000000000000001,128.59999999999999,107.2,105,
MCN,3/6/2025 11:00,Winter,0,125.09999999999999,106.3,105,
MCN,3/6/2025 12:00,Winter,0,119.8,105.2,105,
MCN,3/6/2025 13:00,Winter,0,123,104.59999999999999,105,
MCN,3/6/2025 14:00,Winter,0,126.3,104.09999999999999,105,
MCN,3/6/2025 15:00,Winter,0,115.59999999999999,104.09999999999999,105,
MCN,3/6/2025 16:00,Winter,0,115.09999999999999,104.09999999999999,105,
MCN,3/6/2025 17:00,Winter,0,134,103.90000000000001,105,
MCN,3/6/2025 18:00,Winter,0,134.30000000000001,103.40000000000001,105,
MCN,3/6/2025 19:00,Winter,0,135.40000000000001,103.2,105,
MCN,3/6/2025 20:00,Winter,0,137.59999999999999,103.09999999999999,105,
MCN,3/6/2025 21:00,Winter,0,143.59999999999999,102.90000000000001,105,
MCN,3/6/2025 22:00,Winter,0,132.5,102.90000000000001,105,
MCN,3/6/2025 23:00,Winter,0,134.40000000000001,102.7,105,
MCN,3/7/2025 0:00,Winter,0,112.90000000000001,102.59999999999999,105,
MCN,3/7/2025 1:00,Winter,0,123.8,102.40000000000001,105,
MCN,3/7/2025 2:00,Winter,0,129,102.3,105,
MCN,3/7/2025 3:00,Winter,0,129.90000000000001,102.09999999999999,105,
MCN,3/7/2025 4:00,Winter,0,139.59999999999999,102.09999999999999,105,
MCN,3/7/2025 5:00,Winter,2.1000000000000001,159.80000000000001,102,105,
MCN,3/7/2025 6:00,Winter,9.6999999999999993,174.80000000000001,102.90000000000001,105,
MCN,3/7/2025 7:00,Winter,9.8000000000000007,148.19999999999999,105.3,105,
MCN,3/7/2025 8:00,Winter,9.6999999999999993,144.80000000000001,106.3,105,
MCN,3/7/2025 9:00,Winter,9.6999999999999993,120.7,106.7,105,
MCN,3/7/2025 10:00,Winter,0.10000000000000001,91.799999999999997,106.90000000000001,105,
MCN,3/7/2025 11:00,Winter,0,81.400000000000006,105.90000000000001,105,
MCN,3/7/2025 12:00,Winter,0,79.5,105.09999999999999,105,
MCN,3/7/2025 13:00,Winter,0,80.599999999999994,104.40000000000001,105,
MCN,3/7/2025 14:00,Winter,0,83.099999999999994,103.5,105,
MCN,3/7/2025 15:00,Winter,0,82.900000000000006,103.2,105,
MCN,3/7/2025 16:00,Winter,0,83.799999999999997,102.90000000000001,105,
MCN,3/7/2025 17:00,Winter,0,98,102.8,105,
MCN,3/7/2025 18:00,Winter,0,132.69999999999999,102.5,105,
MCN,3/7/2025 19:00,Winter,0,141.59999999999999,102.3,105,
MCN,3/7/2025 20:00,Winter,0,141.80000000000001,102.3,105,
MCN,3/7/2025 21:00,Winter,0,139.90000000000001,102.40000000000001,105,
MCN,3/7/2025 22:00,Winter,0,140.59999999999999,102.5,105,
MCN,3/7/2025 23:00,Winter,0,139.40000000000001,102.59999999999999,105,
MCN,3/8/2025 0:00,Winter,0,111.8,102.59999999999999,105,
MCN,3/8/2025 1:00,Winter,0,110.7,102.59999999999999,105,
MCN,3/8/2025 2:00,Winter,0,111.40000000000001,102.59999999999999,105,
MCN,3/8/2025 3:00,Winter,0,111.5,102.59999999999999,105,
MCN,3/8/2025 4:00,Winter,0,112.40000000000001,102.7,105,
MCN,3/8/2025 5:00,Winter,2,114.3,102.59999999999999,105,
MCN,3/8/2025 6:00,Winter,9.4000000000000004,130.09999999999999,102.8,105,
MCN,3/8/2025 7:00,Winter,9.3000000000000007,149.90000000000001,105.7,105,
MCN,3/8/2025 8:00,Winter,9.5,139,106.59999999999999,105,
MCN,3/8/2025 9:00,Winter,9.5,134.69999999999999,107,105,
MCN,3/8/2025 10:00,Winter,0.20000000000000001,113.8,106.59999999999999,105,
MCN,3/8/2025 11:00,Winter,0,105.7,105.8,105,
MCN,3/8/2025 12:00,Winter,0,84.799999999999997,105.09999999999999,105,
MCN,3/8/2025 13:00,Winter,0,75,104.7,105,
MCN,3/8/2025 14:00,Winter,0,71.700000000000003,104.2,105,
MCN,3/8/2025 15:00,Winter,0,71.400000000000006,103.90000000000001,105,
MCN,3/8/2025 16:00,Winter,0,78.200000000000003,103.59999999999999,105,
MCN,3/8/2025 17:00,Winter,0,96.400000000000006,103.5,105,
MCN,3/8/2025 18:00,Winter,0,124.40000000000001,103.3,105,
MCN,3/8/2025 19:00,Winter,0,127.90000000000001,103.2,105,
MCN,3/8/2025 20:00,Winter,0,119.7,103.2,105,
MCN,3/8/2025 21:00,Winter,0,120.7,103.09999999999999,105,
MCN,3/8/2025 22:00,Winter,0,120.59999999999999,103.2,105,
MCN,3/8/2025 23:00,Winter,0,119.3,103.2,105,
MCN,3/9/2025 0:00,Winter,0,121.59999999999999,103.3,106,
MCN,3/9/2025 1:00,Winter,0,122.09999999999999,103.3,106,
MCN,3/9/2025 2:00,Winter,0,120.59999999999999,,106,
MCN,3/9/2025 3:00,Winter,0,120.59999999999999,103.3,106,
MCN,3/9/2025 4:00,Winter,0,121.59999999999999,103.40000000000001,106,
MCN,3/9/2025 5:00,Winter,2.2000000000000002,124.3,103.5,106,
MCN,3/9/2025 6:00,Winter,9.8000000000000007,133.69999999999999,103.7,106,
MCN,3/9/2025 7:00,Winter,9.6999999999999993,147,106.40000000000001,106,
MCN,3/9/2025 8:00,Winter,9.6999999999999993,138.5,107.5,106,
MCN,3/9/2025 9:00,Winter,9.8000000000000007,123.8,107.8,106,
MCN,3/9/2025 10:00,Winter,0.10000000000000001,98.599999999999994,107.8,106,
MCN,3/9/2025 11:00,Winter,0,100.59999999999999,106.5,106,
MCN,3/9/2025 12:00,Winter,0,101.09999999999999,105.40000000000001,106,
MCN,3/9/2025 13:00,Winter,0,103.09999999999999,104.90000000000001,106,
MCN,3/9/2025 14:00,Winter,0,100.40000000000001,104.7,106,
MCN,3/9/2025 15:00,Winter,0,104.59999999999999,104.5,106,
MCN,3/9/2025 16:00,Winter,0,104.8,104.5,106,
MCN,3/9/2025 17:00,Winter,0,129.5,104.5,106,
MCN,3/9/2025 18:00,Winter,0,135.59999999999999,104.40000000000001,106,
MCN,3/9/2025 19:00,Winter,0,140,104.3,106,
MCN,3/9/2025 20:00,Winter,0,140.40000000000001,104.2,106,
MCN,3/9/2025 21:00,Winter,0,139.40000000000001,104.2,106,
MCN,3/9/2025 22:00,Winter,0,128.80000000000001,104.09999999999999,106,
MCN,3/9/2025 23:00,Winter,0,121.40000000000001,104,106,
MCN,3/10/2025 0:00,Winter,0,110.2,104,106,
MCN,3/10/2025 1:00,Winter,0,109.90000000000001,104,106,
MCN,3/10/2025 2:00,Winter,0,109.5,103.90000000000001,106,
MCN,3/10/2025 3:00,Winter,0,109.7,104,106,
MCN,3/10/2025 4:00,Winter,0,109.7,103.90000000000001,106,
MCN,3/10/2025 5:00,Winter,2.2000000000000002,125.40000000000001,103.90000000000001,106,
MCN,3/10/2025 6:00,Winter,9.8000000000000007,149.90000000000001,104.5,106,
MCN,3/10/2025 7:00,Winter,9.6999999999999993,167,106.8,106,
MCN,3/10/2025 8:00,Winter,9.5999999999999996,168.30000000000001,107.7,106,
MCN,3/10/2025 9:00,Winter,9.5,160.30000000000001,108.09999999999999,106,
MCN,3/10/2025 10:00,Winter,0.10000000000000001,141.90000000000001,107.3,106,
MCN,3/10/2025 11:00,Winter,0,138.69999999999999,106.40000000000001,106,
MCN,3/10/2025 12:00,Winter,0,115,105.2,106,
MCN,3/10/2025 13:00,Winter,0,111.90000000000001,104.8,106,
MCN,3/10/2025 14:00,Winter,0,110.7,104.59999999999999,106,
MCN,3/10/2025 15:00,Winter,0,113.7,104.59999999999999,106,
MCN,3/10/2025 16:00,Winter,0,113.5,104.59999999999999,106,
MCN,3/10/2025 17:00,Winter,0,114.5,104.5,106,
MCN,3/10/2025 18:00,Winter,0,143.09999999999999,104.59999999999999,106,
MCN,3/10/2025 19:00,Winter,0,144.5,104.5,106,
MCN,3/10/2025 20:00,Winter,0,146.09999999999999,104.40000000000001,106,
MCN,3/10/2025 21:00,Winter,0,145.69999999999999,104.40000000000001,106,
MCN,3/10/2025 22:00,Winter,0,121.90000000000001,104.40000000000001,106,
MCN,3/10/2025 23:00,Winter,0,119.09999999999999,104.40000000000001,106,
MCN,3/11/2025 0:00,Winter,0,119.8,104.40000000000001,107,
MCN,3/11/2025 1:00,Winter,0,92.099999999999994,104.5,107,
MCN,3/11/2025 2:00,Winter,0,91.599999999999994,104.40000000000001,107,
MCN,3/11/2025 3:00,Winter,0,91.099999999999994,104.3,107,
MCN,3/11/2025 4:00,Winter,0,89,104.40000000000001,107,
MCN,3/11/2025 5:00,Winter,2.1000000000000001,92.299999999999997,104.40000000000001,107,
MCN,3/11/2025 6:00,Winter,9.5,118.5,104.5,107,
MCN,3/11/2025 7:00,Winter,9.4000000000000004,140.40000000000001,107.2,107,
MCN,3/11/2025 8:00,Winter,9.5,139.40000000000001,108.3,107,
MCN,3/11/2025 9:00,Winter,9.4000000000000004,134,108.7,107,
MCN,3/11/2025 10:00,Winter,0.10000000000000001,123.09999999999999,108.2,107,
MCN,3/11/2025 11:00,Winter,0,120.40000000000001,106.90000000000001,107,
MCN,3/11/2025 12:00,Winter,0,113.7,106.09999999999999,107,
MCN,3/11/2025 13:00,Winter,0,115,105.7,107,
MCN,3/11/2025 14:00,Winter,0,116.40000000000001,105.59999999999999,107,
MCN,3/11/2025 15:00,Winter,0,115.90000000000001,105.5,107,
MCN,3/11/2025 16:00,Winter,0,116.2,105.59999999999999,107,
MCN,3/11/2025 17:00,Winter,0,120.8,105.5,107,
MCN,3/11/2025 18:00,Winter,0,125,105.59999999999999,107,
MCN,3/11/2025 19:00,Winter,0,125.90000000000001,105.59999999999999,107,
MCN,3/11/2025 20:00,Winter,0,125.09999999999999,105.5,107,
MCN,3/11/2025 21:00,Winter,0,128.59999999999999,105.59999999999999,107,
MCN,3/11/2025 22:00,Winter,0,110.40000000000001,105.59999999999999,107,
MCN,3/11/2025 23:00,Winter,0,105.2,105.59999999999999,107,
MCN,3/12/2025 0:00,Winter,0,103.09999999999999,105.59999999999999,107,
MCN,3/12/2025 1:00,Winter,0,106.3,105.5,107,
MCN,3/12/2025 2:00,Winter,0,103.3,105.5,107,
MCN,3/12/2025 3:00,Winter,0,103.90000000000001,105.5,107,
MCN,3/12/2025 4:00,Winter,0,103.40000000000001,105.40000000000001,107,
MCN,3/12/2025 5:00,Winter,2.1000000000000001,106.3,105.40000000000001,107,
MCN,3/12/2025 6:00,Winter,9.3000000000000007,120.40000000000001,105.40000000000001,107,
MCN,3/12/2025 7:00,Winter,9.1999999999999993,142.80000000000001,107.8,107,
MCN,3/12/2025 8:00,Winter,9.1999999999999993,142.5,108.59999999999999,107,
MCN,3/12/2025 9:00,Winter,9.1999999999999993,132.19999999999999,108.90000000000001,107,
MCN,3/12/2025 10:00,Winter,0.10000000000000001,121.5,108.59999999999999,107,
MCN,3/12/2025 11:00,Winter,0,121.7,107.59999999999999,107,
MCN,3/12/2025 12:00,Winter,0,121.7,106.90000000000001,107,
MCN,3/12/2025 13:00,Winter,0,122.09999999999999,106.40000000000001,107,
MCN,3/12/2025 14:00,Winter,0,122,106.3,107,
MCN,3/12/2025 15:00,Winter,0,117.5,106.2,107,
MCN,3/12/2025 16:00,Winter,0,117.09999999999999,106.09999999999999,107,
MCN,3/12/2025 17:00,Winter,0,121.90000000000001,106,107,
MCN,3/12/2025 18:00,Winter,0,144.19999999999999,106.2,107,
MCN,3/12/2025 19:00,Winter,0,142.69999999999999,106.2,107,
MCN,3/12/2025 20:00,Winter,0,144.80000000000001,106.2,107,
MCN,3/12/2025 21:00,Winter,0,146.5,106.40000000000001,107,
MCN,3/12/2025 22:00,Winter,0,126.2,106.5,107,
MCN,3/12/2025 23:00,Winter,0,115.2,106.5,107,
MCN,3/13/2025 0:00,Winter,0,98,106.40000000000001,107,
MCN,3/13/2025 1:00,Winter,0,100.2,106.40000000000001,107,
MCN,3/13/2025 2:00,Winter,0,102,106.2,107,
MCN,3/13/2025 3:00,Winter,0,99.400000000000006,106.2,107,
MCN,3/13/2025 4:00,Winter,0,98.700000000000003,106.09999999999999,107,
MCN,3/13/2025 5:00,Winter,2,102.5,105.7,107,
MCN,3/13/2025 6:00,Winter,9.0999999999999996,119.7,105.59999999999999,107,
MCN,3/13/2025 7:00,Winter,9,130.30000000000001,107.3,107,
MCN,3/13/2025 8:00,Winter,9.1999999999999993,131.19999999999999,108.40000000000001,107,
MCN,3/13/2025 9:00,Winter,9.1999999999999993,117.09999999999999,108.7,107,
MCN,3/13/2025 10:00,Winter,0.20000000000000001,104.2,108.7,107,
MCN,3/13/2025 11:00,Winter,0,102.90000000000001,107.5,107,
MCN,3/13/2025 12:00,Winter,0,100.8,106.40000000000001,107,
MCN,3/13/2025 13:00,Winter,0,103.90000000000001,105.59999999999999,107,
MCN,3/13/2025 14:00,Winter,0,103.40000000000001,105.40000000000001,107,
MCN,3/13/2025 15:00,Winter,0,103.8,105.3,107,
MCN,3/13/2025 16:00,Winter,0,101.2,105.2,107,
MCN,3/13/2025 17:00,Winter,0,98.599999999999994,105,107,
MCN,3/13/2025 18:00,Winter,0,120.59999999999999,104.90000000000001,107,
MCN,3/13/2025 19:00,Winter,0,150.90000000000001,104.7,107,
MCN,3/13/2025 20:00,Winter,0,150.09999999999999,104.59999999999999,107,
MCN,3/13/2025 21:00,Winter,0,143.19999999999999,104.59999999999999,107,
MCN,3/13/2025 22:00,Winter,0,133.5,104.5,107,
MCN,3/13/2025 23:00,Winter,0,120.09999999999999,104.5,107,
MCN,3/14/2025 0:00,Winter,0,98.799999999999997,104.3,106,
MCN,3/14/2025 1:00,Winter,0,81.099999999999994,104.3,106,
MCN,3/14/2025 2:00,Winter,0,80,104.2,106,
MCN,3/14/2025 3:00,Winter,0,96.400000000000006,104.2,106,
MCN,3/14/2025 4:00,Winter,0,116,104.3,106,
MCN,3/14/2025 5:00,Winter,2,138.80000000000001,104.09999999999999,106,
MCN,3/14/2025 6:00,Winter,9.5999999999999996,172.19999999999999,105,106,
MCN,3/14/2025 7:00,Winter,9.5999999999999996,173.19999999999999,107,106,
MCN,3/14/2025 8:00,Winter,9.5,173.30000000000001,107.59999999999999,106,
MCN,3/14/2025 9:00,Winter,9.3000000000000007,173.80000000000001,108,106,
MCN,3/14/2025 10:00,Winter,0.10000000000000001,169.80000000000001,107.40000000000001,106,
MCN,3/14/2025 11:00,Winter,0,169.5,105.8,106,
MCN,3/14/2025 12:00,Winter,0,171.19999999999999,105.2,106,
MCN,3/14/2025 13:00,Winter,0,131.09999999999999,105.3,106,
MCN,3/14/2025 14:00,Winter,0,127.59999999999999,105.40000000000001,106,
MCN,3/14/2025 15:00,Winter,0,99.900000000000006,105.5,106,
MCN,3/14/2025 16:00,Winter,0,99.200000000000003,105.40000000000001,106,
MCN,3/14/2025 17:00,Winter,0,99.799999999999997,105.40000000000001,106,
MCN,3/14/2025 18:00,Winter,0,117,105.2,106,
MCN,3/14/2025 19:00,Winter,0,116.3,105.09999999999999,106,
MCN,3/14/2025 20:00,Winter,0,135.59999999999999,105,106,
MCN,3/14/2025 21:00,Winter,0,135.59999999999999,105,106,
MCN,3/14/2025 22:00,Winter,0,100.09999999999999,104.90000000000001,106,
MCN,3/14/2025 23:00,Winter,0,97.200000000000003,104.8,106,
MCN,3/15/2025 0:00,Winter,0,99.200000000000003,104.8,106,
MCN,3/15/2025 1:00,Winter,0,125.90000000000001,104.8,106,
MCN,3/15/2025 2:00,Winter,0,128,104.8,106,
MCN,3/15/2025 3:00,Winter,0,128.30000000000001,104.8,106,
MCN,3/15/2025 4:00,Winter,0,135.19999999999999,104.59999999999999,106,
MCN,3/15/2025 5:00,Winter,2,138.80000000000001,104.5,106,
MCN,3/15/2025 6:00,Winter,9.1999999999999993,137.30000000000001,105,106,
MCN,3/15/2025 7:00,Winter,9.1999999999999993,128.19999999999999,106.2,106,
MCN,3/15/2025 8:00,Winter,9.0999999999999996,125.8,107.2,106,
MCN,3/15/2025 9:00,Winter,8.9000000000000004,127.2,107.59999999999999,106,
MCN,3/15/2025 10:00,Winter,0.10000000000000001,127.40000000000001,107.3,106,
MCN,3/15/2025 11:00,Winter,0,130.09999999999999,106.40000000000001,106,
MCN,3/15/2025 12:00,Winter,0,128.80000000000001,105,106,
MCN,3/15/2025 13:00,Winter,0,127.90000000000001,104.5,106,
MCN,3/15/2025 14:00,Winter,0,100.3,104.09999999999999,106,
MCN,3/15/2025 15:00,Winter,0,98.299999999999997,104.09999999999999,106,
MCN,3/15/2025 16:00,Winter,0,97.700000000000003,104,106,
MCN,3/15/2025 17:00,Winter,0,98.900000000000006,103.8,106,
MCN,3/15/2025 18:00,Winter,0,119.5,103.7,106,
MCN,3/15/2025 19:00,Winter,0,157.40000000000001,103.59999999999999,106,
MCN,3/15/2025 20:00,Winter,0,163.80000000000001,103.7,106,
MCN,3/15/2025 21:00,Winter,0,164.90000000000001,103.8,106,
MCN,3/15/2025 22:00,Winter,0,163.69999999999999,103.7,106,
MCN,3/15/2025 23:00,Winter,0,159.30000000000001,103.90000000000001,106,
MCN,3/16/2025 0:00,Winter,0,130.19999999999999,103.90000000000001,105,
MCN,3/16/2025 1:00,Winter,0,117.8,103.7,105,
MCN,3/16/2025 2:00,Winter,0,116.59999999999999,103.90000000000001,105,
MCN,3/16/2025 3:00,Winter,0,117.5,103.8,105,
MCN,3/16/2025 4:00,Winter,0,115.59999999999999,103.59999999999999,105,
MCN,3/16/2025 5:00,Winter,2,117.59999999999999,103.59999999999999,105,
MCN,3/16/2025 6:00,Winter,9,125,103.7,105,
MCN,3/16/2025 7:00,Winter,9,127.7,105.5,105,
MCN,3/16/2025 8:00,Winter,9,126,106.7,105,
MCN,3/16/2025 9:00,Winter,8.9000000000000004,126.90000000000001,107.09999999999999,105,
MCN,3/16/2025 10:00,Winter,0.10000000000000001,117.09999999999999,106.90000000000001,105,
MCN,3/16/2025 11:00,Winter,0,117.7,105.8,105,
MCN,3/16/2025 12:00,Winter,0,118.7,104.8,105,
MCN,3/16/2025 13:00,Winter,0,117.90000000000001,104.2,105,
MCN,3/16/2025 14:00,Winter,0,110.8,103.90000000000001,105,
MCN,3/16/2025 15:00,Winter,0,117.90000000000001,103.59999999999999,105,
MCN,3/16/2025 16:00,Winter,0,122.09999999999999,103.5,105,
MCN,3/16/2025 17:00,Winter,0,122.7,103.2,105,
MCN,3/16/2025 18:00,Winter,0,121.7,103.3,105,
MCN,3/16/2025 19:00,Winter,0,123.3,103,105,
MCN,3/16/2025 20:00,Winter,0,129.59999999999999,102.7,105,
MCN,3/16/2025 21:00,Winter,0,135.19999999999999,102.7,105,
MCN,3/16/2025 22:00,Winter,0,136.19999999999999,102.5,105,
MCN,3/16/2025 23:00,Winter,0,120.59999999999999,102.5,105,
MCN,3/17/2025 0:00,Winter,0,120,102.5,104,
MCN,3/17/2025 1:00,Winter,0,112.8,102.3,104,
MCN,3/17/2025 2:00,Winter,0,111.2,102.3,104,
MCN,3/17/2025 3:00,Winter,0,119.3,102.2,104,
MCN,3/17/2025 4:00,Winter,0,121.09999999999999,102.2,104,
MCN,3/17/2025 5:00,Winter,2,137.59999999999999,102.09999999999999,104,
MCN,3/17/2025 6:00,Winter,8.9000000000000004,151.19999999999999,102.59999999999999,104,
MCN,3/17/2025 7:00,Winter,8.8000000000000007,162.5,104.5,104,
MCN,3/17/2025 8:00,Winter,8.8000000000000007,164.90000000000001,105.5,104,
MCN,3/17/2025 9:00,Winter,8.5999999999999996,163.5,105.8,104,
MCN,3/17/2025 10:00,Winter,0.10000000000000001,156.90000000000001,105.59999999999999,104,
MCN,3/17/2025 11:00,Winter,0,128.09999999999999,104.3,104,
MCN,3/17/2025 12:00,Winter,0,121.09999999999999,103.5,104,
MCN,3/17/2025 13:00,Winter,0,123.40000000000001,103.2,104,
MCN,3/17/2025 14:00,Winter,0,90.599999999999994,103,104,
MCN,3/17/2025 15:00,Winter,0,87.599999999999994,103,104,
MCN,3/17/2025 16:00,Winter,0,88.200000000000003,103,104,
MCN,3/17/2025 17:00,Winter,0,88.799999999999997,102.90000000000001,104,
MCN,3/17/2025 18:00,Winter,0,107.2,102.7,104,
MCN,3/17/2025 19:00,Winter,0,113.2,102.40000000000001,104,
MCN,3/17/2025 20:00,Winter,0,117.7,102.2,104,
MCN,3/17/2025 21:00,Winter,0,108,101.90000000000001,104,
MCN,3/17/2025 22:00,Winter,0,107.09999999999999,101.7,104,
MCN,3/17/2025 23:00,Winter,0,96.299999999999997,101.5,104,
MCN,3/18/2025 0:00,Winter,0,95.799999999999997,101.40000000000001,103,
MCN,3/18/2025 1:00,Winter,0,91.099999999999994,101.40000000000001,103,
MCN,3/18/2025 2:00,Winter,0,90.099999999999994,101.3,103,
MCN,3/18/2025 3:00,Winter,0,88.799999999999997,101.2,103,
MCN,3/18/2025 4:00,Winter,0,88.900000000000006,101.09999999999999,103,
MCN,3/18/2025 5:00,Winter,2,99.099999999999994,101.09999999999999,103,
MCN,3/18/2025 6:00,Winter,9.0999999999999996,128.69999999999999,101.09999999999999,103,
MCN,3/18/2025 7:00,Winter,9.0999999999999996,152.30000000000001,103.5,103,
MCN,3/18/2025 8:00,Winter,9.0999999999999996,157.69999999999999,104.90000000000001,103,
MCN,3/18/2025 9:00,Winter,8.9000000000000004,157.5,105.2,103,
MCN,3/18/2025 10:00,Winter,0.10000000000000001,127.09999999999999,104.8,103,
MCN,3/18/2025 11:00,Winter,0,111.40000000000001,103.90000000000001,103,
MCN,3/18/2025 12:00,Winter,0,93.200000000000003,102.8,103,
MCN,3/18/2025 13:00,Winter,0,88.700000000000003,102.3,103,
MCN,3/18/2025 14:00,Winter,0,91,101.90000000000001,103,
MCN,3/18/2025 15:00,Winter,0,90.599999999999994,101.8,103,
MCN,3/18/2025 16:00,Winter,0,93,101.59999999999999,103,
MCN,3/18/2025 17:00,Winter,0,81.700000000000003,101.5,103,
MCN,3/18/2025 18:00,Winter,0,113.09999999999999,101.3,103,
MCN,3/18/2025 19:00,Winter,0,125.2,101,103,
MCN,3/18/2025 20:00,Winter,0,122.3,100.90000000000001,103,
MCN,3/18/2025 21:00,Winter,0,121.09999999999999,100.7,103,
MCN,3/18/2025 22:00,Winter,0,122.90000000000001,100.59999999999999,103,
MCN,3/18/2025 23:00,Winter,0,120.90000000000001,100.59999999999999,103,
MCN,3/19/2025 0:00,Winter,0,121.59999999999999,100.5,103,
MCN,3/19/2025 1:00,Winter,0,106.09999999999999,100.59999999999999,103,
MCN,3/19/2025 2:00,Winter,0,104.7,100.5,103,
MCN,3/19/2025 3:00,Winter,0,104.09999999999999,100.59999999999999,103,
MCN,3/19/2025 4:00,Winter,0,104.8,100.7,103,
MCN,3/19/2025 5:00,Winter,2.1000000000000001,126.3,100.7,103,
MCN,3/19/2025 6:00,Winter,9.3000000000000007,151.40000000000001,101.5,103,
MCN,3/19/2025 7:00,Winter,9.3000000000000007,154.90000000000001,103.90000000000001,103,
MCN,3/19/2025 8:00,Winter,9.3000000000000007,153.59999999999999,105,103,
MCN,3/19/2025 9:00,Winter,9.0999999999999996,154.30000000000001,105.5,103,
MCN,3/19/2025 10:00,Winter,0.10000000000000001,129,105.09999999999999,103,
MCN,3/19/2025 11:00,Winter,0,125.3,104.09999999999999,103,
MCN,3/19/2025 12:00,Winter,0,131,103,103,
MCN,3/19/2025 13:00,Winter,0,129.59999999999999,102.59999999999999,103,
MCN,3/19/2025 14:00,Winter,0,128.69999999999999,102.5,103,
MCN,3/19/2025 15:00,Winter,0,125.2,102.3,103,
MCN,3/19/2025 16:00,Winter,0,123.09999999999999,102.40000000000001,103,
MCN,3/19/2025 17:00,Winter,0,127,102.5,103,
MCN,3/19/2025 18:00,Winter,0,136.80000000000001,102.5,103,
MCN,3/19/2025 19:00,Winter,0,140.59999999999999,102.59999999999999,103,
MCN,3/19/2025 20:00,Winter,0,141.69999999999999,102.5,103,
MCN,3/19/2025 21:00,Winter,0,140.30000000000001,102.59999999999999,103,
MCN,3/19/2025 22:00,Winter,0,143.80000000000001,102.40000000000001,103,
MCN,3/19/2025 23:00,Winter,0,123.3,102.40000000000001,103,
MCN,3/20/2025 0:00,Winter,0,100,102.09999999999999,104,
MCN,3/20/2025 1:00,Winter,0,99.099999999999994,102,104,
MCN,3/20/2025 2:00,Winter,0,100.8,101.90000000000001,104,
MCN,3/20/2025 3:00,Winter,0,100.5,101.90000000000001,104,
MCN,3/20/2025 4:00,Winter,0,101.7,101.8,104,
MCN,3/20/2025 5:00,Winter,1.8,123.8,101.7,104,
MCN,3/20/2025 6:00,Winter,8.4000000000000004,157.69999999999999,102.40000000000001,104,
MCN,3/20/2025 7:00,Winter,8.5,157.40000000000001,104.09999999999999,104,
MCN,3/20/2025 8:00,Winter,8.5,155.80000000000001,105.09999999999999,104,
MCN,3/20/2025 9:00,Winter,8.4000000000000004,118.3,105.5,104,
MCN,3/20/2025 10:00,Winter,0.10000000000000001,108.5,105.5,104,
MCN,3/20/2025 11:00,Winter,0,95,104.8,104,
MCN,3/20/2025 12:00,Winter,0,93.900000000000006,104.09999999999999,104,
MCN,3/20/2025 13:00,Winter,0,95.700000000000003,103.3,104,
MCN,3/20/2025 14:00,Winter,0,95.200000000000003,103,104,
MCN,3/20/2025 15:00,Winter,0,95.299999999999997,102.59999999999999,104,
MCN,3/20/2025 16:00,Winter,0,95.200000000000003,102.40000000000001,104,
MCN,3/20/2025 17:00,Winter,0,95,102.3,104,
MCN,3/20/2025 18:00,Winter,0,111.59999999999999,102.3,104,
MCN,3/20/2025 19:00,Winter,0,116.40000000000001,102.2,104,
MCN,3/20/2025 20:00,Winter,0,116.7,102.2,104,
MCN,3/20/2025 21:00,Winter,0,115.8,102,104,
MCN,3/20/2025 22:00,Winter,0,115.7,102.09999999999999,104,
MCN,3/20/2025 23:00,Winter,0,114.90000000000001,102.09999999999999,104,
MCN,3/21/2025 0:00,Winter,1.8,97.799999999999997,102,107,
MCN,3/21/2025 1:00,Winter,8.9000000000000004,103.09999999999999,102,107,
MCN,3/21/2025 2:00,Winter,8.8000000000000007,105.59999999999999,104.09999999999999,107,
MCN,3/21/2025 3:00,Winter,8.9000000000000004,106.59999999999999,105.7,107,
MCN,3/21/2025 4:00,Winter,8.9000000000000004,105.59999999999999,106.59999999999999,107,
MCN,3/21/2025 5:00,Winter,8.8000000000000007,118.40000000000001,106.8,107,
MCN,3/21/2025 6:00,Winter,8.6999999999999993,131.5,106.7,107,
MCN,3/21/2025 7:00,Winter,8.6999999999999993,131.5,106.7,107,
MCN,3/21/2025 8:00,Winter,8.8000000000000007,132,106.5,107,
MCN,3/21/2025 9:00,Winter,8.6999999999999993,127.8,106.40000000000001,107,
MCN,3/21/2025 10:00,Winter,8.5999999999999996,126.40000000000001,106.59999999999999,107,
MCN,3/21/2025 11:00,Winter,8.6999999999999993,112.09999999999999,106.59999999999999,107,
MCN,3/21/2025 12:00,Winter,8.6999999999999993,110.7,106.90000000000001,107,
MCN,3/21/2025 13:00,Winter,8.6999999999999993,103.59999999999999,106.8,107,
MCN,3/21/2025 14:00,Winter,8.6999999999999993,94.099999999999994,107,107,
MCN,3/21/2025 15:00,Winter,8.8000000000000007,93.299999999999997,107.2,107,
MCN,3/21/2025 16:00,Winter,8.8000000000000007,94.599999999999994,107.40000000000001,107,
MCN,3/21/2025 17:00,Winter,8.8000000000000007,106.90000000000001,107.5,107,
MCN,3/21/2025 18:00,Winter,8.6999999999999993,135.30000000000001,107.5,107,
MCN,3/21/2025 19:00,Winter,8.6999999999999993,141.80000000000001,107.40000000000001,107,
MCN,3/21/2025 20:00,Winter,8.6999999999999993,135.90000000000001,107.09999999999999,107,
MCN,3/21/2025 21:00,Winter,8.5999999999999996,135.69999999999999,106.90000000000001,107,
MCN,3/21/2025 22:00,Winter,8.5999999999999996,110.3,106.8,107,
MCN,3/21/2025 23:00,Winter,8.5999999999999996,110.09999999999999,106.90000000000001,107,
MCN,3/22/2025 0:00,Winter,8.5999999999999996,110,106.90000000000001,107,
MCN,3/22/2025 1:00,Winter,8.5999999999999996,109.59999999999999,106.90000000000001,107,
MCN,3/22/2025 2:00,Winter,8.6999999999999993,110.09999999999999,106.8,107,
MCN,3/22/2025 3:00,Winter,8.6999999999999993,109.5,106.7,107,
MCN,3/22/2025 4:00,Winter,8.6999999999999993,109.90000000000001,106.7,107,
MCN,3/22/2025 5:00,Winter,8.6999999999999993,110.40000000000001,106.59999999999999,107,
MCN,3/22/2025 6:00,Winter,8.6999999999999993,110.90000000000001,106.5,107,
MCN,3/22/2025 7:00,Winter,8.6999999999999993,111.2,106.40000000000001,107,
MCN,3/22/2025 8:00,Winter,8.6999999999999993,126.5,106.40000000000001,107,
MCN,3/22/2025 9:00,Winter,8.6999999999999993,126.40000000000001,106.2,107,
MCN,3/22/2025 10:00,Winter,8.6999999999999993,127,106.09999999999999,107,
MCN,3/22/2025 11:00,Winter,8.8000000000000007,125,106.2,107,
MCN,3/22/2025 12:00,Winter,8.8000000000000007,102.5,106.2,107,
MCN,3/22/2025 13:00,Winter,8.8000000000000007,105.7,106.59999999999999,107,
MCN,3/22/2025 14:00,Winter,8.8000000000000007,104.90000000000001,106.8,107,
MCN,3/22/2025 15:00,Winter,8.9000000000000004,105.7,107,107,
MCN,3/22/2025 16:00,Winter,8.9000000000000004,105.90000000000001,107,107,
MCN,3/22/2025 17:00,Winter,9,106.3,107.2,107,
MCN,3/22/2025 18:00,Winter,8.8000000000000007,134.30000000000001,107,107,
MCN,3/22/2025 19:00,Winter,8.9000000000000004,136.40000000000001,106.8,107,
MCN,3/22/2025 20:00,Winter,8.9000000000000004,136.09999999999999,106.5,107,
MCN,3/22/2025 21:00,Winter,8.9000000000000004,136.19999999999999,106.2,107,
MCN,3/22/2025 22:00,Winter,8.9000000000000004,120.2,106.2,107,
MCN,3/22/2025 23:00,Winter,8.9000000000000004,117.2,106.3,107,
MCN,3/23/2025 0:00,Winter,8.8000000000000007,115.09999999999999,106.40000000000001,107,
MCN,3/23/2025 1:00,Winter,8.9000000000000004,113.59999999999999,106.40000000000001,107,
MCN,3/23/2025 2:00,Winter,8.9000000000000004,116.90000000000001,106.40000000000001,107,
MCN,3/23/2025 3:00,Winter,8.9000000000000004,115.2,106.59999999999999,107,
MCN,3/23/2025 4:00,Winter,8.9000000000000004,113.8,106.59999999999999,107,
MCN,3/23/2025 5:00,Winter,8.9000000000000004,115.5,106.7,107,
MCN,3/23/2025 6:00,Winter,8.8000000000000007,130.80000000000001,106.5,107,
MCN,3/23/2025 7:00,Winter,8.8000000000000007,132.09999999999999,106.40000000000001,107,
MCN,3/23/2025 8:00,Winter,8.8000000000000007,134.90000000000001,106.2,107,
MCN,3/23/2025 9:00,Winter,8.9000000000000004,110.7,106.3,107,
MCN,3/23/2025 10:00,Winter,8.9000000000000004,109.3,106.5,107,
MCN,3/23/2025 11:00,Winter,8.9000000000000004,109.59999999999999,106.8,107,
MCN,3/23/2025 12:00,Winter,9,107.8,107.09999999999999,107,
MCN,3/23/2025 13:00,Winter,9,106.7,107.2,107,
MCN,3/23/2025 14:00,Winter,9,106.3,107.40000000000001,107,
MCN,3/23/2025 15:00,Winter,9.0999999999999996,106.5,107.5,107,
MCN,3/23/2025 16:00,Winter,9.0999999999999996,108.7,107.5,107,
MCN,3/23/2025 17:00,Winter,9.0999999999999996,107.59999999999999,107.5,107,
MCN,3/23/2025 18:00,Winter,9,138.5,107.40000000000001,107,
MCN,3/23/2025 19:00,Winter,8.9000000000000004,144.19999999999999,107.09999999999999,107,
MCN,3/23/2025 20:00,Winter,8.8000000000000007,156.59999999999999,106.59999999999999,107,
MCN,3/23/2025 21:00,Winter,8.8000000000000007,154.69999999999999,106.59999999999999,107,
MCN,3/23/2025 22:00,Winter,8.9000000000000004,121.3,106.3,107,
MCN,3/23/2025 23:00,Winter,8.9000000000000004,118.40000000000001,106.40000000000001,107,
MCN,3/24/2025 0:00,Winter,8.8000000000000007,116.3,106.5,107,
MCN,3/24/2025 1:00,Winter,8.9000000000000004,117.59999999999999,106.5,107,
MCN,3/24/2025 2:00,Winter,9,118.2,106.40000000000001,107,
MCN,3/24/2025 3:00,Winter,9,118.09999999999999,106.5,107,
MCN,3/24/2025 4:00,Winter,9,116.8,106.5,107,
MCN,3/24/2025 5:00,Winter,9,123.7,106.5,107,
MCN,3/24/2025 6:00,Winter,9,140.69999999999999,106.3,107,
MCN,3/24/2025 7:00,Winter,9,144.09999999999999,106.09999999999999,107,
MCN,3/24/2025 8:00,Winter,8.9000000000000004,149.09999999999999,106.09999999999999,107,
MCN,3/24/2025 9:00,Winter,8.9000000000000004,136.59999999999999,106,107,
MCN,3/24/2025 10:00,Winter,9,118.40000000000001,106,107,
MCN,3/24/2025 11:00,Winter,9,121.2,106.3,107,
MCN,3/24/2025 12:00,Winter,9,121.40000000000001,106.59999999999999,107,
MCN,3/24/2025 13:00,Winter,9,121,106.7,107,
MCN,3/24/2025 14:00,Winter,9,121.8,106.90000000000001,107,
MCN,3/24/2025 15:00,Winter,9,118,107.09999999999999,107,
MCN,3/24/2025 16:00,Winter,9,118.09999999999999,107.09999999999999,107,
MCN,3/24/2025 17:00,Winter,9,126.5,107.09999999999999,107,
MCN,3/24/2025 18:00,Winter,8.8000000000000007,162.30000000000001,106.7,107,
MCN,3/24/2025 19:00,Winter,8.6999999999999993,168.40000000000001,106.59999999999999,107,
MCN,3/24/2025 20:00,Winter,8.8000000000000007,161,106.3,107,
MCN,3/24/2025 21:00,Winter,8.6999999999999993,159.30000000000001,106.09999999999999,107,
MCN,3/24/2025 22:00,Winter,8.6999999999999993,139.90000000000001,106.09999999999999,107,
MCN,3/24/2025 23:00,Winter,8.5999999999999996,136.09999999999999,106.09999999999999,107,
MCN,3/25/2025 0:00,Winter,8.5999999999999996,119.90000000000001,106.09999999999999,108,
MCN,3/25/2025 1:00,Winter,8.6999999999999993,119,106.40000000000001,108,
MCN,3/25/2025 2:00,Winter,8.6999999999999993,118.7,106.5,108,
MCN,3/25/2025 3:00,Winter,8.6999999999999993,118,106.59999999999999,108,
MCN,3/25/2025 4:00,Winter,8.8000000000000007,118.90000000000001,106.7,108,
MCN,3/25/2025 5:00,Winter,8.8000000000000007,121,106.7,108,
MCN,3/25/2025 6:00,Winter,8.6999999999999993,150.09999999999999,106.5,108,
MCN,3/25/2025 7:00,Winter,8.6999999999999993,149.80000000000001,106.5,108,
MCN,3/25/2025 8:00,Winter,8.6999999999999993,150.69999999999999,106.40000000000001,108,
MCN,3/25/2025 9:00,Winter,8.8000000000000007,131.80000000000001,106.40000000000001,108,
MCN,3/25/2025 10:00,Winter,8.9000000000000004,111.40000000000001,106.7,108,
MCN,3/25/2025 11:00,Winter,8.8000000000000007,109.7,107.2,108,
MCN,3/25/2025 12:00,Winter,8.9000000000000004,107.90000000000001,107.59999999999999,108,
MCN,3/25/2025 13:00,Winter,9,111.5,107.90000000000001,108,
MCN,3/25/2025 14:00,Winter,9,111.3,108.2,108,
MCN,3/25/2025 15:00,Winter,9.0999999999999996,109,108.2,108,
MCN,3/25/2025 16:00,Winter,9.0999999999999996,111,108.3,108,
MCN,3/25/2025 17:00,Winter,9.0999999999999996,128.09999999999999,108.5,108,
MCN,3/25/2025 18:00,Winter,9,147.30000000000001,108.40000000000001,108,
MCN,3/25/2025 19:00,Winter,9,147.90000000000001,108.3,108,
MCN,3/25/2025 20:00,Winter,9,150.09999999999999,108.2,108,
MCN,3/25/2025 21:00,Winter,9,133.09999999999999,108,108,
MCN,3/25/2025 22:00,Winter,9.1999999999999993,119.90000000000001,108,108,
MCN,3/25/2025 23:00,Winter,9.1999999999999993,118.2,108,108,
MCN,3/26/2025 0:00,Winter,9.1999999999999993,118.59999999999999,108.2,110,
MCN,3/26/2025 1:00,Winter,9.1999999999999993,140.09999999999999,108.2,110,
MCN,3/26/2025 2:00,Winter,9.1999999999999993,143.90000000000001,108.2,110,
MCN,3/26/2025 3:00,Winter,9.3000000000000007,141.40000000000001,108.3,110,
MCN,3/26/2025 4:00,Winter,9.3000000000000007,142,108.3,110,
MCN,3/26/2025 5:00,Winter,9.1999999999999993,156.30000000000001,108.3,110,
MCN,3/26/2025 6:00,Winter,9.0999999999999996,177.40000000000001,108.40000000000001,110,
MCN,3/26/2025 7:00,Winter,9.0999999999999996,167.69999999999999,108.40000000000001,110,
MCN,3/26/2025 8:00,Winter,9.0999999999999996,164.80000000000001,108.40000000000001,110,
MCN,3/26/2025 9:00,Winter,9.0999999999999996,139.5,107.59999999999999,110,
MCN,3/26/2025 10:00,Winter,9.0999999999999996,139.40000000000001,108.2,110,
MCN,3/26/2025 11:00,Winter,9.0999999999999996,140.69999999999999,108.59999999999999,110,
MCN,3/26/2025 12:00,Winter,9.1999999999999993,141.09999999999999,108.90000000000001,110,
MCN,3/26/2025 13:00,Winter,9.1999999999999993,140.5,109.40000000000001,110,
MCN,3/26/2025 14:00,Winter,9.1999999999999993,141.90000000000001,109.5,110,
MCN,3/26/2025 15:00,Winter,9.1999999999999993,145,109.8,110,
MCN,3/26/2025 16:00,Winter,9.1999999999999993,143.80000000000001,109.8,110,
MCN,3/26/2025 17:00,Winter,9.1999999999999993,144.30000000000001,109.7,110,
MCN,3/26/2025 18:00,Winter,9.0999999999999996,169.30000000000001,109.8,110,
MCN,3/26/2025 19:00,Winter,9.1999999999999993,156.59999999999999,109.90000000000001,110,
MCN,3/26/2025 20:00,Winter,9.1999999999999993,165.69999999999999,110,110,
MCN,3/26/2025 21:00,Winter,9.0999999999999996,168.5,110,110,
MCN,3/26/2025 22:00,Winter,9.1999999999999993,143.19999999999999,110.09999999999999,110,
MCN,3/26/2025 23:00,Winter,9.1999999999999993,138.40000000000001,110,110,
MCN,3/27/2025 0:00,Winter,9.1999999999999993,135.09999999999999,110,110,
MCN,3/27/2025 1:00,Winter,9.4000000000000004,126.3,109.8,110,
MCN,3/27/2025 2:00,Winter,9.3000000000000007,135.90000000000001,109.8,110,
MCN,3/27/2025 3:00,Winter,9.4000000000000004,138.40000000000001,109.7,110,
MCN,3/27/2025 4:00,Winter,9.4000000000000004,155.59999999999999,109.5,110,
MCN,3/27/2025 5:00,Winter,9.3000000000000007,175.5,109.5,110,
MCN,3/27/2025 6:00,Winter,9.4000000000000004,176.19999999999999,109.3,110,
MCN,3/27/2025 7:00,Winter,9.4000000000000004,177.59999999999999,109.40000000000001,110,
MCN,3/27/2025 8:00,Winter,9.3000000000000007,181.30000000000001,109.3,110,
MCN,3/27/2025 9:00,Winter,9.3000000000000007,170.80000000000001,109.40000000000001,110,
MCN,3/27/2025 10:00,Winter,9.4000000000000004,168.90000000000001,109.40000000000001,110,
MCN,3/27/2025 11:00,Winter,9.3000000000000007,167.5,109.40000000000001,110,
MCN,3/27/2025 12:00,Winter,9.4000000000000004,166.09999999999999,109.59999999999999,110,
MCN,3/27/2025 13:00,Winter,9.4000000000000004,168.5,109.8,110,
MCN,3/27/2025 14:00,Winter,9.3000000000000007,168.80000000000001,109.7,110,
MCN,3/27/2025 15:00,Winter,9.4000000000000004,163.59999999999999,110,110,
MCN,3/27/2025 16:00,Winter,9.3000000000000007,168.09999999999999,110.09999999999999,110,
MCN,3/27/2025 17:00,Winter,9.3000000000000007,169.30000000000001,110.2,110,
MCN,3/27/2025 18:00,Winter,9.1999999999999993,178.80000000000001,110,110,
MCN,3/27/2025 19:00,Winter,9.1999999999999993,180.80000000000001,110.09999999999999,110,
MCN,3/27/2025 20:00,Winter,9.3000000000000007,179.59999999999999,110.09999999999999,110,
MCN,3/27/2025 21:00,Winter,9.0999999999999996,180.19999999999999,110,110,
MCN,3/27/2025 22:00,Winter,9.0999999999999996,179,109.90000000000001,110,
MCN,3/27/2025 23:00,Winter,9.0999999999999996,169.09999999999999,109.90000000000001,110,
MCN,3/28/2025 0:00,Winter,9.1999999999999993,168.5,110,115,Spill above planned surface spill 1000-2300 hours was combination of surface and traditional spill likely due to lack of market.;
MCN,3/28/2025 1:00,Winter,9.0999999999999996,167.40000000000001,110,115,Spill above planned surface spill 1000-2300 hours was combination of surface and traditional spill likely due to lack of market.;
MCN,3/28/2025 2:00,Winter,9.0999999999999996,166.5,110,115,Spill above planned surface spill 1000-2300 hours was combination of surface and traditional spill likely due to lack of market.;
MCN,3/28/2025 3:00,Winter,9.0999999999999996,167.59999999999999,110,115,Spill above planned surface spill 1000-2300 hours was combination of surface and traditional spill likely due to lack of market.;
MCN,3/28/2025 4:00,Winter,9.0999999999999996,166.80000000000001,110,115,Spill above planned surface spill 1000-2300 hours was combination of surface and traditional spill likely due to lack of market.;
MCN,3/28/2025 5:00,Winter,9,177.19999999999999,110,115,Spill above planned surface spill 1000-2300 hours was combination of surface and traditional spill likely due to lack of market.;
MCN,3/28/2025 6:00,Winter,9,177.90000000000001,110,115,Spill above planned surface spill 1000-2300 hours was combination of surface and traditional spill likely due to lack of market.;
MCN,3/28/2025 7:00,Winter,9,177.80000000000001,110,115,Spill above planned surface spill 1000-2300 hours was combination of surface and traditional spill likely due to lack of market.;
MCN,3/28/2025 8:00,Winter,8.9000000000000004,187.09999999999999,109.8,115,Spill above planned surface spill 1000-2300 hours was combination of surface and traditional spill likely due to lack of market.;
MCN,3/28/2025 9:00,Winter,9.0999999999999996,189.40000000000001,109.7,115,Spill above planned surface spill 1000-2300 hours was combination of surface and traditional spill likely due to lack of market.;
MCN,3/28/2025 10:00,Winter,19.800000000000001,199.19999999999999,110.2,115,Spill above planned surface spill 1000-2300 hours was combination of surface and traditional spill likely due to lack of market.;
MCN,3/28/2025 11:00,Winter,19.899999999999999,201.5,111.3,115,Spill above planned surface spill 1000-2300 hours was combination of surface and traditional spill likely due to lack of market.;
MCN,3/28/2025 12:00,Winter,20,198.09999999999999,111.8,115,Spill above planned surface spill 1000-2300 hours was combination of surface and traditional spill likely due to lack of market.;
MCN,3/28/2025 13:00,Winter,20,197.80000000000001,112.09999999999999,115,Spill above planned surface spill 1000-2300 hours was combination of surface and traditional spill likely due to lack of market.;
MCN,3/28/2025 14:00,Winter,20.199999999999999,197.40000000000001,112.3,115,Spill above planned surface spill 1000-2300 hours was combination of surface and traditional spill likely due to lack of market.;
MCN,3/28/2025 15:00,Winter,20.300000000000001,200.09999999999999,112.5,115,Spill above planned surface spill 1000-2300 hours was combination of surface and traditional spill likely due to lack of market.;
MCN,3/28/2025 16:00,Winter,20.399999999999999,197.90000000000001,112.5,115,Spill above planned surface spill 1000-2300 hours was combination of surface and traditional spill likely due to lack of market.;
MCN,3/28/2025 17:00,Winter,20.199999999999999,198.19999999999999,112.59999999999999,115,Spill above planned surface spill 1000-2300 hours was combination of surface and traditional spill likely due to lack of market.;
MCN,3/28/2025 18:00,Winter,37,215.40000000000001,112.7,115,Spill above planned surface spill 1000-2300 hours was combination of surface and traditional spill likely due to lack of market.;
MCN,3/28/2025 19:00,Winter,49.899999999999999,228.90000000000001,116.2,115,Spill above planned surface spill 1000-2300 hours was combination of surface and traditional spill likely due to lack of market.;
MCN,3/28/2025 20:00,Winter,50.100000000000001,229,117.7,115,Spill above planned surface spill 1000-2300 hours was combination of surface and traditional spill likely due to lack of market.;
MCN,3/28/2025 21:00,Winter,50.100000000000001,229,118.09999999999999,115,Spill above planned surface spill 1000-2300 hours was combination of surface and traditional spill likely due to lack of market.;
MCN,3/28/2025 22:00,Winter,50.100000000000001,229,118.3,115,Spill above planned surface spill 1000-2300 hours was combination of surface and traditional spill likely due to lack of market.;
MCN,3/28/2025 23:00,Winter,50.200000000000003,228.80000000000001,118.09999999999999,115,Spill above planned surface spill 1000-2300 hours was combination of surface and traditional spill likely due to lack of market.;
MCN,3/29/2025 0:00,Winter,50.299999999999997,229.09999999999999,118.3,118,Spill above planned surface spill all day was combination of surface and traditional spill likely due to lack of market.;
MCN,3/29/2025 1:00,Winter,50.399999999999999,229.30000000000001,118.09999999999999,118,Spill above planned surface spill all day was combination of surface and traditional spill likely due to lack of market.;
MCN,3/29/2025 2:00,Winter,50.399999999999999,229.09999999999999,118,118,Spill above planned surface spill all day was combination of surface and traditional spill likely due to lack of market.;
MCN,3/29/2025 3:00,Winter,50.299999999999997,228.80000000000001,117.90000000000001,118,Spill above planned surface spill all day was combination of surface and traditional spill likely due to lack of market.;
MCN,3/29/2025 4:00,Winter,50,228.59999999999999,117.90000000000001,118,Spill above planned surface spill all day was combination of surface and traditional spill likely due to lack of market.;
MCN,3/29/2025 5:00,Winter,50,229,117.7,118,Spill above planned surface spill all day was combination of surface and traditional spill likely due to lack of market.;
MCN,3/29/2025 6:00,Winter,50.100000000000001,229,117.7,118,Spill above planned surface spill all day was combination of surface and traditional spill likely due to lack of market.;
MCN,3/29/2025 7:00,Winter,50.100000000000001,229.09999999999999,117.90000000000001,118,Spill above planned surface spill all day was combination of surface and traditional spill likely due to lack of market.;
MCN,3/29/2025 8:00,Winter,50.100000000000001,229,117.40000000000001,118,Spill above planned surface spill all day was combination of surface and traditional spill likely due to lack of market.;
MCN,3/29/2025 9:00,Winter,50.100000000000001,228.90000000000001,117.8,118,Spill above planned surface spill all day was combination of surface and traditional spill likely due to lack of market.;
MCN,3/29/2025 10:00,Winter,50.100000000000001,228.59999999999999,117.5,118,Spill above planned surface spill all day was combination of surface and traditional spill likely due to lack of market.;
MCN,3/29/2025 11:00,Winter,50.100000000000001,228.80000000000001,117.90000000000001,118,Spill above planned surface spill all day was combination of surface and traditional spill likely due to lack of market.;
MCN,3/29/2025 12:00,Winter,50.100000000000001,229.40000000000001,117.7,118,Spill above planned surface spill all day was combination of surface and traditional spill likely due to lack of market.;
MCN,3/29/2025 13:00,Winter,50.200000000000003,229.30000000000001,118,118,Spill above planned surface spill all day was combination of surface and traditional spill likely due to lack of market.;
MCN,3/29/2025 14:00,Winter,50.200000000000003,229.59999999999999,117.8,118,Spill above planned surface spill all day was combination of surface and traditional spill likely due to lack of market.;
MCN,3/29/2025 15:00,Winter,50.100000000000001,229.69999999999999,117.90000000000001,118,Spill above planned surface spill all day was combination of surface and traditional spill likely due to lack of market.;
MCN,3/29/2025 16:00,Winter,50.100000000000001,229.30000000000001,118,118,Spill above planned surface spill all day was combination of surface and traditional spill likely due to lack of market.;
MCN,3/29/2025 17:00,Winter,50,229.40000000000001,118,118,Spill above planned surface spill all day was combination of surface and traditional spill likely due to lack of market.;
MCN,3/29/2025 18:00,Winter,49.899999999999999,229.19999999999999,117.90000000000001,118,Spill above planned surface spill all day was combination of surface and traditional spill likely due to lack of market.;
MCN,3/29/2025 19:00,Winter,49.899999999999999,229.19999999999999,117.90000000000001,118,Spill above planned surface spill all day was combination of surface and traditional spill likely due to lack of market.;
MCN,3/29/2025 20:00,Winter,49.799999999999997,229.5,117.8,118,Spill above planned surface spill all day was combination of surface and traditional spill likely due to lack of market.;
MCN,3/29/2025 21:00,Winter,49.799999999999997,229.19999999999999,117.8,118,Spill above planned surface spill all day was combination of surface and traditional spill likely due to lack of market.;
MCN,3/29/2025 22:00,Winter,49.700000000000003,229.09999999999999,117.7,118,Spill above planned surface spill all day was combination of surface and traditional spill likely due to lack of market.;
MCN,3/29/2025 23:00,Winter,49.700000000000003,228.59999999999999,117.7,118,Spill above planned surface spill all day was combination of surface and traditional spill likely due to lack of market.;
MCN,3/30/2025 0:00,Winter,49.600000000000001,228.69999999999999,117.59999999999999,118,Spill above planned surface spill all day was combination of surface and traditional spill likely due to lack of market.;
MCN,3/30/2025 1:00,Winter,49.5,228.80000000000001,117.59999999999999,118,Spill above planned surface spill all day was combination of surface and traditional spill likely due to lack of market.;
MCN,3/30/2025 2:00,Winter,49.5,228.69999999999999,117.7,118,Spill above planned surface spill all day was combination of surface and traditional spill likely due to lack of market.;
MCN,3/30/2025 3:00,Winter,49.600000000000001,229.09999999999999,117.59999999999999,118,Spill above planned surface spill all day was combination of surface and traditional spill likely due to lack of market.;
MCN,3/30/2025 4:00,Winter,49.799999999999997,229.09999999999999,117.8,118,Spill above planned surface spill all day was combination of surface and traditional spill likely due to lack of market.;
MCN,3/30/2025 5:00,Winter,49.700000000000003,229.30000000000001,117.8,118,Spill above planned surface spill all day was combination of surface and traditional spill likely due to lack of market.;
MCN,3/30/2025 6:00,Winter,49.700000000000003,229.30000000000001,117.7,118,Spill above planned surface spill all day was combination of surface and traditional spill likely due to lack of market.;
MCN,3/30/2025 7:00,Winter,49.600000000000001,229.40000000000001,117.8,118,Spill above planned surface spill all day was combination of surface and traditional spill likely due to lack of market.;
MCN,3/30/2025 8:00,Winter,49.5,229.09999999999999,117.8,118,Spill above planned surface spill all day was combination of surface and traditional spill likely due to lack of market.;
MCN,3/30/2025 9:00,Winter,49.399999999999999,229.40000000000001,117.7,118,Spill above planned surface spill all day was combination of surface and traditional spill likely due to lack of market.;
MCN,3/30/2025 10:00,Winter,49.399999999999999,229.19999999999999,117.8,118,Spill above planned surface spill all day was combination of surface and traditional spill likely due to lack of market.;
MCN,3/30/2025 11:00,Winter,49.299999999999997,229.30000000000001,117.90000000000001,118,Spill above planned surface spill all day was combination of surface and traditional spill likely due to lack of market.;
MCN,3/30/2025 12:00,Winter,49.299999999999997,229,118.09999999999999,118,Spill above planned surface spill all day was combination of surface and traditional spill likely due to lack of market.;
MCN,3/30/2025 13:00,Winter,49.200000000000003,228.90000000000001,118.2,118,Spill above planned surface spill all day was combination of surface and traditional spill likely due to lack of market.;
MCN,3/30/2025 14:00,Winter,49.100000000000001,228.90000000000001,118.40000000000001,118,Spill above planned surface spill all day was combination of surface and traditional spill likely due to lack of market.;
MCN,3/30/2025 15:00,Winter,49,229,118.5,118,Spill above planned surface spill all day was combination of surface and traditional spill likely due to lack of market.;
MCN,3/30/2025 16:00,Winter,48.899999999999999,229.19999999999999,118.3,118,Spill above planned surface spill all day was combination of surface and traditional spill likely due to lack of market.;
MCN,3/30/2025 17:00,Winter,48.799999999999997,229,118.3,118,Spill above planned surface spill all day was combination of surface and traditional spill likely due to lack of market.;
MCN,3/30/2025 18:00,Winter,49.399999999999999,229.69999999999999,118,118,Spill above planned surface spill all day was combination of surface and traditional spill likely due to lack of market.;
MCN,3/30/2025 19:00,Winter,49.5,230,118.3,118,Spill above planned surface spill all day was combination of surface and traditional spill likely due to lack of market.;
MCN,3/30/2025 20:00,Winter,49.799999999999997,230.30000000000001,118.3,118,Spill above planned surface spill all day was combination of surface and traditional spill likely due to lack of market.;
MCN,3/30/2025 21:00,Winter,50,230.59999999999999,118.40000000000001,118,Spill above planned surface spill all day was combination of surface and traditional spill likely due to lack of market.;
MCN,3/30/2025 22:00,Winter,50,230.59999999999999,118.40000000000001,118,Spill above planned surface spill all day was combination of surface and traditional spill likely due to lack of market.;
MCN,3/30/2025 23:00,Winter,50,230.80000000000001,118.3,118,Spill above planned surface spill all day was combination of surface and traditional spill likely due to lack of market.;
MCN,3/31/2025 0:00,Winter,50.100000000000001,230.40000000000001,118.3,118,Spill above planned surface spill all day was combination of surface and traditional spill likely due to lack of market.;
MCN,3/31/2025 1:00,Winter,50.299999999999997,231,118.3,118,Spill above planned surface spill all day was combination of surface and traditional spill likely due to lack of market.;
MCN,3/31/2025 2:00,Winter,50.200000000000003,230.5,118.40000000000001,118,Spill above planned surface spill all day was combination of surface and traditional spill likely due to lack of market.;
MCN,3/31/2025 3:00,Winter,50.299999999999997,230.69999999999999,118.5,118,Spill above planned surface spill all day was combination of surface and traditional spill likely due to lack of market.;
MCN,3/31/2025 4:00,Winter,50.299999999999997,230.69999999999999,118.59999999999999,118,Spill above planned surface spill all day was combination of surface and traditional spill likely due to lack of market.;
MCN,3/31/2025 5:00,Winter,50.200000000000003,230.69999999999999,118.59999999999999,118,Spill above planned surface spill all day was combination of surface and traditional spill likely due to lack of market.;
MCN,3/31/2025 6:00,Winter,50.399999999999999,230.80000000000001,118.59999999999999,118,Spill above planned surface spill all day was combination of surface and traditional spill likely due to lack of market.;
MCN,3/31/2025 7:00,Winter,50,230.19999999999999,118.7,118,Spill above planned surface spill all day was combination of surface and traditional spill likely due to lack of market.;
MCN,3/31/2025 8:00,Winter,50.100000000000001,230.59999999999999,118.8,118,Spill above planned surface spill all day was combination of surface and traditional spill likely due to lack of market.;
MCN,3/31/2025 9:00,Winter,41.600000000000001,222.09999999999999,118.5,118,Spill above planned surface spill all day was combination of surface and traditional spill likely due to lack of market.;
MCN,3/31/2025 10:00,Winter,40,220.59999999999999,118,118,Spill above planned surface spill all day was combination of surface and traditional spill likely due to lack of market.;
MCN,3/31/2025 11:00,Winter,40.299999999999997,220.69999999999999,117.5,118,Spill above planned surface spill all day was combination of surface and traditional spill likely due to lack of market.;
MCN,3/31/2025 12:00,Winter,39.899999999999999,220.19999999999999,117.3,118,Spill above planned surface spill all day was combination of surface and traditional spill likely due to lack of market.;
MCN,3/31/2025 13:00,Winter,30.100000000000001,211.69999999999999,117.09999999999999,118,Spill above planned surface spill all day was combination of surface and traditional spill likely due to lack of market.;
MCN,3/31/2025 14:00,Winter,30,212.5,116.59999999999999,118,Spill above planned surface spill all day was combination of surface and traditional spill likely due to lack of market.;
MCN,3/31/2025 15:00,Winter,29.899999999999999,211.69999999999999,116.09999999999999,118,Spill above planned surface spill all day was combination of surface and traditional spill likely due to lack of market.;
MCN,3/31/2025 16:00,Winter,29.899999999999999,211,115.90000000000001,118,Spill above planned surface spill all day was combination of surface and traditional spill likely due to lack of market.;
MCN,3/31/2025 17:00,Winter,30,213.69999999999999,115.7,118,Spill above planned surface spill all day was combination of surface and traditional spill likely due to lack of market.;
MCN,3/31/2025 18:00,Winter,30,209.90000000000001,115.59999999999999,118,Spill above planned surface spill all day was combination of surface and traditional spill likely due to lack of market.;
MCN,3/31/2025 19:00,Winter,30,210.19999999999999,115.40000000000001,118,Spill above planned surface spill all day was combination of surface and traditional spill likely due to lack of market.;
MCN,3/31/2025 20:00,Winter,30,210.40000000000001,115.2,118,Spill above planned surface spill all day was combination of surface and traditional spill likely due to lack of market.;
MCN,3/31/2025 21:00,Winter,30.100000000000001,210.19999999999999,115.2,118,Spill above planned surface spill all day was combination of surface and traditional spill likely due to lack of market.;
MCN,3/31/2025 22:00,Winter,30,210.19999999999999,115.09999999999999,118,Spill above planned surface spill all day was combination of surface and traditional spill likely due to lack of market.;
MCN,3/31/2025 23:00,Winter,30,210.09999999999999,114.90000000000001,118,Spill above planned surface spill all day was combination of surface and traditional spill likely due to lack of market.;
MCN,4/1/2025 0:00,Winter,30,210.19999999999999,114.90000000000001,115,Spill above planned surface spill all day was combination of surface and traditional spill likely due to lack of market.;
MCN,4/1/2025 1:00,Winter,30,210.40000000000001,114.90000000000001,115,Spill above planned surface spill all day was combination of surface and traditional spill likely due to lack of market.;
MCN,4/1/2025 2:00,Winter,30,210.09999999999999,114.8,115,Spill above planned surface spill all day was combination of surface and traditional spill likely due to lack of market.;
MCN,4/1/2025 3:00,Winter,30.100000000000001,210.30000000000001,114.8,115,Spill above planned surface spill all day was combination of surface and traditional spill likely due to lack of market.;
MCN,4/1/2025 4:00,Winter,30.199999999999999,210.09999999999999,114.90000000000001,115,Spill above planned surface spill all day was combination of surface and traditional spill likely due to lack of market.;
MCN,4/1/2025 5:00,Winter,30.300000000000001,210,114.90000000000001,115,Spill above planned surface spill all day was combination of surface and traditional spill likely due to lack of market.;
MCN,4/1/2025 6:00,Winter,30.399999999999999,210,115.09999999999999,115,Spill above planned surface spill all day was combination of surface and traditional spill likely due to lack of market.;
MCN,4/1/2025 7:00,Winter,30.5,210.09999999999999,115.2,115,Spill above planned surface spill all day was combination of surface and traditional spill likely due to lack of market.;
MCN,4/1/2025 8:00,Winter,30.5,209.80000000000001,115.3,115,Spill above planned surface spill all day was combination of surface and traditional spill likely due to lack of market.;
MCN,4/1/2025 9:00,Winter,29.899999999999999,211.59999999999999,115.40000000000001,115,Spill above planned surface spill all day was combination of surface and traditional spill likely due to lack of market.;
MCN,4/1/2025 10:00,Winter,29.899999999999999,211.5,115.40000000000001,115,Spill above planned surface spill all day was combination of surface and traditional spill likely due to lack of market.;
MCN,4/1/2025 11:00,Winter,30,211.5,115.40000000000001,115,Spill above planned surface spill all day was combination of surface and traditional spill likely due to lack of market.;
MCN,4/1/2025 12:00,Winter,30,209.80000000000001,115.59999999999999,115,Spill above planned surface spill all day was combination of surface and traditional spill likely due to lack of market.;
MCN,4/1/2025 13:00,Winter,20.699999999999999,200.09999999999999,115.5,115,Spill above planned surface spill all day was combination of surface and traditional spill likely due to lack of market.;
MCN,4/1/2025 14:00,Winter,20.199999999999999,199.30000000000001,114.90000000000001,115,Spill above planned surface spill all day was combination of surface and traditional spill likely due to lack of market.;
MCN,4/1/2025 15:00,Winter,20.199999999999999,199.19999999999999,114.3,115,Spill above planned surface spill all day was combination of surface and traditional spill likely due to lack of market.;
MCN,4/1/2025 16:00,Winter,20.300000000000001,199.30000000000001,113.90000000000001,115,Spill above planned surface spill all day was combination of surface and traditional spill likely due to lack of market.;
MCN,4/1/2025 17:00,Winter,20.399999999999999,199.40000000000001,113.7,115,Spill above planned surface spill all day was combination of surface and traditional spill likely due to lack of market.;
MCN,4/1/2025 18:00,Winter,20.100000000000001,199.30000000000001,113.40000000000001,115,Spill above planned surface spill all day was combination of surface and traditional spill likely due to lack of market.;
MCN,4/1/2025 19:00,Winter,20.199999999999999,199.09999999999999,113.09999999999999,115,Spill above planned surface spill all day was combination of surface and traditional spill likely due to lack of market.;
MCN,4/1/2025 20:00,Winter,20.300000000000001,198.59999999999999,112.90000000000001,115,Spill above planned surface spill all day was combination of surface and traditional spill likely due to lack of market.;
MCN,4/1/2025 21:00,Winter,20.399999999999999,198.30000000000001,112.90000000000001,115,Spill above planned surface spill all day was combination of surface and traditional spill likely due to lack of market.;
MCN,4/1/2025 22:00,Winter,20.5,199,112.8,115,Spill above planned surface spill all day was combination of surface and traditional spill likely due to lack of market.;
MCN,4/1/2025 23:00,Winter,20.5,198.69999999999999,112.90000000000001,115,Spill above planned surface spill all day was combination of surface and traditional spill likely due to lack of market.;
MCN,4/2/2025 0:00,Winter,20.699999999999999,199,113,113,Spill above planned surface spill through 0600 hours was combination of surface and traditional spill likely due to lack of market.;
MCN,4/2/2025 1:00,Winter,20.699999999999999,199.09999999999999,113,113,Spill above planned surface spill through 0600 hours was combination of surface and traditional spill likely due to lack of market.;
MCN,4/2/2025 2:00,Winter,20.800000000000001,199.09999999999999,113.09999999999999,113,Spill above planned surface spill through 0600 hours was combination of surface and traditional spill likely due to lack of market.;
MCN,4/2/2025 3:00,Winter,21,199.69999999999999,113.2,113,Spill above planned surface spill through 0600 hours was combination of surface and traditional spill likely due to lack of market.;
MCN,4/2/2025 4:00,Winter,21,199.80000000000001,113.3,113,Spill above planned surface spill through 0600 hours was combination of surface and traditional spill likely due to lack of market.;
MCN,4/2/2025 5:00,Winter,19.800000000000001,198.59999999999999,113.40000000000001,113,Spill above planned surface spill through 0600 hours was combination of surface and traditional spill likely due to lack of market.;
MCN,4/2/2025 6:00,Winter,13.5,191.90000000000001,113.40000000000001,113,Spill above planned surface spill through 0600 hours was combination of surface and traditional spill likely due to lack of market.;
MCN,4/2/2025 7:00,Winter,9.9000000000000004,187.80000000000001,112.90000000000001,113,Spill above planned surface spill through 0600 hours was combination of surface and traditional spill likely due to lack of market.;
MCN,4/2/2025 8:00,Winter,9.9000000000000004,172.69999999999999,112.5,113,Spill above planned surface spill through 0600 hours was combination of surface and traditional spill likely due to lack of market.;
MCN,4/2/2025 9:00,Winter,9.9000000000000004,172,112.2,113,Spill above planned surface spill through 0600 hours was combination of surface and traditional spill likely due to lack of market.;
MCN,4/2/2025 10:00,Winter,10,172,111.90000000000001,113,Spill above planned surface spill through 0600 hours was combination of surface and traditional spill likely due to lack of market.;
MCN,4/2/2025 11:00,Winter,10,172.30000000000001,111.90000000000001,113,Spill above planned surface spill through 0600 hours was combination of surface and traditional spill likely due to lack of market.;
MCN,4/2/2025 12:00,Winter,10.1,174.69999999999999,111.90000000000001,113,Spill above planned surface spill through 0600 hours was combination of surface and traditional spill likely due to lack of market.;
MCN,4/2/2025 13:00,Winter,10.1,173,111.8,113,Spill above planned surface spill through 0600 hours was combination of surface and traditional spill likely due to lack of market.;
MCN,4/2/2025 14:00,Winter,10.1,172.90000000000001,111.90000000000001,113,Spill above planned surface spill through 0600 hours was combination of surface and traditional spill likely due to lack of market.;
MCN,4/2/2025 15:00,Winter,10.1,172.30000000000001,111.90000000000001,113,Spill above planned surface spill through 0600 hours was combination of surface and traditional spill likely due to lack of market.;
MCN,4/2/2025 16:00,Winter,10.1,172.90000000000001,111.8,113,Spill above planned surface spill through 0600 hours was combination of surface and traditional spill likely due to lack of market.;
MCN,4/2/2025 17:00,Winter,10.1,171.59999999999999,111.7,113,Spill above planned surface spill through 0600 hours was combination of surface and traditional spill likely due to lack of market.;
MCN,4/2/2025 18:00,Winter,10.1,174.09999999999999,111.59999999999999,113,Spill above planned surface spill through 0600 hours was combination of surface and traditional spill likely due to lack of market.;
MCN,4/2/2025 19:00,Winter,10,183,111.2,113,Spill above planned surface spill through 0600 hours was combination of surface and traditional spill likely due to lack of market.;
MCN,4/2/2025 20:00,Winter,10,183.5,110.90000000000001,113,Spill above planned surface spill through 0600 hours was combination of surface and traditional spill likely due to lack of market.;
MCN,4/2/2025 21:00,Winter,10,183.19999999999999,110.59999999999999,113,Spill above planned surface spill through 0600 hours was combination of surface and traditional spill likely due to lack of market.;
MCN,4/2/2025 22:00,Winter,9.9000000000000004,183.40000000000001,110.40000000000001,113,Spill above planned surface spill through 0600 hours was combination of surface and traditional spill likely due to lack of market.;
MCN,4/2/2025 23:00,Winter,9.9000000000000004,183.59999999999999,110.09999999999999,113,Spill above planned surface spill through 0600 hours was combination of surface and traditional spill likely due to lack of market.;
MCN,4/3/2025 0:00,Winter,9.9000000000000004,182.5,110,110,
MCN,4/3/2025 1:00,Winter,9.9000000000000004,161,109.8,110,
MCN,4/3/2025 2:00,Winter,9.8000000000000007,159.09999999999999,109.7,110,
MCN,4/3/2025 3:00,Winter,9.8000000000000007,159,109.5,110,
MCN,4/3/2025 4:00,Winter,9.9000000000000004,159.59999999999999,109.59999999999999,110,
MCN,4/3/2025 5:00,Winter,9.9000000000000004,160.30000000000001,109.59999999999999,110,
MCN,4/3/2025 6:00,Winter,9.9000000000000004,159.5,109.5,110,
MCN,4/3/2025 7:00,Winter,10,147.5,109.59999999999999,110,
MCN,4/3/2025 8:00,Winter,10,144,109.59999999999999,110,
MCN,4/3/2025 9:00,Winter,10,147.09999999999999,109.7,110,
MCN,4/3/2025 10:00,Winter,10.1,145.30000000000001,109.7,110,
MCN,4/3/2025 11:00,Winter,10.199999999999999,145.19999999999999,109.8,110,
MCN,4/3/2025 12:00,Winter,10.199999999999999,146.90000000000001,110.09999999999999,110,
MCN,4/3/2025 13:00,Winter,10.199999999999999,161.19999999999999,110.40000000000001,110,
MCN,4/3/2025 14:00,Winter,10.199999999999999,162,110.5,110,
MCN,4/3/2025 15:00,Winter,10.199999999999999,162.80000000000001,110.5,110,
MCN,4/3/2025 16:00,Winter,10.300000000000001,162.19999999999999,110.5,110,
MCN,4/3/2025 17:00,Winter,10.300000000000001,169,110.5,110,
MCN,4/3/2025 18:00,Winter,10.199999999999999,185.30000000000001,110.5,110,
MCN,4/3/2025 19:00,Winter,10.199999999999999,186.90000000000001,110.5,110,
MCN,4/3/2025 20:00,Winter,10.199999999999999,185.30000000000001,110.2,110,
MCN,4/3/2025 21:00,Winter,10.199999999999999,185.59999999999999,110.09999999999999,110,
MCN,4/3/2025 22:00,Winter,10.1,185.69999999999999,110,110,
MCN,4/3/2025 23:00,Winter,10.1,185.5,109.8,110,
MCN,4/4/2025 0:00,Winter,10.1,175.80000000000001,109.7,110,
MCN,4/4/2025 1:00,Winter,10.1,174.90000000000001,109.5,110,
MCN,4/4/2025 2:00,Winter,10.1,174.5,109.40000000000001,110,
MCN,4/4/2025 3:00,Winter,10,175,109.3,110,
MCN,4/4/2025 4:00,Winter,10,180.40000000000001,109.2,110,
MCN,4/4/2025 5:00,Winter,10,183.69999999999999,109.09999999999999,110,
MCN,4/4/2025 6:00,Winter,9.9000000000000004,188.09999999999999,108.90000000000001,110,
MCN,4/4/2025 7:00,Winter,9.9000000000000004,189,108.90000000000001,110,
MCN,4/4/2025 8:00,Winter,9.8000000000000007,187.5,108.8,110,
MCN,4/4/2025 9:00,Winter,9.9000000000000004,170.80000000000001,108.8,110,
MCN,4/4/2025 10:00,Winter,9.9000000000000004,168.19999999999999,108.90000000000001,110,
MCN,4/4/2025 11:00,Winter,9.9000000000000004,169.5,108.90000000000001,110,
MCN,4/4/2025 12:00,Winter,10,169,109.09999999999999,110,
MCN,4/4/2025 13:00,Winter,10.1,169.09999999999999,109.3,110,
MCN,4/4/2025 14:00,Winter,10,184.09999999999999,109.40000000000001,110,
MCN,4/4/2025 15:00,Winter,10.1,186.90000000000001,109.5,110,
MCN,4/4/2025 16:00,Winter,10.1,182.80000000000001,109.7,110,
MCN,4/4/2025 17:00,Winter,10.1,186.30000000000001,109.7,110,
MCN,4/4/2025 18:00,Winter,10.1,186.5,109.7,110,
MCN,4/4/2025 19:00,Winter,10.199999999999999,187.40000000000001,109.8,110,
MCN,4/4/2025 20:00,Winter,10.199999999999999,186.09999999999999,109.8,110,
MCN,4/4/2025 21:00,Winter,10.199999999999999,184.69999999999999,109.7,110,
MCN,4/4/2025 22:00,Winter,10.199999999999999,184.30000000000001,109.8,110,
MCN,4/4/2025 23:00,Winter,10.199999999999999,184.59999999999999,109.8,110,
MCN,4/5/2025 0:00,Winter,10.1,185.59999999999999,109.8,111,
MCN,4/5/2025 1:00,Winter,10.1,185.90000000000001,109.8,111,
MCN,4/5/2025 2:00,Winter,10.1,185.40000000000001,109.7,111,
MCN,4/5/2025 3:00,Winter,10.1,186.90000000000001,109.5,111,
MCN,4/5/2025 4:00,Winter,10,186,109.5,111,
MCN,4/5/2025 5:00,Winter,10,185.59999999999999,109.3,111,
MCN,4/5/2025 6:00,Winter,10,185,109.3,111,
MCN,4/5/2025 7:00,Winter,9.9000000000000004,184.69999999999999,109.2,111,
MCN,4/5/2025 8:00,Winter,9.9000000000000004,185.5,109,111,
MCN,4/5/2025 9:00,Winter,9.9000000000000004,165.40000000000001,109.2,111,
MCN,4/5/2025 10:00,Winter,9.9000000000000004,164.59999999999999,109.2,111,
MCN,4/5/2025 11:00,Winter,9.9000000000000004,165.09999999999999,109.3,111,
MCN,4/5/2025 12:00,Winter,10,166,109.59999999999999,111,
MCN,4/5/2025 13:00,Winter,10,165.59999999999999,109.8,111,
MCN,4/5/2025 14:00,Winter,10,165.90000000000001,110.09999999999999,111,
MCN,4/5/2025 15:00,Winter,10,165.5,110.40000000000001,111,
MCN,4/5/2025 16:00,Winter,10,166.69999999999999,110.59999999999999,111,
MCN,4/5/2025 17:00,Winter,10,166.30000000000001,110.59999999999999,111,
MCN,4/5/2025 18:00,Winter,10.1,159.5,110.8,111,
MCN,4/5/2025 19:00,Winter,9.9000000000000004,183.5,110.8,111,
MCN,4/5/2025 20:00,Winter,9.9000000000000004,186.19999999999999,110.90000000000001,111,
MCN,4/5/2025 21:00,Winter,10,185,110.90000000000001,111,
MCN,4/5/2025 22:00,Winter,9.9000000000000004,185.90000000000001,111,111,
MCN,4/5/2025 23:00,Winter,9.8000000000000007,186.5,111,111,
MCN,4/6/2025 0:00,Winter,9.8000000000000007,185.30000000000001,111,112,
MCN,4/6/2025 1:00,Winter,9.8000000000000007,185.90000000000001,110.90000000000001,112,
MCN,4/6/2025 2:00,Winter,9.6999999999999993,188,110.90000000000001,112,
MCN,4/6/2025 3:00,Winter,9.5999999999999996,187.69999999999999,110.8,112,
MCN,4/6/2025 4:00,Winter,9.5999999999999996,186.80000000000001,110.8,112,
MCN,4/6/2025 5:00,Winter,9.5,186.90000000000001,110.7,112,
MCN,4/6/2025 6:00,Winter,9.4000000000000004,187.69999999999999,110.7,112,
MCN,4/6/2025 7:00,Winter,9.4000000000000004,186.80000000000001,110.59999999999999,112,
MCN,4/6/2025 8:00,Winter,9.3000000000000007,186.69999999999999,110.59999999999999,112,
MCN,4/6/2025 9:00,Winter,9.4000000000000004,162.59999999999999,110.59999999999999,112,
MCN,4/6/2025 10:00,Winter,9.4000000000000004,160.30000000000001,110.8,112,
MCN,4/6/2025 11:00,Winter,9.3000000000000007,160.90000000000001,110.90000000000001,112,
MCN,4/6/2025 12:00,Winter,9.3000000000000007,160.19999999999999,111.2,112,
MCN,4/6/2025 13:00,Winter,9.4000000000000004,160.19999999999999,111.40000000000001,112,
MCN,4/6/2025 14:00,Winter,9.3000000000000007,160.19999999999999,111.7,112,
MCN,4/6/2025 15:00,Winter,9.3000000000000007,160.90000000000001,111.8,112,
MCN,4/6/2025 16:00,Winter,9.3000000000000007,159.59999999999999,111.8,112,
MCN,4/6/2025 17:00,Winter,9.3000000000000007,161.59999999999999,111.90000000000001,112,
MCN,4/6/2025 18:00,Winter,9.3000000000000007,161.09999999999999,111.8,112,
MCN,4/6/2025 19:00,Winter,9.3000000000000007,172.19999999999999,112,112,
MCN,4/6/2025 20:00,Winter,9.1999999999999993,172,112,112,
MCN,4/6/2025 21:00,Winter,9.1999999999999993,172.19999999999999,112,112,
MCN,4/6/2025 22:00,Winter,9.1999999999999993,171.19999999999999,112.09999999999999,112,
MCN,4/6/2025 23:00,Winter,9.3000000000000007,147.69999999999999,112.09999999999999,112,
MCN,4/7/2025 0:00,Winter,9.3000000000000007,145.40000000000001,112,112,
MCN,4/7/2025 1:00,Winter,9.3000000000000007,144.19999999999999,112.09999999999999,112,
MCN,4/7/2025 2:00,Winter,9.3000000000000007,146.59999999999999,112.09999999999999,112,
MCN,4/7/2025 3:00,Winter,9.4000000000000004,146.90000000000001,112.09999999999999,112,
MCN,4/7/2025 4:00,Winter,9.4000000000000004,146.59999999999999,112.2,112,
MCN,4/7/2025 5:00,Winter,9.4000000000000004,146.59999999999999,112.3,112,
MCN,4/7/2025 6:00,Winter,9.4000000000000004,168.69999999999999,112.09999999999999,112,
MCN,4/7/2025 7:00,Winter,9.4000000000000004,173.69999999999999,112,112,
MCN,4/7/2025 8:00,Winter,9.4000000000000004,168.5,111.90000000000001,112,
MCN,4/7/2025 9:00,Winter,9.4000000000000004,148.80000000000001,111.90000000000001,112,
MCN,4/7/2025 10:00,Winter,9.4000000000000004,147.30000000000001,111.8,112,
MCN,4/7/2025 11:00,Winter,9.4000000000000004,146.59999999999999,112,112,
MCN,4/7/2025 12:00,Winter,9.4000000000000004,146.19999999999999,112.2,112,
MCN,4/7/2025 13:00,Winter,9.4000000000000004,147,112.3,112,
MCN,4/7/2025 14:00,Winter,9.5,147.90000000000001,112.59999999999999,112,
MCN,4/7/2025 15:00,Winter,9.5,147.19999999999999,112.5,112,
MCN,4/7/2025 16:00,Winter,9.4000000000000004,146.5,112.3,112,
MCN,4/7/2025 17:00,Winter,9.4000000000000004,147.30000000000001,112.3,112,
MCN,4/7/2025 18:00,Winter,9.3000000000000007,172.09999999999999,112.3,112,
MCN,4/7/2025 19:00,Winter,9.1999999999999993,173.30000000000001,112.2,112,
MCN,4/7/2025 20:00,Winter,9.1999999999999993,176.19999999999999,112.2,112,
MCN,4/7/2025 21:00,Winter,9.0999999999999996,176.5,112,112,
MCN,4/7/2025 22:00,Winter,9.0999999999999996,151.30000000000001,112.09999999999999,112,
MCN,4/7/2025 23:00,Winter,9.0999999999999996,147.40000000000001,112,112,
MCN,4/8/2025 0:00,Winter,9.0999999999999996,130.80000000000001,111.90000000000001,112,
MCN,4/8/2025 1:00,Winter,9.0999999999999996,127.8,111.8,112,
MCN,4/8/2025 2:00,Winter,9.0999999999999996,127.90000000000001,111.8,112,
MCN,4/8/2025 3:00,Winter,9.1999999999999993,129,111.8,112,
MCN,4/8/2025 4:00,Winter,9.1999999999999993,128.69999999999999,111.8,112,
MCN,4/8/2025 5:00,Winter,9.1999999999999993,137.69999999999999,111.8,112,
MCN,4/8/2025 6:00,Winter,9.0999999999999996,158,111.90000000000001,112,
MCN,4/8/2025 7:00,Winter,9.0999999999999996,160.30000000000001,111.8,112,
MCN,4/8/2025 8:00,Winter,9.0999999999999996,161.19999999999999,111.8,112,
MCN,4/8/2025 9:00,Winter,9.1999999999999993,131,111.8,112,
MCN,4/8/2025 10:00,Winter,9.1999999999999993,133.09999999999999,112,112,
MCN,4/8/2025 11:00,Winter,9.1999999999999993,142.5,112.09999999999999,112,
MCN,4/8/2025 12:00,Winter,9.3000000000000007,150.90000000000001,112.09999999999999,112,
MCN,4/8/2025 13:00,Winter,9.3000000000000007,154.69999999999999,112.2,112,
MCN,4/8/2025 14:00,Winter,9.3000000000000007,156.59999999999999,112.3,112,
MCN,4/8/2025 15:00,Winter,9.3000000000000007,158.30000000000001,112.3,112,
MCN,4/8/2025 16:00,Winter,9.3000000000000007,156.09999999999999,112.40000000000001,112,
MCN,4/8/2025 17:00,Winter,9.3000000000000007,154.30000000000001,112.40000000000001,112,
MCN,4/8/2025 18:00,Winter,9.3000000000000007,164.59999999999999,112.40000000000001,112,
MCN,4/8/2025 19:00,Winter,9.1999999999999993,169.69999999999999,112.3,112,
MCN,4/8/2025 20:00,Winter,9.1999999999999993,169.5,112,112,
MCN,4/8/2025 21:00,Winter,9.1999999999999993,167.80000000000001,111.90000000000001,112,
MCN,4/8/2025 22:00,Winter,9.0999999999999996,167.40000000000001,111.8,112,
MCN,4/8/2025 23:00,Winter,9.0999999999999996,168.90000000000001,111.8,112,
MCN,4/9/2025 0:00,Winter,9,168.30000000000001,111.7,112,
MCN,4/9/2025 1:00,Winter,9,167.59999999999999,111.7,112,
MCN,4/9/2025 2:00,Winter,8.9000000000000004,167.59999999999999,111.59999999999999,112,
MCN,4/9/2025 3:00,Winter,8.9000000000000004,167.59999999999999,111.59999999999999,112,
MCN,4/9/2025 4:00,Winter,8.8000000000000007,167.40000000000001,111.5,112,
MCN,4/9/2025 5:00,Winter,8.6999999999999993,167.40000000000001,111.40000000000001,112,
MCN,4/9/2025 6:00,Winter,8.5999999999999996,167.5,111.3,112,
MCN,4/9/2025 7:00,Winter,8.5999999999999996,167.40000000000001,111.3,112,
MCN,4/9/2025 8:00,Winter,8.5,167.59999999999999,111.09999999999999,112,
MCN,4/9/2025 9:00,Winter,8.5999999999999996,154.40000000000001,111,112,
MCN,4/9/2025 10:00,Winter,8.6999999999999993,135.5,111,112,
MCN,4/9/2025 11:00,Winter,8.6999999999999993,134.59999999999999,111.2,112,
MCN,4/9/2025 12:00,Winter,8.8000000000000007,134.90000000000001,111.3,112,
MCN,4/9/2025 13:00,Winter,8.9000000000000004,134.80000000000001,111.5,112,
MCN,4/9/2025 14:00,Winter,8.9000000000000004,154.80000000000001,111.5,112,
MCN,4/9/2025 15:00,Winter,9,156.90000000000001,111.7,112,
MCN,4/9/2025 16:00,Winter,9.0999999999999996,155.80000000000001,111.8,112,
MCN,4/9/2025 17:00,Winter,9.0999999999999996,154.69999999999999,111.90000000000001,112,
MCN,4/9/2025 18:00,Winter,9.0999999999999996,168.19999999999999,111.90000000000001,112,
MCN,4/9/2025 19:00,Winter,9.1999999999999993,175.90000000000001,112,112,
MCN,4/9/2025 20:00,Winter,9.1999999999999993,171.90000000000001,112,112,
MCN,4/9/2025 21:00,Winter,9.3000000000000007,165.19999999999999,112.09999999999999,112,
MCN,4/9/2025 22:00,Winter,9.3000000000000007,165.09999999999999,112,112,
MCN,4/9/2025 23:00,Winter,9.3000000000000007,165,112.09999999999999,112,
JDA,3/1/2025 0:00,Winter,0,131.30000000000001,102,104,
JDA,3/1/2025 1:00,Winter,0,131.80000000000001,102,104,
JDA,3/1/2025 2:00,Winter,0,134.30000000000001,102.09999999999999,104,
JDA,3/1/2025 3:00,Winter,0,130.5,102.2,104,
JDA,3/1/2025 4:00,Winter,0,130.90000000000001,102.2,104,
JDA,3/1/2025 5:00,Winter,0,145.80000000000001,102.2,104,
JDA,3/1/2025 6:00,Winter,0,155.59999999999999,102.2,104,
JDA,3/1/2025 7:00,Winter,0,156.19999999999999,102.2,104,
JDA,3/1/2025 8:00,Winter,0,157.30000000000001,102.40000000000001,104,
JDA,3/1/2025 9:00,Winter,0,146.59999999999999,102.40000000000001,104,
JDA,3/1/2025 10:00,Winter,0,137.09999999999999,102.5,104,
JDA,3/1/2025 11:00,Winter,0,126.2,102.8,104,
JDA,3/1/2025 12:00,Winter,0,116.09999999999999,102.90000000000001,104,
JDA,3/1/2025 13:00,Winter,0,115.3,103.2,104,
JDA,3/1/2025 14:00,Winter,0,116.40000000000001,103.90000000000001,104,
JDA,3/1/2025 15:00,Winter,0,105.40000000000001,103.7,104,
JDA,3/1/2025 16:00,Winter,0,102.09999999999999,103.7,104,
JDA,3/1/2025 17:00,Winter,0,133.40000000000001,103.7,104,
JDA,3/1/2025 18:00,Winter,0,143.90000000000001,103.59999999999999,104,
JDA,3/1/2025 19:00,Winter,0,149.5,103.5,104,
JDA,3/1/2025 20:00,Winter,0,145.5,103.59999999999999,104,
JDA,3/1/2025 21:00,Winter,0,146.19999999999999,103.5,104,
JDA,3/1/2025 22:00,Winter,0,148.69999999999999,103.5,104,
JDA,3/1/2025 23:00,Winter,0,146.40000000000001,103.5,104,
JDA,3/2/2025 0:00,Winter,0,139.59999999999999,103.59999999999999,104,
JDA,3/2/2025 1:00,Winter,0,138.09999999999999,103.59999999999999,104,
JDA,3/2/2025 2:00,Winter,0,123.90000000000001,103.59999999999999,104,
JDA,3/2/2025 3:00,Winter,0,122.90000000000001,103.59999999999999,104,
JDA,3/2/2025 4:00,Winter,0,123.2,103.59999999999999,104,
JDA,3/2/2025 5:00,Winter,0,124,103.59999999999999,104,
JDA,3/2/2025 6:00,Winter,0,149,103.59999999999999,104,
JDA,3/2/2025 7:00,Winter,0,152,103.5,104,
JDA,3/2/2025 8:00,Winter,0,152.40000000000001,103.59999999999999,104,
JDA,3/2/2025 9:00,Winter,0,152,103.59999999999999,104,
JDA,3/2/2025 10:00,Winter,0,152.09999999999999,103.59999999999999,104,
JDA,3/2/2025 11:00,Winter,0,143.59999999999999,103.59999999999999,104,
JDA,3/2/2025 12:00,Winter,0,141,103.7,104,
JDA,3/2/2025 13:00,Winter,0,121,103.7,104,
JDA,3/2/2025 14:00,Winter,0,115.2,103.59999999999999,104,
JDA,3/2/2025 15:00,Winter,0,109.8,103.59999999999999,104,
JDA,3/2/2025 16:00,Winter,0,115.2,103.40000000000001,104,
JDA,3/2/2025 17:00,Winter,0,129.59999999999999,103.3,104,
JDA,3/2/2025 18:00,Winter,0,141.30000000000001,103.40000000000001,104,
JDA,3/2/2025 19:00,Winter,0,150.19999999999999,103.40000000000001,104,
JDA,3/2/2025 20:00,Winter,0,149.90000000000001,103.3,104,
JDA,3/2/2025 21:00,Winter,0,150.5,103.3,104,
JDA,3/2/2025 22:00,Winter,0,151.30000000000001,103.3,104,
JDA,3/2/2025 23:00,Winter,0,136.19999999999999,103.3,104,
JDA,3/3/2025 0:00,Winter,0,112.5,103.40000000000001,103,
JDA,3/3/2025 1:00,Winter,0,105.5,103.40000000000001,103,
JDA,3/3/2025 2:00,Winter,0,108.5,103.40000000000001,103,
JDA,3/3/2025 3:00,Winter,0,113,103.3,103,
JDA,3/3/2025 4:00,Winter,0,113.2,103.3,103,
JDA,3/3/2025 5:00,Winter,0,117.8,103.3,103,
JDA,3/3/2025 6:00,Winter,0,135.19999999999999,103.3,103,
JDA,3/3/2025 7:00,Winter,0,150.40000000000001,103.3,103,
JDA,3/3/2025 8:00,Winter,0,148.5,103.2,103,
JDA,3/3/2025 9:00,Winter,0,133.09999999999999,103.59999999999999,103,
JDA,3/3/2025 10:00,Winter,0,151.59999999999999,103.40000000000001,103,
JDA,3/3/2025 11:00,Winter,0,141.90000000000001,103.3,103,
JDA,3/3/2025 12:00,Winter,0,139.80000000000001,103.59999999999999,103,
JDA,3/3/2025 13:00,Winter,0,140.90000000000001,103.59999999999999,103,
JDA,3/3/2025 14:00,Winter,0,123,103.59999999999999,103,
JDA,3/3/2025 15:00,Winter,0,116.7,103.40000000000001,103,
JDA,3/3/2025 16:00,Winter,0,116.40000000000001,103.40000000000001,103,
JDA,3/3/2025 17:00,Winter,0,127.5,103.3,103,
JDA,3/3/2025 18:00,Winter,0,156.69999999999999,103.3,103,
JDA,3/3/2025 19:00,Winter,0,156.30000000000001,103.2,103,
JDA,3/3/2025 20:00,Winter,0,154.59999999999999,103,103,
JDA,3/3/2025 21:00,Winter,0,156,103,103,
JDA,3/3/2025 22:00,Winter,0,157.40000000000001,103,103,
JDA,3/3/2025 23:00,Winter,0,155.69999999999999,103,103,
JDA,3/4/2025 0:00,Winter,0,128.09999999999999,102.8,103,
JDA,3/4/2025 1:00,Winter,0,85.599999999999994,102.8,103,
JDA,3/4/2025 2:00,Winter,0,96.700000000000003,103,103,
JDA,3/4/2025 3:00,Winter,0,97,102.90000000000001,103,
JDA,3/4/2025 4:00,Winter,0,97.599999999999994,102.8,103,
JDA,3/4/2025 5:00,Winter,0,128.19999999999999,102.90000000000001,103,
JDA,3/4/2025 6:00,Winter,0,156.69999999999999,102.8,103,
JDA,3/4/2025 7:00,Winter,0,157.19999999999999,102.90000000000001,103,
JDA,3/4/2025 8:00,Winter,0,153.59999999999999,102.90000000000001,103,
JDA,3/4/2025 9:00,Winter,0,130.40000000000001,102.90000000000001,103,
JDA,3/4/2025 10:00,Winter,0,114.3,102.8,103,
JDA,3/4/2025 11:00,Winter,0,116.09999999999999,102.90000000000001,103,
JDA,3/4/2025 12:00,Winter,0,116,103,103,
JDA,3/4/2025 13:00,Winter,0,114.90000000000001,103.2,103,
JDA,3/4/2025 14:00,Winter,0,110.7,103.2,103,
JDA,3/4/2025 15:00,Winter,0,103.8,103.2,103,
JDA,3/4/2025 16:00,Winter,0,106,103.2,103,
JDA,3/4/2025 17:00,Winter,0,132.40000000000001,103.2,103,
JDA,3/4/2025 18:00,Winter,0,165.59999999999999,103.2,103,
JDA,3/4/2025 19:00,Winter,0,165.80000000000001,102.90000000000001,103,
JDA,3/4/2025 20:00,Winter,0,167.80000000000001,102.90000000000001,103,
JDA,3/4/2025 21:00,Winter,0,165.90000000000001,102.90000000000001,103,
JDA,3/4/2025 22:00,Winter,0,146.5,102.59999999999999,103,
JDA,3/4/2025 23:00,Winter,0,122.09999999999999,102.8,103,
JDA,3/5/2025 0:00,Winter,0,101,102.59999999999999,104,
JDA,3/5/2025 1:00,Winter,0,103.40000000000001,102.59999999999999,104,
JDA,3/5/2025 2:00,Winter,0,103,102.5,104,
JDA,3/5/2025 3:00,Winter,0,101.3,102.59999999999999,104,
JDA,3/5/2025 4:00,Winter,0,102.90000000000001,102.59999999999999,104,
JDA,3/5/2025 5:00,Winter,0,125.90000000000001,102.8,104,
JDA,3/5/2025 6:00,Winter,0,153.40000000000001,102.8,104,
JDA,3/5/2025 7:00,Winter,0,156.5,102.8,104,
JDA,3/5/2025 8:00,Winter,0,156.59999999999999,103,104,
JDA,3/5/2025 9:00,Winter,0,133.5,103,104,
JDA,3/5/2025 10:00,Winter,0,134.69999999999999,103,104,
JDA,3/5/2025 11:00,Winter,0,134.69999999999999,103.3,104,
JDA,3/5/2025 12:00,Winter,0,138.90000000000001,103.59999999999999,104,
JDA,3/5/2025 13:00,Winter,0,133.09999999999999,103.7,104,
JDA,3/5/2025 14:00,Winter,0,126,104,104,
JDA,3/5/2025 15:00,Winter,0,127.59999999999999,104.2,104,
JDA,3/5/2025 16:00,Winter,0,117,104.2,104,
JDA,3/5/2025 17:00,Winter,0,137.59999999999999,104.40000000000001,104,
JDA,3/5/2025 18:00,Winter,0,146.30000000000001,104.2,104,
JDA,3/5/2025 19:00,Winter,0,148.19999999999999,104.2,104,
JDA,3/5/2025 20:00,Winter,0,149,104.40000000000001,104,
JDA,3/5/2025 21:00,Winter,0,148.90000000000001,104.2,104,
JDA,3/5/2025 22:00,Winter,0,140.09999999999999,104.2,104,
JDA,3/5/2025 23:00,Winter,0,116,104.09999999999999,104,
JDA,3/6/2025 0:00,Winter,0,99.700000000000003,104.09999999999999,105,
JDA,3/6/2025 1:00,Winter,0,103.7,104.40000000000001,105,
JDA,3/6/2025 2:00,Winter,0,102.40000000000001,104.5,105,
JDA,3/6/2025 3:00,Winter,0,103.09999999999999,104.5,105,
JDA,3/6/2025 4:00,Winter,0,106.90000000000001,104.5,105,
JDA,3/6/2025 5:00,Winter,0,128.5,104.59999999999999,105,
JDA,3/6/2025 6:00,Winter,0,157.59999999999999,104.2,105,
JDA,3/6/2025 7:00,Winter,0,156.69999999999999,104.09999999999999,105,
JDA,3/6/2025 8:00,Winter,0,156,104.09999999999999,105,
JDA,3/6/2025 9:00,Winter,0,137.90000000000001,104.09999999999999,105,
JDA,3/6/2025 10:00,Winter,0,136.5,104.09999999999999,105,
JDA,3/6/2025 11:00,Winter,0,134.09999999999999,104.2,105,
JDA,3/6/2025 12:00,Winter,0,134.69999999999999,104.40000000000001,105,
JDA,3/6/2025 13:00,Winter,0,123.3,104.40000000000001,105,
JDA,3/6/2025 14:00,Winter,0,125.5,104.59999999999999,105,
JDA,3/6/2025 15:00,Winter,0,114.3,104.59999999999999,105,
JDA,3/6/2025 16:00,Winter,0,114.7,104.59999999999999,105,
JDA,3/6/2025 17:00,Winter,0,117.2,104.5,105,
JDA,3/6/2025 18:00,Winter,0,145.30000000000001,104.40000000000001,105,
JDA,3/6/2025 19:00,Winter,0,145.80000000000001,104.2,105,
JDA,3/6/2025 20:00,Winter,0,153,104.09999999999999,105,
JDA,3/6/2025 21:00,Winter,0,148.40000000000001,104,105,
JDA,3/6/2025 22:00,Winter,0,152.09999999999999,104.2,105,
JDA,3/6/2025 23:00,Winter,0,156.69999999999999,104,105,
JDA,3/7/2025 0:00,Winter,0,131.5,103.8,104,
JDA,3/7/2025 1:00,Winter,0,146.69999999999999,103.8,104,
JDA,3/7/2025 2:00,Winter,0,149.59999999999999,103.7,104,
JDA,3/7/2025 3:00,Winter,0,152.09999999999999,103.7,104,
JDA,3/7/2025 4:00,Winter,0,152.5,103.59999999999999,104,
JDA,3/7/2025 5:00,Winter,0,172.30000000000001,103.59999999999999,104,
JDA,3/7/2025 6:00,Winter,0,184.5,103.5,104,
JDA,3/7/2025 7:00,Winter,0,165,103.40000000000001,104,
JDA,3/7/2025 8:00,Winter,0,159.59999999999999,103.40000000000001,104,
JDA,3/7/2025 9:00,Winter,0,131,103.40000000000001,104,
JDA,3/7/2025 10:00,Winter,0,88.799999999999997,103.3,104,
JDA,3/7/2025 11:00,Winter,0,93,103.40000000000001,104,
JDA,3/7/2025 12:00,Winter,0,98.200000000000003,103.40000000000001,104,
JDA,3/7/2025 13:00,Winter,0,99.5,103.5,104,
JDA,3/7/2025 14:00,Winter,0,102.5,103.40000000000001,104,
JDA,3/7/2025 15:00,Winter,0,103.3,103.40000000000001,104,
JDA,3/7/2025 16:00,Winter,0,100.90000000000001,103.7,104,
JDA,3/7/2025 17:00,Winter,0,113.2,103.90000000000001,104,
JDA,3/7/2025 18:00,Winter,0,144.59999999999999,103.5,104,
JDA,3/7/2025 19:00,Winter,0,157.19999999999999,103.5,104,
JDA,3/7/2025 20:00,Winter,0,149.19999999999999,103.5,104,
JDA,3/7/2025 21:00,Winter,0,147.90000000000001,103.3,104,
JDA,3/7/2025 22:00,Winter,0,150.09999999999999,103.3,104,
JDA,3/7/2025 23:00,Winter,0,148.30000000000001,103.3,104,
JDA,3/8/2025 0:00,Winter,0,133.80000000000001,103.3,103,
JDA,3/8/2025 1:00,Winter,0,133.40000000000001,103.09999999999999,103,
JDA,3/8/2025 2:00,Winter,0,132.5,103,103,
JDA,3/8/2025 3:00,Winter,0,133.09999999999999,103.09999999999999,103,
JDA,3/8/2025 4:00,Winter,0,135.69999999999999,103.09999999999999,103,
JDA,3/8/2025 5:00,Winter,0,134.40000000000001,103,103,
JDA,3/8/2025 6:00,Winter,0,140.59999999999999,102.90000000000001,103,
JDA,3/8/2025 7:00,Winter,0,143.80000000000001,102.90000000000001,103,
JDA,3/8/2025 8:00,Winter,0,135.59999999999999,102.90000000000001,103,
JDA,3/8/2025 9:00,Winter,0,132.09999999999999,103,103,
JDA,3/8/2025 10:00,Winter,0,116.40000000000001,103,103,
JDA,3/8/2025 11:00,Winter,0,108.3,103,103,
JDA,3/8/2025 12:00,Winter,0,88.400000000000006,103.09999999999999,103,
JDA,3/8/2025 13:00,Winter,0,81.799999999999997,103.3,103,
JDA,3/8/2025 14:00,Winter,0,74,103.3,103,
JDA,3/8/2025 15:00,Winter,0,74.599999999999994,103.3,103,
JDA,3/8/2025 16:00,Winter,0,82.599999999999994,103.3,103,
JDA,3/8/2025 17:00,Winter,0,112.5,103.40000000000001,103,
JDA,3/8/2025 18:00,Winter,0,140.40000000000001,103.40000000000001,103,
JDA,3/8/2025 19:00,Winter,0,142.30000000000001,103.3,103,
JDA,3/8/2025 20:00,Winter,0,135.59999999999999,103.3,103,
JDA,3/8/2025 21:00,Winter,0,130.90000000000001,103.2,103,
JDA,3/8/2025 22:00,Winter,0,128.69999999999999,103,103,
JDA,3/8/2025 23:00,Winter,0,148.5,103.2,103,
JDA,3/9/2025 0:00,Winter,0,151.19999999999999,103.2,104,
JDA,3/9/2025 1:00,Winter,0,150.19999999999999,103.2,104,
JDA,3/9/2025 2:00,Winter,0,124.7,,104,
JDA,3/9/2025 3:00,Winter,0,124.7,103,104,
JDA,3/9/2025 4:00,Winter,0,124.7,103.2,104,
JDA,3/9/2025 5:00,Winter,0,125,103.2,104,
JDA,3/9/2025 6:00,Winter,0,143.59999999999999,103.2,104,
JDA,3/9/2025 7:00,Winter,0,149.69999999999999,103.2,104,
JDA,3/9/2025 8:00,Winter,0,147.09999999999999,103.2,104,
JDA,3/9/2025 9:00,Winter,0,128,103,104,
JDA,3/9/2025 10:00,Winter,0,122.59999999999999,103,104,
JDA,3/9/2025 11:00,Winter,0,107,103.2,104,
JDA,3/9/2025 12:00,Winter,0,105.3,103.3,104,
JDA,3/9/2025 13:00,Winter,0,88.799999999999997,103.40000000000001,104,
JDA,3/9/2025 14:00,Winter,0,76.599999999999994,103.59999999999999,104,
JDA,3/9/2025 15:00,Winter,0,79.599999999999994,103.8,104,
JDA,3/9/2025 16:00,Winter,0,78.200000000000003,103.7,104,
JDA,3/9/2025 17:00,Winter,0,99.099999999999994,103.7,104,
JDA,3/9/2025 18:00,Winter,0,133.40000000000001,103.7,104,
JDA,3/9/2025 19:00,Winter,0,140.80000000000001,103.7,104,
JDA,3/9/2025 20:00,Winter,0,141.19999999999999,103.59999999999999,104,
JDA,3/9/2025 21:00,Winter,0,140.5,103.40000000000001,104,
JDA,3/9/2025 22:00,Winter,0,148.80000000000001,103.40000000000001,104,
JDA,3/9/2025 23:00,Winter,0,141.80000000000001,103.3,104,
JDA,3/10/2025 0:00,Winter,0,139.69999999999999,103.2,103,
JDA,3/10/2025 1:00,Winter,0,122.3,103,103,
JDA,3/10/2025 2:00,Winter,0,119.3,103,103,
JDA,3/10/2025 3:00,Winter,0,120.40000000000001,103,103,
JDA,3/10/2025 4:00,Winter,0,120.09999999999999,102.90000000000001,103,
JDA,3/10/2025 5:00,Winter,0,120.59999999999999,102.8,103,
JDA,3/10/2025 6:00,Winter,0,140.59999999999999,102.8,103,
JDA,3/10/2025 7:00,Winter,0,169.5,102.59999999999999,103,
JDA,3/10/2025 8:00,Winter,0,164.19999999999999,102.59999999999999,103,
JDA,3/10/2025 9:00,Winter,0,165.19999999999999,102.8,103,
JDA,3/10/2025 10:00,Winter,0,146.69999999999999,102.59999999999999,103,
JDA,3/10/2025 11:00,Winter,0,135.30000000000001,102.8,103,
JDA,3/10/2025 12:00,Winter,0,134.30000000000001,102.90000000000001,103,
JDA,3/10/2025 13:00,Winter,0,131.09999999999999,102.90000000000001,103,
JDA,3/10/2025 14:00,Winter,0,129.30000000000001,103.2,103,
JDA,3/10/2025 15:00,Winter,0,133.90000000000001,103.2,103,
JDA,3/10/2025 16:00,Winter,0,134.19999999999999,103.3,103,
JDA,3/10/2025 17:00,Winter,0,134.69999999999999,103.3,103,
JDA,3/10/2025 18:00,Winter,0,161.69999999999999,103.40000000000001,103,
JDA,3/10/2025 19:00,Winter,0,164.40000000000001,103.40000000000001,103,
JDA,3/10/2025 20:00,Winter,0,167.09999999999999,103.59999999999999,103,
JDA,3/10/2025 21:00,Winter,0,167.69999999999999,103.59999999999999,103,
JDA,3/10/2025 22:00,Winter,0,168.80000000000001,103.59999999999999,103,
JDA,3/10/2025 23:00,Winter,0,133.40000000000001,103.5,103,
JDA,3/11/2025 0:00,Winter,0,131.40000000000001,103.5,104,
JDA,3/11/2025 1:00,Winter,0,101.2,103.5,104,
JDA,3/11/2025 2:00,Winter,0,97.900000000000006,103.5,104,
JDA,3/11/2025 3:00,Winter,0,95,103.3,104,
JDA,3/11/2025 4:00,Winter,0,95.799999999999997,103.5,104,
JDA,3/11/2025 5:00,Winter,0,109.09999999999999,103.5,104,
JDA,3/11/2025 6:00,Winter,0,135.80000000000001,103.7,104,
JDA,3/11/2025 7:00,Winter,0,151.40000000000001,103.59999999999999,104,
JDA,3/11/2025 8:00,Winter,0,155.90000000000001,103.59999999999999,104,
JDA,3/11/2025 9:00,Winter,0,151.30000000000001,103.59999999999999,104,
JDA,3/11/2025 10:00,Winter,0,133.59999999999999,103.7,104,
JDA,3/11/2025 11:00,Winter,0,131.19999999999999,103.7,104,
JDA,3/11/2025 12:00,Winter,0,132.59999999999999,103.90000000000001,104,
JDA,3/11/2025 13:00,Winter,0,142,104,104,
JDA,3/11/2025 14:00,Winter,0,142.30000000000001,104.3,104,
JDA,3/11/2025 15:00,Winter,0,141.30000000000001,104.40000000000001,104,
JDA,3/11/2025 16:00,Winter,0,141.09999999999999,104.40000000000001,104,
JDA,3/11/2025 17:00,Winter,0,141.30000000000001,104.59999999999999,104,
JDA,3/11/2025 18:00,Winter,0,145.90000000000001,104.59999999999999,104,
JDA,3/11/2025 19:00,Winter,0,146,104.59999999999999,104,
JDA,3/11/2025 20:00,Winter,0,144.90000000000001,104.7,104,
JDA,3/11/2025 21:00,Winter,0,144.09999999999999,104.59999999999999,104,
JDA,3/11/2025 22:00,Winter,0,141.69999999999999,104.5,104,
JDA,3/11/2025 23:00,Winter,0,141.59999999999999,104.5,104,
JDA,3/12/2025 0:00,Winter,0,130.09999999999999,104.40000000000001,105,
JDA,3/12/2025 1:00,Winter,0,131.59999999999999,104.40000000000001,105,
JDA,3/12/2025 2:00,Winter,0,119.59999999999999,104.40000000000001,105,
JDA,3/12/2025 3:00,Winter,0,120.09999999999999,104.59999999999999,105,
JDA,3/12/2025 4:00,Winter,0,119.8,104.59999999999999,105,
JDA,3/12/2025 5:00,Winter,0,128.09999999999999,104.59999999999999,105,
JDA,3/12/2025 6:00,Winter,0,131.5,104.7,105,
JDA,3/12/2025 7:00,Winter,0,147.5,104.7,105,
JDA,3/12/2025 8:00,Winter,0,147.30000000000001,104.7,105,
JDA,3/12/2025 9:00,Winter,0,141.69999999999999,104.8,105,
JDA,3/12/2025 10:00,Winter,0,136.5,105,105,
JDA,3/12/2025 11:00,Winter,0,135.69999999999999,105,105,
JDA,3/12/2025 12:00,Winter,0,127.09999999999999,105,105,
JDA,3/12/2025 13:00,Winter,0,127.3,105,105,
JDA,3/12/2025 14:00,Winter,0,128.09999999999999,105.09999999999999,105,
JDA,3/12/2025 15:00,Winter,0,122.59999999999999,105,105,
JDA,3/12/2025 16:00,Winter,0,121.59999999999999,105.09999999999999,105,
JDA,3/12/2025 17:00,Winter,0,123.40000000000001,105.40000000000001,105,
JDA,3/12/2025 18:00,Winter,0,144.19999999999999,105.40000000000001,105,
JDA,3/12/2025 19:00,Winter,0,141.90000000000001,105.5,105,
JDA,3/12/2025 20:00,Winter,0,139.40000000000001,105.7,105,
JDA,3/12/2025 21:00,Winter,0,140.90000000000001,105.7,105,
JDA,3/12/2025 22:00,Winter,0,130.90000000000001,105.8,105,
JDA,3/12/2025 23:00,Winter,0,127.40000000000001,105.7,105,
JDA,3/13/2025 0:00,Winter,0,109,105.7,105,
JDA,3/13/2025 1:00,Winter,0,110.8,105.7,105,
JDA,3/13/2025 2:00,Winter,0,111.40000000000001,105.40000000000001,105,
JDA,3/13/2025 3:00,Winter,0,109.90000000000001,105.40000000000001,105,
JDA,3/13/2025 4:00,Winter,0,110.40000000000001,105.3,105,
JDA,3/13/2025 5:00,Winter,0,112.40000000000001,105.09999999999999,105,
JDA,3/13/2025 6:00,Winter,0,136.30000000000001,105,105,
JDA,3/13/2025 7:00,Winter,0,160.90000000000001,105,105,
JDA,3/13/2025 8:00,Winter,0,161.40000000000001,104.8,105,
JDA,3/13/2025 9:00,Winter,0,141.69999999999999,104.59999999999999,105,
JDA,3/13/2025 10:00,Winter,0,140,104.40000000000001,105,
JDA,3/13/2025 11:00,Winter,0,127.09999999999999,104.40000000000001,105,
JDA,3/13/2025 12:00,Winter,0,125.7,104.40000000000001,105,
JDA,3/13/2025 13:00,Winter,0,126.8,104.40000000000001,105,
JDA,3/13/2025 14:00,Winter,0,127,104.40000000000001,105,
JDA,3/13/2025 15:00,Winter,0,127,104.40000000000001,105,
JDA,3/13/2025 16:00,Winter,0,126.2,104.40000000000001,105,
JDA,3/13/2025 17:00,Winter,0,123.3,104.7,105,
JDA,3/13/2025 18:00,Winter,0,139.19999999999999,104.7,105,
JDA,3/13/2025 19:00,Winter,0,162.59999999999999,104.7,105,
JDA,3/13/2025 20:00,Winter,0,163.69999999999999,104.7,105,
JDA,3/13/2025 21:00,Winter,0,162.5,104.5,105,
JDA,3/13/2025 22:00,Winter,0,141.80000000000001,104.5,105,
JDA,3/13/2025 23:00,Winter,0,129.19999999999999,104.5,105,
JDA,3/14/2025 0:00,Winter,0,123.09999999999999,104.40000000000001,105,
JDA,3/14/2025 1:00,Winter,0,124.40000000000001,104.40000000000001,105,
JDA,3/14/2025 2:00,Winter,0,122.3,104.40000000000001,105,
JDA,3/14/2025 3:00,Winter,0,122.7,104.40000000000001,105,
JDA,3/14/2025 4:00,Winter,0,123.2,104.40000000000001,105,
JDA,3/14/2025 5:00,Winter,0,142.80000000000001,104.3,105,
JDA,3/14/2025 6:00,Winter,0,172.80000000000001,104.40000000000001,105,
JDA,3/14/2025 7:00,Winter,0,191.5,104.40000000000001,105,
JDA,3/14/2025 8:00,Winter,0,191.09999999999999,104.40000000000001,105,
JDA,3/14/2025 9:00,Winter,0,192.19999999999999,104.40000000000001,105,
JDA,3/14/2025 10:00,Winter,0,194,104.59999999999999,105,
JDA,3/14/2025 11:00,Winter,0,179.80000000000001,104.40000000000001,105,
JDA,3/14/2025 12:00,Winter,0,161.59999999999999,104.40000000000001,105,
JDA,3/14/2025 13:00,Winter,0,141.5,104.59999999999999,105,
JDA,3/14/2025 14:00,Winter,0,121.7,104.59999999999999,105,
JDA,3/14/2025 15:00,Winter,0,120.7,104.59999999999999,105,
JDA,3/14/2025 16:00,Winter,0,122.3,104.59999999999999,105,
JDA,3/14/2025 17:00,Winter,0,130.5,104.59999999999999,105,
JDA,3/14/2025 18:00,Winter,0,161.09999999999999,104.40000000000001,105,
JDA,3/14/2025 19:00,Winter,0,169.90000000000001,104.59999999999999,105,
JDA,3/14/2025 20:00,Winter,0,181.09999999999999,104.59999999999999,105,
JDA,3/14/2025 21:00,Winter,0,180.69999999999999,104.59999999999999,105,
JDA,3/14/2025 22:00,Winter,0,152.5,104.59999999999999,105,
JDA,3/14/2025 23:00,Winter,0,151.30000000000001,104.59999999999999,105,
JDA,3/15/2025 0:00,Winter,0,151.90000000000001,104.59999999999999,104,
JDA,3/15/2025 1:00,Winter,0,149.80000000000001,104.59999999999999,104,
JDA,3/15/2025 2:00,Winter,0,132.90000000000001,104.40000000000001,104,
JDA,3/15/2025 3:00,Winter,0,130.90000000000001,104.40000000000001,104,
JDA,3/15/2025 4:00,Winter,0,131.09999999999999,104.40000000000001,104,
JDA,3/15/2025 5:00,Winter,0,149.80000000000001,104.09999999999999,104,
JDA,3/15/2025 6:00,Winter,0,151.69999999999999,104,104,
JDA,3/15/2025 7:00,Winter,0,142.09999999999999,104,104,
JDA,3/15/2025 8:00,Winter,0,160.80000000000001,103.90000000000001,104,
JDA,3/15/2025 9:00,Winter,0,163.5,103.90000000000001,104,
JDA,3/15/2025 10:00,Winter,0,161.90000000000001,103.7,104,
JDA,3/15/2025 11:00,Winter,0,140.59999999999999,103.7,104,
JDA,3/15/2025 12:00,Winter,0,121.3,103.7,104,
JDA,3/15/2025 13:00,Winter,0,103.5,103.59999999999999,104,
JDA,3/15/2025 14:00,Winter,0,101.2,103.59999999999999,104,
JDA,3/15/2025 15:00,Winter,0,99,103.59999999999999,104,
JDA,3/15/2025 16:00,Winter,0,101.09999999999999,103.59999999999999,104,
JDA,3/15/2025 17:00,Winter,0,122.40000000000001,103.59999999999999,104,
JDA,3/15/2025 18:00,Winter,0,155.09999999999999,103.59999999999999,104,
JDA,3/15/2025 19:00,Winter,0,182.59999999999999,103.59999999999999,104,
JDA,3/15/2025 20:00,Winter,0,183.30000000000001,103.59999999999999,104,
JDA,3/15/2025 21:00,Winter,0,182.40000000000001,103.7,104,
JDA,3/15/2025 22:00,Winter,0,173.59999999999999,103.90000000000001,104,
JDA,3/15/2025 23:00,Winter,0,171.90000000000001,104,104,
JDA,3/16/2025 0:00,Winter,0,150.80000000000001,104.2,104,
JDA,3/16/2025 1:00,Winter,0,126.3,104.2,104,
JDA,3/16/2025 2:00,Winter,0,124.90000000000001,104.2,104,
JDA,3/16/2025 3:00,Winter,0,124.40000000000001,104.2,104,
JDA,3/16/2025 4:00,Winter,0,125.8,104.2,104,
JDA,3/16/2025 5:00,Winter,0,126.2,104,104,
JDA,3/16/2025 6:00,Winter,0,139.59999999999999,104,104,
JDA,3/16/2025 7:00,Winter,0,142.40000000000001,103.90000000000001,104,
JDA,3/16/2025 8:00,Winter,0,140.30000000000001,103.7,104,
JDA,3/16/2025 9:00,Winter,0,142.59999999999999,103.7,104,
JDA,3/16/2025 10:00,Winter,0,140.5,103.59999999999999,104,
JDA,3/16/2025 11:00,Winter,0,123.40000000000001,103.59999999999999,104,
JDA,3/16/2025 12:00,Winter,0,121.90000000000001,103.59999999999999,104,
JDA,3/16/2025 13:00,Winter,0,101.5,103.59999999999999,104,
JDA,3/16/2025 14:00,Winter,0,95.599999999999994,103.59999999999999,104,
JDA,3/16/2025 15:00,Winter,0,101.8,103.59999999999999,104,
JDA,3/16/2025 16:00,Winter,0,105.40000000000001,103.59999999999999,104,
JDA,3/16/2025 17:00,Winter,0,106.09999999999999,103.7,104,
JDA,3/16/2025 18:00,Winter,0,127.3,103.59999999999999,104,
JDA,3/16/2025 19:00,Winter,0,146.40000000000001,103.5,104,
JDA,3/16/2025 20:00,Winter,0,150.59999999999999,103.5,104,
JDA,3/16/2025 21:00,Winter,0,156.90000000000001,103.3,104,
JDA,3/16/2025 22:00,Winter,0,156.09999999999999,103.3,104,
JDA,3/16/2025 23:00,Winter,0,149.40000000000001,103.3,104,
JDA,3/17/2025 0:00,Winter,0,132.80000000000001,103.2,103,
JDA,3/17/2025 1:00,Winter,0,124,103.3,103,
JDA,3/17/2025 2:00,Winter,0,119.90000000000001,103.2,103,
JDA,3/17/2025 3:00,Winter,0,124.3,103.2,103,
JDA,3/17/2025 4:00,Winter,0,126.09999999999999,103.2,103,
JDA,3/17/2025 5:00,Winter,0,135.40000000000001,103.09999999999999,103,
JDA,3/17/2025 6:00,Winter,0,152.09999999999999,102.90000000000001,103,
JDA,3/17/2025 7:00,Winter,0,171.80000000000001,102.90000000000001,103,
JDA,3/17/2025 8:00,Winter,0,174.59999999999999,102.8,103,
JDA,3/17/2025 9:00,Winter,0,172.80000000000001,102.8,103,
JDA,3/17/2025 10:00,Winter,0,174.80000000000001,102.8,103,
JDA,3/17/2025 11:00,Winter,0,146.69999999999999,102.59999999999999,103,
JDA,3/17/2025 12:00,Winter,0,129.19999999999999,102.59999999999999,103,
JDA,3/17/2025 13:00,Winter,0,127.7,102.59999999999999,103,
JDA,3/17/2025 14:00,Winter,0,123,102.59999999999999,103,
JDA,3/17/2025 15:00,Winter,0,122.59999999999999,102.8,103,
JDA,3/17/2025 16:00,Winter,0,123.8,102.8,103,
JDA,3/17/2025 17:00,Winter,0,123.5,102.8,103,
JDA,3/17/2025 18:00,Winter,0,130.09999999999999,102.59999999999999,103,
JDA,3/17/2025 19:00,Winter,0,137.19999999999999,102.5,103,
JDA,3/17/2025 20:00,Winter,0,140.90000000000001,102.40000000000001,103,
JDA,3/17/2025 21:00,Winter,0,130.19999999999999,102.2,103,
JDA,3/17/2025 22:00,Winter,0,130.69999999999999,102.2,103,
JDA,3/17/2025 23:00,Winter,0,127.3,102.09999999999999,103,
JDA,3/18/2025 0:00,Winter,0,128.80000000000001,102.09999999999999,102,
JDA,3/18/2025 1:00,Winter,0,113.3,102,102,
JDA,3/18/2025 2:00,Winter,0,111.2,101.8,102,
JDA,3/18/2025 3:00,Winter,0,111.59999999999999,101.7,102,
JDA,3/18/2025 4:00,Winter,0,111.59999999999999,101.7,102,
JDA,3/18/2025 5:00,Winter,0,119.2,101.7,102,
JDA,3/18/2025 6:00,Winter,0,149.59999999999999,101.59999999999999,102,
JDA,3/18/2025 7:00,Winter,0,164.09999999999999,101.40000000000001,102,
JDA,3/18/2025 8:00,Winter,0,167.69999999999999,101.40000000000001,102,
JDA,3/18/2025 9:00,Winter,0,167,101.3,102,
JDA,3/18/2025 10:00,Winter,0,163.19999999999999,101.3,102,
JDA,3/18/2025 11:00,Winter,0,133.40000000000001,101.2,102,
JDA,3/18/2025 12:00,Winter,0,116.3,101.2,102,
JDA,3/18/2025 13:00,Winter,0,95.700000000000003,101.3,102,
JDA,3/18/2025 14:00,Winter,0,91.5,101.3,102,
JDA,3/18/2025 15:00,Winter,0,91.5,101.40000000000001,102,
JDA,3/18/2025 16:00,Winter,0,92.799999999999997,101.40000000000001,102,
JDA,3/18/2025 17:00,Winter,0,97.799999999999997,101.3,102,
JDA,3/18/2025 18:00,Winter,0,102.5,101.3,102,
JDA,3/18/2025 19:00,Winter,0,123.7,101.3,102,
JDA,3/18/2025 20:00,Winter,0,123.2,101.2,102,
JDA,3/18/2025 21:00,Winter,0,121.09999999999999,101.2,102,
JDA,3/18/2025 22:00,Winter,0,123.2,101,102,
JDA,3/18/2025 23:00,Winter,0,120.7,101,102,
JDA,3/19/2025 0:00,Winter,0,114.2,101,102,
JDA,3/19/2025 1:00,Winter,0,107.59999999999999,101,102,
JDA,3/19/2025 2:00,Winter,0,107.2,101,102,
JDA,3/19/2025 3:00,Winter,0,107.2,101,102,
JDA,3/19/2025 4:00,Winter,0,107.8,101.2,102,
JDA,3/19/2025 5:00,Winter,0,128,101.2,102,
JDA,3/19/2025 6:00,Winter,0,153.5,101.3,102,
JDA,3/19/2025 7:00,Winter,0,156.90000000000001,101.3,102,
JDA,3/19/2025 8:00,Winter,0,154.19999999999999,101.2,102,
JDA,3/19/2025 9:00,Winter,0,149.69999999999999,101.3,102,
JDA,3/19/2025 10:00,Winter,0,141.30000000000001,101.3,102,
JDA,3/19/2025 11:00,Winter,0,139.80000000000001,101.59999999999999,102,
JDA,3/19/2025 12:00,Winter,0,135.80000000000001,101.7,102,
JDA,3/19/2025 13:00,Winter,0,142.30000000000001,101.8,102,
JDA,3/19/2025 14:00,Winter,0,141.59999999999999,102.09999999999999,102,
JDA,3/19/2025 15:00,Winter,0,141.5,102,102,
JDA,3/19/2025 16:00,Winter,0,142.09999999999999,102.09999999999999,102,
JDA,3/19/2025 17:00,Winter,0,141.69999999999999,102.40000000000001,102,
JDA,3/19/2025 18:00,Winter,0,141.59999999999999,102.5,102,
JDA,3/19/2025 19:00,Winter,0,150.80000000000001,102.5,102,
JDA,3/19/2025 20:00,Winter,0,147.80000000000001,102.59999999999999,102,
JDA,3/19/2025 21:00,Winter,0,147.19999999999999,102.59999999999999,102,
JDA,3/19/2025 22:00,Winter,0,150.09999999999999,102.5,102,
JDA,3/19/2025 23:00,Winter,0,129.80000000000001,102.40000000000001,102,
JDA,3/20/2025 0:00,Winter,0,101.40000000000001,102.2,102,
JDA,3/20/2025 1:00,Winter,0,102.5,102.09999999999999,102,
JDA,3/20/2025 2:00,Winter,0,101.09999999999999,102.09999999999999,102,
JDA,3/20/2025 3:00,Winter,0,101.8,102,102,
JDA,3/20/2025 4:00,Winter,0,102.59999999999999,101.8,102,
JDA,3/20/2025 5:00,Winter,0,104.3,101.8,102,
JDA,3/20/2025 6:00,Winter,0,131.59999999999999,101.8,102,
JDA,3/20/2025 7:00,Winter,0,160.90000000000001,101.8,102,
JDA,3/20/2025 8:00,Winter,0,161.59999999999999,101.7,102,
JDA,3/20/2025 9:00,Winter,0,138,101.7,102,
JDA,3/20/2025 10:00,Winter,0,125.3,101.7,102,
JDA,3/20/2025 11:00,Winter,0,124.7,101.7,102,
JDA,3/20/2025 12:00,Winter,0,122.8,101.8,102,
JDA,3/20/2025 13:00,Winter,0,127.2,101.8,102,
JDA,3/20/2025 14:00,Winter,0,125.09999999999999,102,102,
JDA,3/20/2025 15:00,Winter,0,126,102,102,
JDA,3/20/2025 16:00,Winter,0,124.40000000000001,102.2,102,
JDA,3/20/2025 17:00,Winter,0,125.8,102.2,102,
JDA,3/20/2025 18:00,Winter,0,137,102.2,102,
JDA,3/20/2025 19:00,Winter,0,141.30000000000001,102.09999999999999,102,
JDA,3/20/2025 20:00,Winter,0,141.09999999999999,102.09999999999999,102,
JDA,3/20/2025 21:00,Winter,0,138.90000000000001,102.09999999999999,102,
JDA,3/20/2025 22:00,Winter,0,125.59999999999999,102.09999999999999,102,
JDA,3/20/2025 23:00,Winter,0,123.90000000000001,102.09999999999999,102,
JDA,3/21/2025 0:00,Winter,0,96.299999999999997,102.2,107,
JDA,3/21/2025 1:00,Winter,9.6999999999999993,103.2,102.40000000000001,107,
JDA,3/21/2025 2:00,Winter,10,106.2,104.90000000000001,107,
JDA,3/21/2025 3:00,Winter,10,106,105.3,107,
JDA,3/21/2025 4:00,Winter,10,105.59999999999999,105.3,107,
JDA,3/21/2025 5:00,Winter,10,106.3,105.3,107,
JDA,3/21/2025 6:00,Winter,10,136.30000000000001,105.3,107,
JDA,3/21/2025 7:00,Winter,10,166.90000000000001,105.40000000000001,107,
JDA,3/21/2025 8:00,Winter,10,168,105.40000000000001,107,
JDA,3/21/2025 9:00,Winter,9.5,169.19999999999999,105.40000000000001,107,
JDA,3/21/2025 10:00,Winter,9.6999999999999993,165.59999999999999,106,107,
JDA,3/21/2025 11:00,Winter,9.6999999999999993,145.90000000000001,106.5,107,
JDA,3/21/2025 12:00,Winter,9.6999999999999993,144.80000000000001,106.7,107,
JDA,3/21/2025 13:00,Winter,9.6999999999999993,128.5,107,107,
JDA,3/21/2025 14:00,Winter,9.6999999999999993,106.90000000000001,107.2,107,
JDA,3/21/2025 15:00,Winter,9.6999999999999993,104.40000000000001,107.2,107,
JDA,3/21/2025 16:00,Winter,9.6999999999999993,110.09999999999999,107.2,107,
JDA,3/21/2025 17:00,Winter,9.6999999999999993,142,107.3,107,
JDA,3/21/2025 18:00,Winter,9.5999999999999996,164.80000000000001,107.3,107,
JDA,3/21/2025 19:00,Winter,9.5999999999999996,170.19999999999999,107.3,107,
JDA,3/21/2025 20:00,Winter,9.5999999999999996,165.69999999999999,107.3,107,
JDA,3/21/2025 21:00,Winter,9.6999999999999993,167.30000000000001,107.3,107,
JDA,3/21/2025 22:00,Winter,9.6999999999999993,165.69999999999999,107.3,107,
JDA,3/21/2025 23:00,Winter,9.5999999999999996,165.80000000000001,107.2,107,
JDA,3/22/2025 0:00,Winter,9.5999999999999996,150.59999999999999,107.2,107,
JDA,3/22/2025 1:00,Winter,9.5999999999999996,147,107.2,107,
JDA,3/22/2025 2:00,Winter,9.5999999999999996,144.19999999999999,107.2,107,
JDA,3/22/2025 3:00,Winter,9.5999999999999996,118,107,107,
JDA,3/22/2025 4:00,Winter,9.5999999999999996,118.40000000000001,107,107,
JDA,3/22/2025 5:00,Winter,9.5999999999999996,119,106.90000000000001,107,
JDA,3/22/2025 6:00,Winter,9.5999999999999996,122.40000000000001,106.90000000000001,107,
JDA,3/22/2025 7:00,Winter,9.5999999999999996,125.7,106.7,107,
JDA,3/22/2025 8:00,Winter,9.5999999999999996,139.19999999999999,106.59999999999999,107,
JDA,3/22/2025 9:00,Winter,9.5999999999999996,136.80000000000001,106.40000000000001,107,
JDA,3/22/2025 10:00,Winter,9.5999999999999996,136.69999999999999,106.59999999999999,107,
JDA,3/22/2025 11:00,Winter,9.5999999999999996,108.09999999999999,106.59999999999999,107,
JDA,3/22/2025 12:00,Winter,9.5999999999999996,108.2,106.59999999999999,107,
JDA,3/22/2025 13:00,Winter,9.5999999999999996,111.59999999999999,106.59999999999999,107,
JDA,3/22/2025 14:00,Winter,9.5999999999999996,110.2,106.59999999999999,107,
JDA,3/22/2025 15:00,Winter,9.5999999999999996,111.40000000000001,106.59999999999999,107,
JDA,3/22/2025 16:00,Winter,9.5999999999999996,111.5,106.7,107,
JDA,3/22/2025 17:00,Winter,9.5999999999999996,111.2,106.7,107,
JDA,3/22/2025 18:00,Winter,9.5999999999999996,109.59999999999999,106.7,107,
JDA,3/22/2025 19:00,Winter,9.5999999999999996,143.80000000000001,106.59999999999999,107,
JDA,3/22/2025 20:00,Winter,9.5999999999999996,147.19999999999999,106.59999999999999,107,
JDA,3/22/2025 21:00,Winter,9.5999999999999996,151.40000000000001,106.59999999999999,107,
JDA,3/22/2025 22:00,Winter,9.5999999999999996,140.30000000000001,106.40000000000001,107,
JDA,3/22/2025 23:00,Winter,9.6999999999999993,137.5,106.40000000000001,107,
JDA,3/23/2025 0:00,Winter,9.6999999999999993,128.30000000000001,106.40000000000001,107,
JDA,3/23/2025 1:00,Winter,9.5999999999999996,128.90000000000001,106.59999999999999,107,
JDA,3/23/2025 2:00,Winter,9.5999999999999996,131.69999999999999,106.59999999999999,107,
JDA,3/23/2025 3:00,Winter,9.5999999999999996,129.09999999999999,106.7,107,
JDA,3/23/2025 4:00,Winter,9.5999999999999996,127.7,106.7,107,
JDA,3/23/2025 5:00,Winter,9.5999999999999996,129.19999999999999,106.8,107,
JDA,3/23/2025 6:00,Winter,9.5999999999999996,126.40000000000001,106.8,107,
JDA,3/23/2025 7:00,Winter,9.5999999999999996,128.90000000000001,106.8,107,
JDA,3/23/2025 8:00,Winter,9.5999999999999996,151.19999999999999,106.8,107,
JDA,3/23/2025 9:00,Winter,9.5999999999999996,151.30000000000001,107,107,
JDA,3/23/2025 10:00,Winter,9.5999999999999996,151.80000000000001,107,107,
JDA,3/23/2025 11:00,Winter,9.6999999999999993,130.69999999999999,107,107,
JDA,3/23/2025 12:00,Winter,9.5999999999999996,105.40000000000001,107,107,
JDA,3/23/2025 13:00,Winter,9.5999999999999996,102.59999999999999,107,107,
JDA,3/23/2025 14:00,Winter,9.5999999999999996,104.40000000000001,107.09999999999999,107,
JDA,3/23/2025 15:00,Winter,9.5999999999999996,102.8,107.09999999999999,107,
JDA,3/23/2025 16:00,Winter,9.5999999999999996,105.8,107.09999999999999,107,
JDA,3/23/2025 17:00,Winter,9.5999999999999996,103.09999999999999,107.09999999999999,107,
JDA,3/23/2025 18:00,Winter,9.5999999999999996,130.5,107.09999999999999,107,
JDA,3/23/2025 19:00,Winter,9.5999999999999996,153.80000000000001,107.09999999999999,107,
JDA,3/23/2025 20:00,Winter,9.5999999999999996,164.5,107,107,
JDA,3/23/2025 21:00,Winter,9.5999999999999996,166.90000000000001,107,107,
JDA,3/23/2025 22:00,Winter,9.6999999999999993,152.80000000000001,107,107,
JDA,3/23/2025 23:00,Winter,9.6999999999999993,150.69999999999999,107,107,
JDA,3/24/2025 0:00,Winter,9.6999999999999993,129.80000000000001,107.09999999999999,107,
JDA,3/24/2025 1:00,Winter,9.5999999999999996,131.5,107.09999999999999,107,
JDA,3/24/2025 2:00,Winter,9.5999999999999996,132.19999999999999,106.8,107,
JDA,3/24/2025 3:00,Winter,9.5999999999999996,130.69999999999999,106.8,107,
JDA,3/24/2025 4:00,Winter,9.5999999999999996,130.69999999999999,106.7,107,
JDA,3/24/2025 5:00,Winter,9.6999999999999993,130.40000000000001,106.59999999999999,107,
JDA,3/24/2025 6:00,Winter,9.5999999999999996,157.40000000000001,106.59999999999999,107,
JDA,3/24/2025 7:00,Winter,9.5999999999999996,160.59999999999999,106.59999999999999,107,
JDA,3/24/2025 8:00,Winter,9.5999999999999996,156.09999999999999,106.59999999999999,107,
JDA,3/24/2025 9:00,Winter,9.5999999999999996,144.80000000000001,106.40000000000001,107,
JDA,3/24/2025 10:00,Winter,9.6999999999999993,141.90000000000001,106.59999999999999,107,
JDA,3/24/2025 11:00,Winter,9.6999999999999993,147.80000000000001,106.7,107,
JDA,3/24/2025 12:00,Winter,9.5999999999999996,146.5,106.7,107,
JDA,3/24/2025 13:00,Winter,9.5999999999999996,148.40000000000001,106.7,107,
JDA,3/24/2025 14:00,Winter,9.5999999999999996,144.5,106.8,107,
JDA,3/24/2025 15:00,Winter,9.5999999999999996,137.59999999999999,107.09999999999999,107,
JDA,3/24/2025 16:00,Winter,9.5999999999999996,137.30000000000001,107.09999999999999,107,
JDA,3/24/2025 17:00,Winter,9.5999999999999996,138.59999999999999,107.09999999999999,107,
JDA,3/24/2025 18:00,Winter,9.5999999999999996,162.59999999999999,107,107,
JDA,3/24/2025 19:00,Winter,9.5999999999999996,167.69999999999999,106.8,107,
JDA,3/24/2025 20:00,Winter,9.5999999999999996,163.30000000000001,106.8,107,
JDA,3/24/2025 21:00,Winter,9.6999999999999993,162.90000000000001,106.8,107,
JDA,3/24/2025 22:00,Winter,9.6999999999999993,154.59999999999999,107,107,
JDA,3/24/2025 23:00,Winter,9.6999999999999993,150.59999999999999,107.09999999999999,107,
JDA,3/25/2025 0:00,Winter,9.5999999999999996,144.69999999999999,107,108,
JDA,3/25/2025 1:00,Winter,9.5999999999999996,142.69999999999999,107,108,
JDA,3/25/2025 2:00,Winter,9.5999999999999996,142.5,107,108,
JDA,3/25/2025 3:00,Winter,9.5999999999999996,142.19999999999999,106.8,108,
JDA,3/25/2025 4:00,Winter,9.5999999999999996,143.09999999999999,107,108,
JDA,3/25/2025 5:00,Winter,9.5999999999999996,148.90000000000001,107,108,
JDA,3/25/2025 6:00,Winter,9.5999999999999996,175.90000000000001,107,108,
JDA,3/25/2025 7:00,Winter,9.5999999999999996,175.69999999999999,106.8,108,
JDA,3/25/2025 8:00,Winter,9.5999999999999996,174.30000000000001,106.8,108,
JDA,3/25/2025 9:00,Winter,9.5999999999999996,152.30000000000001,106.8,108,
JDA,3/25/2025 10:00,Winter,9.6999999999999993,130.19999999999999,106.8,108,
JDA,3/25/2025 11:00,Winter,9.5999999999999996,129.5,107,108,
JDA,3/25/2025 12:00,Winter,9.5999999999999996,129.09999999999999,107.09999999999999,108,
JDA,3/25/2025 13:00,Winter,9.5999999999999996,129.30000000000001,107.2,108,
JDA,3/25/2025 14:00,Winter,9.5999999999999996,129.5,107.40000000000001,108,
JDA,3/25/2025 15:00,Winter,9.5999999999999996,128.09999999999999,107.5,108,
JDA,3/25/2025 16:00,Winter,9.5999999999999996,128.59999999999999,107.7,108,
JDA,3/25/2025 17:00,Winter,9.5999999999999996,130,107.8,108,
JDA,3/25/2025 18:00,Winter,9.5999999999999996,153.19999999999999,107.8,108,
JDA,3/25/2025 19:00,Winter,9.5999999999999996,171.69999999999999,107.7,108,
JDA,3/25/2025 20:00,Winter,9.5999999999999996,174.40000000000001,107.8,108,
JDA,3/25/2025 21:00,Winter,9.5999999999999996,147.30000000000001,107.8,108,
JDA,3/25/2025 22:00,Winter,9.6999999999999993,126.3,107.7,108,
JDA,3/25/2025 23:00,Winter,9.5999999999999996,124.40000000000001,107.8,108,
JDA,3/26/2025 0:00,Winter,9.5999999999999996,125.7,108,109,
JDA,3/26/2025 1:00,Winter,9.5999999999999996,150.5,108,109,
JDA,3/26/2025 2:00,Winter,9.5999999999999996,153.90000000000001,107.8,109,
JDA,3/26/2025 3:00,Winter,9.5999999999999996,149.80000000000001,107.8,109,
JDA,3/26/2025 4:00,Winter,9.5999999999999996,151,107.8,109,
JDA,3/26/2025 5:00,Winter,9.5999999999999996,167.30000000000001,108,109,
JDA,3/26/2025 6:00,Winter,9.5999999999999996,181.19999999999999,108,109,
JDA,3/26/2025 7:00,Winter,9.5999999999999996,175.40000000000001,107.8,109,
JDA,3/26/2025 8:00,Winter,9.5999999999999996,170.80000000000001,107.8,109,
JDA,3/26/2025 9:00,Winter,9.6999999999999993,147.5,108,109,
JDA,3/26/2025 10:00,Winter,9.6999999999999993,147.90000000000001,108.2,109,
JDA,3/26/2025 11:00,Winter,9.5999999999999996,147.19999999999999,108.40000000000001,109,
JDA,3/26/2025 12:00,Winter,9.5999999999999996,128.09999999999999,108.5,109,
JDA,3/26/2025 13:00,Winter,9.5999999999999996,101,108.7,109,
JDA,3/26/2025 14:00,Winter,9.6999999999999993,112.2,108.8,109,
JDA,3/26/2025 15:00,Winter,9.6999999999999993,125.40000000000001,109.09999999999999,109,
JDA,3/26/2025 16:00,Winter,9.6999999999999993,147.90000000000001,109.2,109,
JDA,3/26/2025 17:00,Winter,9.6999999999999993,147.30000000000001,109.5,109,
JDA,3/26/2025 18:00,Winter,9.6999999999999993,161.09999999999999,109.7,109,
JDA,3/26/2025 19:00,Winter,9.6999999999999993,160.80000000000001,109.5,109,
JDA,3/26/2025 20:00,Winter,9.6999999999999993,170.90000000000001,109.40000000000001,109,
JDA,3/26/2025 21:00,Winter,9.6999999999999993,172.19999999999999,109.40000000000001,109,
JDA,3/26/2025 22:00,Winter,9.6999999999999993,162.80000000000001,109.40000000000001,109,
JDA,3/26/2025 23:00,Winter,9.6999999999999993,158.40000000000001,109.09999999999999,109,
JDA,3/27/2025 0:00,Winter,9.6999999999999993,143.40000000000001,108.8,109,
JDA,3/27/2025 1:00,Winter,9.6999999999999993,135.90000000000001,108.7,109,
JDA,3/27/2025 2:00,Winter,9.5999999999999996,143.09999999999999,108.59999999999999,109,
JDA,3/27/2025 3:00,Winter,9.5999999999999996,144.09999999999999,108.3,109,
JDA,3/27/2025 4:00,Winter,9.5999999999999996,144.30000000000001,108.09999999999999,109,
JDA,3/27/2025 5:00,Winter,9.6999999999999993,154.30000000000001,108.09999999999999,109,
JDA,3/27/2025 6:00,Winter,9.6999999999999993,178.09999999999999,108.09999999999999,109,
JDA,3/27/2025 7:00,Winter,9.6999999999999993,199.80000000000001,108.3,109,
JDA,3/27/2025 8:00,Winter,9.6999999999999993,204.5,108.3,109,
JDA,3/27/2025 9:00,Winter,9.6999999999999993,204.59999999999999,108.40000000000001,109,
JDA,3/27/2025 10:00,Winter,9.6999999999999993,185.80000000000001,108.5,109,
JDA,3/27/2025 11:00,Winter,9.6999999999999993,182.30000000000001,108.90000000000001,109,
JDA,3/27/2025 12:00,Winter,9.6999999999999993,181.30000000000001,109.90000000000001,109,
JDA,3/27/2025 13:00,Winter,9.6999999999999993,181.90000000000001,109.7,109,
JDA,3/27/2025 14:00,Winter,9.6999999999999993,180.90000000000001,109.59999999999999,109,
JDA,3/27/2025 15:00,Winter,9.6999999999999993,181.59999999999999,109.5,109,
JDA,3/27/2025 16:00,Winter,9.6999999999999993,182.19999999999999,109.59999999999999,109,
JDA,3/27/2025 17:00,Winter,9.6999999999999993,184,109.5,109,
JDA,3/27/2025 18:00,Winter,9.6999999999999993,211.59999999999999,109.40000000000001,109,
JDA,3/27/2025 19:00,Winter,9.6999999999999993,213,109.2,109,
JDA,3/27/2025 20:00,Winter,9.6999999999999993,213,109.09999999999999,109,
JDA,3/27/2025 21:00,Winter,9.6999999999999993,215,109.09999999999999,109,
JDA,3/27/2025 22:00,Winter,9.6999999999999993,213.69999999999999,108.90000000000001,109,
JDA,3/27/2025 23:00,Winter,9.6999999999999993,186.40000000000001,108.8,109,
JDA,3/28/2025 0:00,Winter,9.6999999999999993,184.09999999999999,108.8,109,
JDA,3/28/2025 1:00,Winter,9.6999999999999993,183.90000000000001,108.7,109,
JDA,3/28/2025 2:00,Winter,9.6999999999999993,184.09999999999999,108.7,109,
JDA,3/28/2025 3:00,Winter,9.6999999999999993,184.30000000000001,108.7,109,
JDA,3/28/2025 4:00,Winter,9.6999999999999993,201.80000000000001,108.7,109,
JDA,3/28/2025 5:00,Winter,9.6999999999999993,204.40000000000001,108.7,109,
JDA,3/28/2025 6:00,Winter,9.6999999999999993,212.09999999999999,108.7,109,
JDA,3/28/2025 7:00,Winter,9.6999999999999993,212.5,108.7,109,
JDA,3/28/2025 8:00,Winter,9.6999999999999993,213.80000000000001,108.7,109,
JDA,3/28/2025 9:00,Winter,9.6999999999999993,214.19999999999999,108.59999999999999,109,
JDA,3/28/2025 10:00,Winter,9.6999999999999993,233.30000000000001,108.59999999999999,109,
JDA,3/28/2025 11:00,Winter,9.6999999999999993,235.5,108.5,109,
JDA,3/28/2025 12:00,Winter,9.6999999999999993,236.30000000000001,108.59999999999999,109,
JDA,3/28/2025 13:00,Winter,9.6999999999999993,236.19999999999999,108.8,109,
JDA,3/28/2025 14:00,Winter,9.6999999999999993,235.40000000000001,108.8,109,
JDA,3/28/2025 15:00,Winter,9.6999999999999993,237.40000000000001,108.8,109,
JDA,3/28/2025 16:00,Winter,9.6999999999999993,236.09999999999999,108.59999999999999,109,
JDA,3/28/2025 17:00,Winter,9.6999999999999993,237.80000000000001,108.5,109,
JDA,3/28/2025 18:00,Winter,9.5999999999999996,241.09999999999999,108.5,109,
JDA,3/28/2025 19:00,Winter,9.5999999999999996,241.19999999999999,108.40000000000001,109,
JDA,3/28/2025 20:00,Winter,9.5999999999999996,241.90000000000001,108.40000000000001,109,
JDA,3/28/2025 21:00,Winter,9.6999999999999993,241.90000000000001,108.2,109,
JDA,3/28/2025 22:00,Winter,9.6999999999999993,241.80000000000001,108.09999999999999,109,
JDA,3/28/2025 23:00,Winter,9.6999999999999993,243.19999999999999,108.2,109,
JDA,3/29/2025 0:00,Winter,9.6999999999999993,242.90000000000001,108.09999999999999,109,
JDA,3/29/2025 1:00,Winter,9.6999999999999993,241.5,108.09999999999999,109,
JDA,3/29/2025 2:00,Winter,9.6999999999999993,241.19999999999999,108,109,
JDA,3/29/2025 3:00,Winter,9.6999999999999993,240.09999999999999,108,109,
JDA,3/29/2025 4:00,Winter,9.6999999999999993,240.5,108.2,109,
JDA,3/29/2025 5:00,Winter,9.6999999999999993,240.69999999999999,108.2,109,
JDA,3/29/2025 6:00,Winter,9.6999999999999993,240.90000000000001,108,109,
JDA,3/29/2025 7:00,Winter,9.6999999999999993,242.40000000000001,108,109,
JDA,3/29/2025 8:00,Winter,9.6999999999999993,240.5,108,109,
JDA,3/29/2025 9:00,Winter,9.6999999999999993,238.90000000000001,108.2,109,
JDA,3/29/2025 10:00,Winter,9.6999999999999993,239.5,108.2,109,
JDA,3/29/2025 11:00,Winter,9.6999999999999993,240.30000000000001,108.3,109,
JDA,3/29/2025 12:00,Winter,9.6999999999999993,240.40000000000001,108.3,109,
JDA,3/29/2025 13:00,Winter,9.6999999999999993,239.59999999999999,108.59999999999999,109,
JDA,3/29/2025 14:00,Winter,9.6999999999999993,240.30000000000001,108.59999999999999,109,
JDA,3/29/2025 15:00,Winter,9.6999999999999993,242.59999999999999,108.90000000000001,109,
JDA,3/29/2025 16:00,Winter,9.6999999999999993,241.40000000000001,109,109,
JDA,3/29/2025 17:00,Winter,9.6999999999999993,240.59999999999999,109.3,109,
JDA,3/29/2025 18:00,Winter,9.6999999999999993,240.19999999999999,109.3,109,
JDA,3/29/2025 19:00,Winter,9.6999999999999993,241.30000000000001,109.40000000000001,109,
JDA,3/29/2025 20:00,Winter,9.6999999999999993,241.59999999999999,109.2,109,
JDA,3/29/2025 21:00,Winter,9.6999999999999993,243.30000000000001,109.40000000000001,109,
JDA,3/29/2025 22:00,Winter,9.6999999999999993,241.5,109.5,109,
JDA,3/29/2025 23:00,Winter,9.6999999999999993,240.80000000000001,109.5,109,
JDA,3/30/2025 0:00,Winter,9.6999999999999993,241.19999999999999,109.5,111,
JDA,3/30/2025 1:00,Winter,9.6999999999999993,241,109.5,111,
JDA,3/30/2025 2:00,Winter,9.6999999999999993,241,109.40000000000001,111,
JDA,3/30/2025 3:00,Winter,9.6999999999999993,241.09999999999999,109.5,111,
JDA,3/30/2025 4:00,Winter,9.6999999999999993,240.5,109.5,111,
JDA,3/30/2025 5:00,Winter,9.6999999999999993,242.59999999999999,109.7,111,
JDA,3/30/2025 6:00,Winter,9.6999999999999993,240.90000000000001,109.7,111,
JDA,3/30/2025 7:00,Winter,9.6999999999999993,240.80000000000001,109.7,111,
JDA,3/30/2025 8:00,Winter,9.6999999999999993,242.30000000000001,109.7,111,
JDA,3/30/2025 9:00,Winter,9.6999999999999993,240.09999999999999,109.8,111,
JDA,3/30/2025 10:00,Winter,9.6999999999999993,239.90000000000001,109.8,111,
JDA,3/30/2025 11:00,Winter,9.6999999999999993,240.59999999999999,110,111,
JDA,3/30/2025 12:00,Winter,9.6999999999999993,240.19999999999999,110.3,111,
JDA,3/30/2025 13:00,Winter,9.8000000000000007,240.19999999999999,110.5,111,
JDA,3/30/2025 14:00,Winter,9.8000000000000007,239.90000000000001,110.7,111,
JDA,3/30/2025 15:00,Winter,9.8000000000000007,240.59999999999999,111,111,
JDA,3/30/2025 16:00,Winter,9.8000000000000007,241.09999999999999,111,111,
JDA,3/30/2025 17:00,Winter,9.8000000000000007,241,111,111,
JDA,3/30/2025 18:00,Winter,9.8000000000000007,243,111,111,
JDA,3/30/2025 19:00,Winter,9.8000000000000007,243.30000000000001,111.09999999999999,111,
JDA,3/30/2025 20:00,Winter,9.8000000000000007,241.5,111.09999999999999,111,
JDA,3/30/2025 21:00,Winter,9.8000000000000007,241.69999999999999,111,111,
JDA,3/30/2025 22:00,Winter,9.8000000000000007,241.30000000000001,110.8,111,
JDA,3/30/2025 23:00,Winter,9.8000000000000007,243.09999999999999,111,111,
JDA,3/31/2025 0:00,Winter,9.8000000000000007,241.30000000000001,111,112,Spill above planned surface spill 1000-2300 hours was combination of surface and traditional spill likely due to lack of market.;
JDA,3/31/2025 1:00,Winter,9.8000000000000007,241,111,112,Spill above planned surface spill 1000-2300 hours was combination of surface and traditional spill likely due to lack of market.;
JDA,3/31/2025 2:00,Winter,9.8000000000000007,240.69999999999999,110.90000000000001,112,Spill above planned surface spill 1000-2300 hours was combination of surface and traditional spill likely due to lack of market.;
JDA,3/31/2025 3:00,Winter,9.8000000000000007,240.40000000000001,110.90000000000001,112,Spill above planned surface spill 1000-2300 hours was combination of surface and traditional spill likely due to lack of market.;
JDA,3/31/2025 4:00,Winter,9.8000000000000007,240.40000000000001,111.2,112,Spill above planned surface spill 1000-2300 hours was combination of surface and traditional spill likely due to lack of market.;
JDA,3/31/2025 5:00,Winter,9.8000000000000007,240.5,111.09999999999999,112,Spill above planned surface spill 1000-2300 hours was combination of surface and traditional spill likely due to lack of market.;
JDA,3/31/2025 6:00,Winter,9.8000000000000007,240,111.09999999999999,112,Spill above planned surface spill 1000-2300 hours was combination of surface and traditional spill likely due to lack of market.;
JDA,3/31/2025 7:00,Winter,9.8000000000000007,240.09999999999999,111.09999999999999,112,Spill above planned surface spill 1000-2300 hours was combination of surface and traditional spill likely due to lack of market.;
JDA,3/31/2025 8:00,Winter,9.8000000000000007,239.30000000000001,111.09999999999999,112,Spill above planned surface spill 1000-2300 hours was combination of surface and traditional spill likely due to lack of market.;
JDA,3/31/2025 9:00,Winter,9.8000000000000007,238.19999999999999,111.09999999999999,112,Spill above planned surface spill 1000-2300 hours was combination of surface and traditional spill likely due to lack of market.;
JDA,3/31/2025 10:00,Winter,18.899999999999999,228.90000000000001,110.90000000000001,112,Spill above planned surface spill 1000-2300 hours was combination of surface and traditional spill likely due to lack of market.;
JDA,3/31/2025 11:00,Winter,19.800000000000001,227.59999999999999,111.2,112,Spill above planned surface spill 1000-2300 hours was combination of surface and traditional spill likely due to lack of market.;
JDA,3/31/2025 12:00,Winter,19.800000000000001,227.59999999999999,111.2,112,Spill above planned surface spill 1000-2300 hours was combination of surface and traditional spill likely due to lack of market.;
JDA,3/31/2025 13:00,Winter,19.800000000000001,230.5,111.5,112,Spill above planned surface spill 1000-2300 hours was combination of surface and traditional spill likely due to lack of market.;
JDA,3/31/2025 14:00,Winter,19.800000000000001,228.19999999999999,111.59999999999999,112,Spill above planned surface spill 1000-2300 hours was combination of surface and traditional spill likely due to lack of market.;
JDA,3/31/2025 15:00,Winter,19.800000000000001,228.30000000000001,111.59999999999999,112,Spill above planned surface spill 1000-2300 hours was combination of surface and traditional spill likely due to lack of market.;
JDA,3/31/2025 16:00,Winter,19.800000000000001,229.19999999999999,111.59999999999999,112,Spill above planned surface spill 1000-2300 hours was combination of surface and traditional spill likely due to lack of market.;
JDA,3/31/2025 17:00,Winter,19.800000000000001,231.5,111.59999999999999,112,Spill above planned surface spill 1000-2300 hours was combination of surface and traditional spill likely due to lack of market.;
JDA,3/31/2025 18:00,Winter,19.800000000000001,249.19999999999999,111.59999999999999,112,Spill above planned surface spill 1000-2300 hours was combination of surface and traditional spill likely due to lack of market.;
JDA,3/31/2025 19:00,Winter,19.800000000000001,250.5,111.5,112,Spill above planned surface spill 1000-2300 hours was combination of surface and traditional spill likely due to lack of market.;
JDA,3/31/2025 20:00,Winter,19.800000000000001,250.80000000000001,111.5,112,Spill above planned surface spill 1000-2300 hours was combination of surface and traditional spill likely due to lack of market.;
JDA,3/31/2025 21:00,Winter,19.800000000000001,252.80000000000001,111.5,112,Spill above planned surface spill 1000-2300 hours was combination of surface and traditional spill likely due to lack of market.;
JDA,3/31/2025 22:00,Winter,19.800000000000001,250.69999999999999,111.5,112,Spill above planned surface spill 1000-2300 hours was combination of surface and traditional spill likely due to lack of market.;
JDA,3/31/2025 23:00,Winter,19.800000000000001,250.59999999999999,111.3,112,Spill above planned surface spill 1000-2300 hours was combination of surface and traditional spill likely due to lack of market.;
JDA,4/1/2025 0:00,Winter,20.100000000000001,250.30000000000001,111.3,113,Spill above planned surface spill all day was combination of surface and traditional spill likely due to lack of market.;
JDA,4/1/2025 1:00,Winter,34.200000000000003,228.30000000000001,111.59999999999999,113,Spill above planned surface spill all day was combination of surface and traditional spill likely due to lack of market.;
JDA,4/1/2025 2:00,Winter,35,227.40000000000001,112.09999999999999,113,Spill above planned surface spill all day was combination of surface and traditional spill likely due to lack of market.;
JDA,4/1/2025 3:00,Winter,35,229.09999999999999,112.40000000000001,113,Spill above planned surface spill all day was combination of surface and traditional spill likely due to lack of market.;
JDA,4/1/2025 4:00,Winter,35,227.69999999999999,112.59999999999999,113,Spill above planned surface spill all day was combination of surface and traditional spill likely due to lack of market.;
JDA,4/1/2025 5:00,Winter,35,227.30000000000001,112.90000000000001,113,Spill above planned surface spill all day was combination of surface and traditional spill likely due to lack of market.;
JDA,4/1/2025 6:00,Winter,35,227.90000000000001,113,113,Spill above planned surface spill all day was combination of surface and traditional spill likely due to lack of market.;
JDA,4/1/2025 7:00,Winter,35,229.30000000000001,113,113,Spill above planned surface spill all day was combination of surface and traditional spill likely due to lack of market.;
JDA,4/1/2025 8:00,Winter,35,207.59999999999999,113.2,113,Spill above planned surface spill all day was combination of surface and traditional spill likely due to lack of market.;
JDA,4/1/2025 9:00,Winter,35,205.30000000000001,113.2,113,Spill above planned surface spill all day was combination of surface and traditional spill likely due to lack of market.;
JDA,4/1/2025 10:00,Winter,35,205.09999999999999,113.3,113,Spill above planned surface spill all day was combination of surface and traditional spill likely due to lack of market.;
JDA,4/1/2025 11:00,Winter,35,204.80000000000001,113.3,113,Spill above planned surface spill all day was combination of surface and traditional spill likely due to lack of market.;
JDA,4/1/2025 12:00,Winter,35,204.40000000000001,113.40000000000001,113,Spill above planned surface spill all day was combination of surface and traditional spill likely due to lack of market.;
JDA,4/1/2025 13:00,Winter,35,205.40000000000001,113.40000000000001,113,Spill above planned surface spill all day was combination of surface and traditional spill likely due to lack of market.;
JDA,4/1/2025 14:00,Winter,35,206.5,113.40000000000001,113,Spill above planned surface spill all day was combination of surface and traditional spill likely due to lack of market.;
JDA,4/1/2025 15:00,Winter,35,225.80000000000001,113.3,113,Spill above planned surface spill all day was combination of surface and traditional spill likely due to lack of market.;
JDA,4/1/2025 16:00,Winter,35,225,113.3,113,Spill above planned surface spill all day was combination of surface and traditional spill likely due to lack of market.;
JDA,4/1/2025 17:00,Winter,33.100000000000001,223,113,113,Spill above planned surface spill all day was combination of surface and traditional spill likely due to lack of market.;
JDA,4/1/2025 18:00,Winter,35,225.80000000000001,113,113,Spill above planned surface spill all day was combination of surface and traditional spill likely due to lack of market.;
JDA,4/1/2025 19:00,Winter,35,225.69999999999999,113,113,Spill above planned surface spill all day was combination of surface and traditional spill likely due to lack of market.;
JDA,4/1/2025 20:00,Winter,35,227.09999999999999,112.90000000000001,113,Spill above planned surface spill all day was combination of surface and traditional spill likely due to lack of market.;
JDA,4/1/2025 21:00,Winter,35,227.09999999999999,112.90000000000001,113,Spill above planned surface spill all day was combination of surface and traditional spill likely due to lack of market.;
JDA,4/1/2025 22:00,Winter,35,227.09999999999999,112.90000000000001,113,Spill above planned surface spill all day was combination of surface and traditional spill likely due to lack of market.;
JDA,4/1/2025 23:00,Winter,35,227.09999999999999,112.7,113,Spill above planned surface spill all day was combination of surface and traditional spill likely due to lack of market.;
JDA,4/2/2025 0:00,Winter,35,228.80000000000001,112.7,112,Spill above planned surface spill through 0700 hours was combination of surface and traditional spill likely due to lack of market.;
JDA,4/2/2025 1:00,Winter,35,228.90000000000001,112.7,112,Spill above planned surface spill through 0700 hours was combination of surface and traditional spill likely due to lack of market.;
JDA,4/2/2025 2:00,Winter,35,227.5,112.7,112,Spill above planned surface spill through 0700 hours was combination of surface and traditional spill likely due to lack of market.;
JDA,4/2/2025 3:00,Winter,35,227.5,112.7,112,Spill above planned surface spill through 0700 hours was combination of surface and traditional spill likely due to lack of market.;
JDA,4/2/2025 4:00,Winter,35,227.59999999999999,112.59999999999999,112,Spill above planned surface spill through 0700 hours was combination of surface and traditional spill likely due to lack of market.;
JDA,4/2/2025 5:00,Winter,35,227.69999999999999,112.59999999999999,112,Spill above planned surface spill through 0700 hours was combination of surface and traditional spill likely due to lack of market.;
JDA,4/2/2025 6:00,Winter,35,227.40000000000001,112.7,112,Spill above planned surface spill through 0700 hours was combination of surface and traditional spill likely due to lack of market.;
JDA,4/2/2025 7:00,Winter,35,227.30000000000001,112.7,112,Spill above planned surface spill through 0700 hours was combination of surface and traditional spill likely due to lack of market.;
JDA,4/2/2025 8:00,Winter,10.6,202.19999999999999,112.3,112,Spill above planned surface spill through 0700 hours was combination of surface and traditional spill likely due to lack of market.;
JDA,4/2/2025 9:00,Winter,9.8000000000000007,201.19999999999999,111.8,112,Spill above planned surface spill through 0700 hours was combination of surface and traditional spill likely due to lack of market.;
JDA,4/2/2025 10:00,Winter,9.8000000000000007,203.19999999999999,111.5,112,Spill above planned surface spill through 0700 hours was combination of surface and traditional spill likely due to lack of market.;
JDA,4/2/2025 11:00,Winter,9.8000000000000007,201.30000000000001,111.3,112,Spill above planned surface spill through 0700 hours was combination of surface and traditional spill likely due to lack of market.;
JDA,4/2/2025 12:00,Winter,9.8000000000000007,201.19999999999999,111,112,Spill above planned surface spill through 0700 hours was combination of surface and traditional spill likely due to lack of market.;
JDA,4/2/2025 13:00,Winter,9.8000000000000007,201.5,110.90000000000001,112,Spill above planned surface spill through 0700 hours was combination of surface and traditional spill likely due to lack of market.;
JDA,4/2/2025 14:00,Winter,9.8000000000000007,203.40000000000001,110.90000000000001,112,Spill above planned surface spill through 0700 hours was combination of surface and traditional spill likely due to lack of market.;
JDA,4/2/2025 15:00,Winter,9.8000000000000007,201.80000000000001,111,112,Spill above planned surface spill through 0700 hours was combination of surface and traditional spill likely due to lack of market.;
JDA,4/2/2025 16:00,Winter,9.8000000000000007,203.69999999999999,111,112,Spill above planned surface spill through 0700 hours was combination of surface and traditional spill likely due to lack of market.;
JDA,4/2/2025 17:00,Winter,9.8000000000000007,201.80000000000001,111,112,Spill above planned surface spill through 0700 hours was combination of surface and traditional spill likely due to lack of market.;
JDA,4/2/2025 18:00,Winter,9.8000000000000007,202.80000000000001,111,112,Spill above planned surface spill through 0700 hours was combination of surface and traditional spill likely due to lack of market.;
JDA,4/2/2025 19:00,Winter,9.8000000000000007,200.09999999999999,110.90000000000001,112,Spill above planned surface spill through 0700 hours was combination of surface and traditional spill likely due to lack of market.;
JDA,4/2/2025 20:00,Winter,9.8000000000000007,201.40000000000001,110.7,112,Spill above planned surface spill through 0700 hours was combination of surface and traditional spill likely due to lack of market.;
JDA,4/2/2025 21:00,Winter,9.8000000000000007,204,110.7,112,Spill above planned surface spill through 0700 hours was combination of surface and traditional spill likely due to lack of market.;
JDA,4/2/2025 22:00,Winter,9.8000000000000007,202.09999999999999,110.59999999999999,112,Spill above planned surface spill through 0700 hours was combination of surface and traditional spill likely due to lack of market.;
JDA,4/2/2025 23:00,Winter,9.8000000000000007,201.80000000000001,110.7,112,Spill above planned surface spill through 0700 hours was combination of surface and traditional spill likely due to lack of market.;
JDA,4/3/2025 0:00,Winter,9.8000000000000007,202.69999999999999,110.7,111,
JDA,4/3/2025 1:00,Winter,9.8000000000000007,182.90000000000001,110.7,111,
JDA,4/3/2025 2:00,Winter,9.8000000000000007,186.30000000000001,110.7,111,
JDA,4/3/2025 3:00,Winter,9.8000000000000007,172.09999999999999,110.59999999999999,111,
JDA,4/3/2025 4:00,Winter,9.8000000000000007,174.59999999999999,110.7,111,
JDA,4/3/2025 5:00,Winter,9.8000000000000007,173.80000000000001,110.59999999999999,111,
JDA,4/3/2025 6:00,Winter,9.8000000000000007,200.69999999999999,110.59999999999999,111,
JDA,4/3/2025 7:00,Winter,9.8000000000000007,203.59999999999999,110.40000000000001,111,
JDA,4/3/2025 8:00,Winter,9.8000000000000007,196.90000000000001,110.40000000000001,111,
JDA,4/3/2025 9:00,Winter,9.8000000000000007,159.90000000000001,110.40000000000001,111,
JDA,4/3/2025 10:00,Winter,9.8000000000000007,165.09999999999999,110.3,111,
JDA,4/3/2025 11:00,Winter,9.8000000000000007,164.19999999999999,105.7,111,
JDA,4/3/2025 12:00,Winter,9.8000000000000007,164.90000000000001,109.2,111,
JDA,4/3/2025 13:00,Winter,9.8000000000000007,164.19999999999999,110,111,
JDA,4/3/2025 14:00,Winter,9.8000000000000007,163.80000000000001,110.40000000000001,111,
JDA,4/3/2025 15:00,Winter,9.8000000000000007,162.40000000000001,110.5,111,
JDA,4/3/2025 16:00,Winter,9.8000000000000007,159.30000000000001,110.7,111,
JDA,4/3/2025 17:00,Winter,9.8000000000000007,146.90000000000001,110.8,111,
JDA,4/3/2025 18:00,Winter,9.8000000000000007,190.59999999999999,110.8,111,
JDA,4/3/2025 19:00,Winter,9.8000000000000007,201.59999999999999,110.5,111,
JDA,4/3/2025 20:00,Winter,9.8000000000000007,202.09999999999999,110.5,111,
JDA,4/3/2025 21:00,Winter,9.8000000000000007,201.19999999999999,110.5,111,
JDA,4/3/2025 22:00,Winter,9.8000000000000007,184.69999999999999,110.5,111,
JDA,4/3/2025 23:00,Winter,9.8000000000000007,182.59999999999999,110.5,111,
JDA,4/4/2025 0:00,Winter,9.8000000000000007,182.30000000000001,110.5,111,
JDA,4/4/2025 1:00,Winter,9.8000000000000007,181.40000000000001,110.2,111,
JDA,4/4/2025 2:00,Winter,9.8000000000000007,181,110.09999999999999,111,
JDA,4/4/2025 3:00,Winter,9.8000000000000007,181.19999999999999,110.09999999999999,111,
JDA,4/4/2025 4:00,Winter,9.8000000000000007,183.59999999999999,110.09999999999999,111,
JDA,4/4/2025 5:00,Winter,9.8000000000000007,182.5,109.90000000000001,111,
JDA,4/4/2025 6:00,Winter,9.8000000000000007,202.40000000000001,109.90000000000001,111,
JDA,4/4/2025 7:00,Winter,9.8000000000000007,201.19999999999999,109.8,111,
JDA,4/4/2025 8:00,Winter,9.8000000000000007,200.30000000000001,109.8,111,
JDA,4/4/2025 9:00,Winter,9.8000000000000007,164.90000000000001,109.8,111,
JDA,4/4/2025 10:00,Winter,9.8000000000000007,163.19999999999999,109.8,111,
JDA,4/4/2025 11:00,Winter,9.8000000000000007,163.80000000000001,109.8,111,
JDA,4/4/2025 12:00,Winter,9.8000000000000007,165.30000000000001,109.90000000000001,111,
JDA,4/4/2025 13:00,Winter,9.8000000000000007,163.19999999999999,110,111,
JDA,4/4/2025 14:00,Winter,9.8000000000000007,162.80000000000001,110.2,111,
JDA,4/4/2025 15:00,Winter,9.8000000000000007,166.80000000000001,110.3,111,
JDA,4/4/2025 16:00,Winter,9.8000000000000007,198.09999999999999,110.40000000000001,111,
JDA,4/4/2025 17:00,Winter,9.8000000000000007,200.19999999999999,110.59999999999999,111,
JDA,4/4/2025 18:00,Winter,9.8000000000000007,201.19999999999999,110.8,111,
JDA,4/4/2025 19:00,Winter,9.8000000000000007,201.40000000000001,110.7,111,
JDA,4/4/2025 20:00,Winter,9.8000000000000007,201.40000000000001,110.59999999999999,111,
JDA,4/4/2025 21:00,Winter,9.8000000000000007,199.40000000000001,110.59999999999999,111,
JDA,4/4/2025 22:00,Winter,9.8000000000000007,200.69999999999999,110.59999999999999,111,
JDA,4/4/2025 23:00,Winter,9.8000000000000007,200.80000000000001,110.59999999999999,111,
JDA,4/5/2025 0:00,Winter,9.8000000000000007,200.30000000000001,110.59999999999999,111,
JDA,4/5/2025 1:00,Winter,9.8000000000000007,202.80000000000001,110.7,111,
JDA,4/5/2025 2:00,Winter,9.8000000000000007,202.69999999999999,110.7,111,
JDA,4/5/2025 3:00,Winter,9.8000000000000007,201.40000000000001,110.7,111,
JDA,4/5/2025 4:00,Winter,9.8000000000000007,200.59999999999999,110.7,111,
JDA,4/5/2025 5:00,Winter,9.8000000000000007,199.59999999999999,110.7,111,
JDA,4/5/2025 6:00,Winter,9.8000000000000007,200.40000000000001,110.59999999999999,111,
JDA,4/5/2025 7:00,Winter,9.8000000000000007,200.09999999999999,110.59999999999999,111,
JDA,4/5/2025 8:00,Winter,9.8000000000000007,201.69999999999999,110.5,111,
JDA,4/5/2025 9:00,Winter,9.8000000000000007,199.80000000000001,110.5,111,
JDA,4/5/2025 10:00,Winter,9.8000000000000007,184.80000000000001,110.40000000000001,111,
JDA,4/5/2025 11:00,Winter,9.8000000000000007,181.09999999999999,110.59999999999999,111,
JDA,4/5/2025 12:00,Winter,9.8000000000000007,183.40000000000001,110.7,111,
JDA,4/5/2025 13:00,Winter,9.8000000000000007,181.09999999999999,110.8,111,
JDA,4/5/2025 14:00,Winter,9.8000000000000007,181.69999999999999,110.8,111,
JDA,4/5/2025 15:00,Winter,9.8000000000000007,180.90000000000001,110.8,111,
JDA,4/5/2025 16:00,Winter,9.8000000000000007,180.40000000000001,111,111,
JDA,4/5/2025 17:00,Winter,9.8000000000000007,170.59999999999999,112,111,
JDA,4/5/2025 18:00,Winter,9.8000000000000007,175.40000000000001,112.09999999999999,111,
JDA,4/5/2025 19:00,Winter,9.8000000000000007,199.69999999999999,111.7,111,
JDA,4/5/2025 20:00,Winter,9.8000000000000007,199.80000000000001,111.5,111,
JDA,4/5/2025 21:00,Winter,9.8000000000000007,199,111.40000000000001,111,
JDA,4/5/2025 22:00,Winter,9.8000000000000007,201.19999999999999,111.3,111,
JDA,4/5/2025 23:00,Winter,9.8000000000000007,201.59999999999999,111.3,111,
JDA,4/6/2025 0:00,Winter,9.8000000000000007,199.40000000000001,111.3,111,
JDA,4/6/2025 1:00,Winter,9.8000000000000007,184,111.09999999999999,111,
JDA,4/6/2025 2:00,Winter,9.8000000000000007,183.5,111.09999999999999,111,
JDA,4/6/2025 3:00,Winter,9.8000000000000007,183.5,111,111,
JDA,4/6/2025 4:00,Winter,9.8000000000000007,183.09999999999999,111,111,
JDA,4/6/2025 5:00,Winter,9.8000000000000007,182.09999999999999,110.90000000000001,111,
JDA,4/6/2025 6:00,Winter,9.8000000000000007,198.80000000000001,111,111,
JDA,4/6/2025 7:00,Winter,9.8000000000000007,199.80000000000001,111,111,
JDA,4/6/2025 8:00,Winter,9.8000000000000007,199.80000000000001,111,111,
JDA,4/6/2025 9:00,Winter,9.8000000000000007,194.19999999999999,111,111,
JDA,4/6/2025 10:00,Winter,9.8000000000000007,192.90000000000001,111.2,111,
JDA,4/6/2025 11:00,Winter,9.8000000000000007,193.19999999999999,111.3,111,
JDA,4/6/2025 12:00,Winter,9.8000000000000007,195.80000000000001,111.3,111,
JDA,4/6/2025 13:00,Winter,9.8000000000000007,194.5,111.3,111,
JDA,4/6/2025 14:00,Winter,9.8000000000000007,197.30000000000001,111.3,111,
JDA,4/6/2025 15:00,Winter,9.8000000000000007,194.19999999999999,111.5,111,
JDA,4/6/2025 16:00,Winter,9.8000000000000007,195.90000000000001,111.5,111,
JDA,4/6/2025 17:00,Winter,9.8000000000000007,196,111.5,111,
JDA,4/6/2025 18:00,Winter,9.8000000000000007,196.09999999999999,111.59999999999999,111,
JDA,4/6/2025 19:00,Winter,9.8000000000000007,202.09999999999999,111.59999999999999,111,
JDA,4/6/2025 20:00,Winter,9.8000000000000007,202.19999999999999,111.40000000000001,111,
JDA,4/6/2025 21:00,Winter,9.8000000000000007,203,111.5,111,
JDA,4/6/2025 22:00,Winter,9.8000000000000007,183.19999999999999,111.5,111,
JDA,4/6/2025 23:00,Winter,9.8000000000000007,166.19999999999999,111.5,111,
JDA,4/7/2025 0:00,Winter,9.8000000000000007,161.5,111.40000000000001,111,
JDA,4/7/2025 1:00,Winter,9.8000000000000007,158.5,111.40000000000001,111,
JDA,4/7/2025 2:00,Winter,9.8000000000000007,160.30000000000001,111.40000000000001,111,
JDA,4/7/2025 3:00,Winter,9.8000000000000007,161.59999999999999,111.40000000000001,111,
JDA,4/7/2025 4:00,Winter,9.8000000000000007,160.19999999999999,111.40000000000001,111,
JDA,4/7/2025 5:00,Winter,9.8000000000000007,165.19999999999999,111.40000000000001,111,
JDA,4/7/2025 6:00,Winter,9.8000000000000007,181,111.3,111,
JDA,4/7/2025 7:00,Winter,9.8000000000000007,178.59999999999999,111.09999999999999,111,
JDA,4/7/2025 8:00,Winter,9.6999999999999993,176.09999999999999,111,111,
JDA,4/7/2025 9:00,Winter,9.8000000000000007,155.30000000000001,111,111,
JDA,4/7/2025 10:00,Winter,9.8000000000000007,155.90000000000001,111.09999999999999,111,
JDA,4/7/2025 11:00,Winter,9.8000000000000007,153.09999999999999,111.09999999999999,111,
JDA,4/7/2025 12:00,Winter,9.8000000000000007,157.40000000000001,111.3,111,
JDA,4/7/2025 13:00,Winter,9.8000000000000007,145.19999999999999,111.40000000000001,111,
JDA,4/7/2025 14:00,Winter,9.8000000000000007,151.30000000000001,111.40000000000001,111,
JDA,4/7/2025 15:00,Winter,9.8000000000000007,143.69999999999999,111.40000000000001,111,
JDA,4/7/2025 16:00,Winter,9.8000000000000007,145.40000000000001,111.40000000000001,111,
JDA,4/7/2025 17:00,Winter,9.8000000000000007,142.5,111.3,111,
JDA,4/7/2025 18:00,Winter,9.8000000000000007,158.40000000000001,111.09999999999999,111,
JDA,4/7/2025 19:00,Winter,9.8000000000000007,181.09999999999999,111.09999999999999,111,
JDA,4/7/2025 20:00,Winter,9.8000000000000007,181.59999999999999,111,111,
JDA,4/7/2025 21:00,Winter,9.8000000000000007,182.59999999999999,111,111,
JDA,4/7/2025 22:00,Winter,9.8000000000000007,182.40000000000001,111,111,
JDA,4/7/2025 23:00,Winter,9.8000000000000007,180.40000000000001,111,111,
JDA,4/8/2025 0:00,Winter,9.8000000000000007,152.5,110.8,111,
JDA,4/8/2025 1:00,Winter,9.8000000000000007,150.40000000000001,110.90000000000001,111,
JDA,4/8/2025 2:00,Winter,9.8000000000000007,151.90000000000001,110.90000000000001,111,
JDA,4/8/2025 3:00,Winter,9.8000000000000007,150.69999999999999,110.90000000000001,111,
JDA,4/8/2025 4:00,Winter,9.8000000000000007,152.19999999999999,110.8,111,
JDA,4/8/2025 5:00,Winter,9.8000000000000007,165.09999999999999,110.90000000000001,111,
JDA,4/8/2025 6:00,Winter,9.8000000000000007,182.80000000000001,111.09999999999999,111,
JDA,4/8/2025 7:00,Winter,9.8000000000000007,182.90000000000001,110.8,111,
JDA,4/8/2025 8:00,Winter,9.6999999999999993,182.5,110.8,111,
JDA,4/8/2025 9:00,Winter,9.8000000000000007,134.80000000000001,110.8,111,
JDA,4/8/2025 10:00,Winter,9.8000000000000007,132.90000000000001,110.90000000000001,111,
JDA,4/8/2025 11:00,Winter,9.8000000000000007,133.19999999999999,110.90000000000001,111,
JDA,4/8/2025 12:00,Winter,9.8000000000000007,141.90000000000001,111.2,111,
JDA,4/8/2025 13:00,Winter,9.6999999999999993,153.30000000000001,111.2,111,
JDA,4/8/2025 14:00,Winter,9.8000000000000007,152.59999999999999,111.2,111,
JDA,4/8/2025 15:00,Winter,9.8000000000000007,154.5,111.2,111,
JDA,4/8/2025 16:00,Winter,9.8000000000000007,151.90000000000001,111.2,111,
JDA,4/8/2025 17:00,Winter,9.8000000000000007,152.40000000000001,111.09999999999999,111,
JDA,4/8/2025 18:00,Winter,9.8000000000000007,152.90000000000001,110.90000000000001,111,
JDA,4/8/2025 19:00,Winter,9.6999999999999993,183.80000000000001,110.90000000000001,111,
JDA,4/8/2025 20:00,Winter,9.6999999999999993,185.80000000000001,110.8,111,
JDA,4/8/2025 21:00,Winter,9.8000000000000007,184.30000000000001,110.8,111,
JDA,4/8/2025 22:00,Winter,9.8000000000000007,183.19999999999999,110.8,111,
JDA,4/8/2025 23:00,Winter,9.8000000000000007,194.19999999999999,110.8,111,
JDA,4/9/2025 0:00,Winter,9.8000000000000007,194.30000000000001,110.8,111,
JDA,4/9/2025 1:00,Winter,9.8000000000000007,194.30000000000001,110.8,111,
JDA,4/9/2025 2:00,Winter,9.8000000000000007,192.40000000000001,110.59999999999999,111,
JDA,4/9/2025 3:00,Winter,9.8000000000000007,192.30000000000001,110.59999999999999,111,
JDA,4/9/2025 4:00,Winter,9.8000000000000007,192,110.5,111,
JDA,4/9/2025 5:00,Winter,9.8000000000000007,190.69999999999999,110.5,111,
JDA,4/9/2025 6:00,Winter,9.8000000000000007,199.90000000000001,110.5,111,
JDA,4/9/2025 7:00,Winter,9.8000000000000007,198.30000000000001,110.2,111,
JDA,4/9/2025 8:00,Winter,9.8000000000000007,198.5,110.2,111,
JDA,4/9/2025 9:00,Winter,9.8000000000000007,162.69999999999999,110.09999999999999,111,
JDA,4/9/2025 10:00,Winter,9.8000000000000007,154,110.2,111,
JDA,4/9/2025 11:00,Winter,9.8000000000000007,153.5,110.3,111,
JDA,4/9/2025 12:00,Winter,9.8000000000000007,155.90000000000001,110.3,111,
JDA,4/9/2025 13:00,Winter,9.8000000000000007,153.5,110.59999999999999,111,
JDA,4/9/2025 14:00,Winter,9.8000000000000007,164.69999999999999,110.59999999999999,111,
JDA,4/9/2025 15:00,Winter,9.8000000000000007,164.59999999999999,110.7,111,
JDA,4/9/2025 16:00,Winter,9.8000000000000007,162.40000000000001,110.7,111,
JDA,4/9/2025 17:00,Winter,9.8000000000000007,166.09999999999999,111,111,
JDA,4/9/2025 18:00,Winter,9.8000000000000007,180,111,111,
JDA,4/9/2025 19:00,Winter,9.8000000000000007,184.09999999999999,111,111,
JDA,4/9/2025 20:00,Winter,9.8000000000000007,182.09999999999999,111.2,111,
JDA,4/9/2025 21:00,Winter,9.8000000000000007,181,111.2,111,
JDA,4/9/2025 22:00,Winter,9.8000000000000007,183.69999999999999,111.09999999999999,111,
JDA,4/9/2025 23:00,Winter,9.8000000000000007,184.5,111.3,111,
TDA,3/1/2025 0:00,Winter,0,146.90000000000001,102.09999999999999,104,
TDA,3/1/2025 1:00,Winter,0,152.59999999999999,102.09999999999999,104,
TDA,3/1/2025 2:00,Winter,0,153.19999999999999,102,104,
TDA,3/1/2025 3:00,Winter,0,152.5,102.09999999999999,104,
TDA,3/1/2025 4:00,Winter,0,152.80000000000001,102.2,104,
TDA,3/1/2025 5:00,Winter,0,152.09999999999999,102.40000000000001,104,
TDA,3/1/2025 6:00,Winter,0,162.80000000000001,102.8,104,
TDA,3/1/2025 7:00,Winter,0,164.19999999999999,102.59999999999999,104,
TDA,3/1/2025 8:00,Winter,0,158.90000000000001,102.59999999999999,104,
TDA,3/1/2025 9:00,Winter,0,157.80000000000001,102.8,104,
TDA,3/1/2025 10:00,Winter,0,147.30000000000001,102.90000000000001,104,
TDA,3/1/2025 11:00,Winter,0,142.19999999999999,103.3,104,
TDA,3/1/2025 12:00,Winter,0,132.19999999999999,103.7,104,
TDA,3/1/2025 13:00,Winter,0,121.7,103.8,104,
TDA,3/1/2025 14:00,Winter,0,120.2,104.09999999999999,104,
TDA,3/1/2025 15:00,Winter,0,106.3,104.2,104,
TDA,3/1/2025 16:00,Winter,0,101.40000000000001,104.09999999999999,104,
TDA,3/1/2025 17:00,Winter,0,128.09999999999999,104.2,104,
TDA,3/1/2025 18:00,Winter,0,129.40000000000001,104.2,104,
TDA,3/1/2025 19:00,Winter,0,143.90000000000001,104.5,104,
TDA,3/1/2025 20:00,Winter,0,144,104.40000000000001,104,
TDA,3/1/2025 21:00,Winter,0,145.09999999999999,104.2,104,
TDA,3/1/2025 22:00,Winter,0,144.69999999999999,104.2,104,
TDA,3/1/2025 23:00,Winter,0,143.80000000000001,104.2,104,
TDA,3/2/2025 0:00,Winter,0,135.59999999999999,104.09999999999999,104,
TDA,3/2/2025 1:00,Winter,0,121.8,104,104,
TDA,3/2/2025 2:00,Winter,0,120.59999999999999,104,104,
TDA,3/2/2025 3:00,Winter,0,120.3,103.8,104,
TDA,3/2/2025 4:00,Winter,0,121.8,104,104,
TDA,3/2/2025 5:00,Winter,0,152.40000000000001,104.09999999999999,104,
TDA,3/2/2025 6:00,Winter,0,153.40000000000001,104,104,
TDA,3/2/2025 7:00,Winter,0,153.59999999999999,104,104,
TDA,3/2/2025 8:00,Winter,0,152.90000000000001,103.8,104,
TDA,3/2/2025 9:00,Winter,0,151.80000000000001,103.8,104,
TDA,3/2/2025 10:00,Winter,0,152.09999999999999,104.09999999999999,104,
TDA,3/2/2025 11:00,Winter,0,151.40000000000001,104,104,
TDA,3/2/2025 12:00,Winter,0,136.59999999999999,104,104,
TDA,3/2/2025 13:00,Winter,0,135.59999999999999,104.09999999999999,104,
TDA,3/2/2025 14:00,Winter,0,131,104.09999999999999,104,
TDA,3/2/2025 15:00,Winter,0,125.7,104.09999999999999,104,
TDA,3/2/2025 16:00,Winter,0,130.09999999999999,104.09999999999999,104,
TDA,3/2/2025 17:00,Winter,0,134.30000000000001,104.09999999999999,104,
TDA,3/2/2025 18:00,Winter,0,149.19999999999999,104.09999999999999,104,
TDA,3/2/2025 19:00,Winter,0,151.59999999999999,104,104,
TDA,3/2/2025 20:00,Winter,0,151.5,103.8,104,
TDA,3/2/2025 21:00,Winter,0,151.69999999999999,103.8,104,
TDA,3/2/2025 22:00,Winter,0,151.09999999999999,103.7,104,
TDA,3/2/2025 23:00,Winter,0,143.30000000000001,103.59999999999999,104,
TDA,3/3/2025 0:00,Winter,0,124,103.59999999999999,104,
TDA,3/3/2025 1:00,Winter,0,114.09999999999999,103.3,104,
TDA,3/3/2025 2:00,Winter,0,113,103.59999999999999,104,
TDA,3/3/2025 3:00,Winter,0,121.2,103.40000000000001,104,
TDA,3/3/2025 4:00,Winter,0,122.09999999999999,103.40000000000001,104,
TDA,3/3/2025 5:00,Winter,0,121.59999999999999,103.3,104,
TDA,3/3/2025 6:00,Winter,0,136.59999999999999,103.3,104,
TDA,3/3/2025 7:00,Winter,0,150.69999999999999,103.2,104,
TDA,3/3/2025 8:00,Winter,0,149.80000000000001,103.2,104,
TDA,3/3/2025 9:00,Winter,0,136.19999999999999,103.2,104,
TDA,3/3/2025 10:00,Winter,0,143,103.3,104,
TDA,3/3/2025 11:00,Winter,0,143.80000000000001,103.40000000000001,104,
TDA,3/3/2025 12:00,Winter,0,142.59999999999999,103.59999999999999,104,
TDA,3/3/2025 13:00,Winter,0,142.19999999999999,103.7,104,
TDA,3/3/2025 14:00,Winter,0,125.90000000000001,103.7,104,
TDA,3/3/2025 15:00,Winter,0,123.40000000000001,103.8,104,
TDA,3/3/2025 16:00,Winter,0,115.59999999999999,103.8,104,
TDA,3/3/2025 17:00,Winter,0,126.3,103.7,104,
TDA,3/3/2025 18:00,Winter,0,150.59999999999999,103.7,104,
TDA,3/3/2025 19:00,Winter,0,151.09999999999999,103.7,104,
TDA,3/3/2025 20:00,Winter,0,150.90000000000001,103.40000000000001,104,
TDA,3/3/2025 21:00,Winter,0,151.90000000000001,103.3,104,
TDA,3/3/2025 22:00,Winter,0,153.19999999999999,103.09999999999999,104,
TDA,3/3/2025 23:00,Winter,0,152.59999999999999,103.09999999999999,104,
TDA,3/4/2025 0:00,Winter,0,151.59999999999999,103,104,
TDA,3/4/2025 1:00,Winter,0,120.2,102.90000000000001,104,
TDA,3/4/2025 2:00,Winter,0,122.90000000000001,103,104,
TDA,3/4/2025 3:00,Winter,0,123.2,103,104,
TDA,3/4/2025 4:00,Winter,0,122.7,103.09999999999999,104,
TDA,3/4/2025 5:00,Winter,0,123.2,103.09999999999999,104,
TDA,3/4/2025 6:00,Winter,0,155,103.3,104,
TDA,3/4/2025 7:00,Winter,0,155.5,103.3,104,
TDA,3/4/2025 8:00,Winter,0,155.19999999999999,103.40000000000001,104,
TDA,3/4/2025 9:00,Winter,0,138.69999999999999,103.3,104,
TDA,3/4/2025 10:00,Winter,0,135,103.09999999999999,104,
TDA,3/4/2025 11:00,Winter,0,109.7,103.09999999999999,104,
TDA,3/4/2025 12:00,Winter,0,109.90000000000001,103.5,104,
TDA,3/4/2025 13:00,Winter,0,109.2,103.7,104,
TDA,3/4/2025 14:00,Winter,0,105.40000000000001,103.7,104,
TDA,3/4/2025 15:00,Winter,0,99.799999999999997,103.8,104,
TDA,3/4/2025 16:00,Winter,0,99.700000000000003,103.7,104,
TDA,3/4/2025 17:00,Winter,0,120.5,103.90000000000001,104,
TDA,3/4/2025 18:00,Winter,0,146.59999999999999,103.90000000000001,104,
TDA,3/4/2025 19:00,Winter,0,168.80000000000001,104.09999999999999,104,
TDA,3/4/2025 20:00,Winter,0,172.90000000000001,103.90000000000001,104,
TDA,3/4/2025 21:00,Winter,0,173.59999999999999,103.7,104,
TDA,3/4/2025 22:00,Winter,0,172.5,103.5,104,
TDA,3/4/2025 23:00,Winter,0,146.30000000000001,103.3,104,
TDA,3/5/2025 0:00,Winter,0,129.90000000000001,103.09999999999999,105,
TDA,3/5/2025 1:00,Winter,0,115.09999999999999,102.90000000000001,105,
TDA,3/5/2025 2:00,Winter,0,114.3,102.90000000000001,105,
TDA,3/5/2025 3:00,Winter,0,115.90000000000001,103.09999999999999,105,
TDA,3/5/2025 4:00,Winter,0,114.3,103.09999999999999,105,
TDA,3/5/2025 5:00,Winter,0,114.90000000000001,103.09999999999999,105,
TDA,3/5/2025 6:00,Winter,0,137.59999999999999,103,105,
TDA,3/5/2025 7:00,Winter,0,155.5,103.09999999999999,105,
TDA,3/5/2025 8:00,Winter,0,158.80000000000001,103.3,105,
TDA,3/5/2025 9:00,Winter,0,145.40000000000001,103.40000000000001,105,
TDA,3/5/2025 10:00,Winter,0,143.09999999999999,103.7,105,
TDA,3/5/2025 11:00,Winter,0,139.19999999999999,103.8,105,
TDA,3/5/2025 12:00,Winter,0,140.90000000000001,104.09999999999999,105,
TDA,3/5/2025 13:00,Winter,0,134.59999999999999,104.5,105,
TDA,3/5/2025 14:00,Winter,0,129.5,104.5,105,
TDA,3/5/2025 15:00,Winter,0,125.90000000000001,104.8,105,
TDA,3/5/2025 16:00,Winter,0,117.3,104.8,105,
TDA,3/5/2025 17:00,Winter,0,133.69999999999999,104.8,105,
TDA,3/5/2025 18:00,Winter,0,148.90000000000001,104.90000000000001,105,
TDA,3/5/2025 19:00,Winter,0,151.19999999999999,104.90000000000001,105,
TDA,3/5/2025 20:00,Winter,0,151.5,104.8,105,
TDA,3/5/2025 21:00,Winter,0,151,104.59999999999999,105,
TDA,3/5/2025 22:00,Winter,0,143.90000000000001,104.5,105,
TDA,3/5/2025 23:00,Winter,0,140.5,104.2,105,
TDA,3/6/2025 0:00,Winter,0,122.3,104.09999999999999,105,
TDA,3/6/2025 1:00,Winter,0,105.7,104.09999999999999,105,
TDA,3/6/2025 2:00,Winter,0,101.90000000000001,104.09999999999999,105,
TDA,3/6/2025 3:00,Winter,0,102.09999999999999,104.2,105,
TDA,3/6/2025 4:00,Winter,0,103.3,104.09999999999999,105,
TDA,3/6/2025 5:00,Winter,0,103.40000000000001,104.2,105,
TDA,3/6/2025 6:00,Winter,0,134.40000000000001,104.09999999999999,105,
TDA,3/6/2025 7:00,Winter,0,154.5,104.2,105,
TDA,3/6/2025 8:00,Winter,0,155,104.40000000000001,105,
TDA,3/6/2025 9:00,Winter,0,144.30000000000001,104.40000000000001,105,
TDA,3/6/2025 10:00,Winter,0,147.30000000000001,104.5,105,
TDA,3/6/2025 11:00,Winter,0,145.5,104.59999999999999,105,
TDA,3/6/2025 12:00,Winter,0,147.40000000000001,105,105,
TDA,3/6/2025 13:00,Winter,0,135.80000000000001,104.90000000000001,105,
TDA,3/6/2025 14:00,Winter,0,137.90000000000001,105,105,
TDA,3/6/2025 15:00,Winter,0,128,105,105,
TDA,3/6/2025 16:00,Winter,0,126.90000000000001,105.2,105,
TDA,3/6/2025 17:00,Winter,0,129.80000000000001,105.3,105,
TDA,3/6/2025 18:00,Winter,0,153.90000000000001,105.2,105,
TDA,3/6/2025 19:00,Winter,0,157.40000000000001,105,105,
TDA,3/6/2025 20:00,Winter,0,160.59999999999999,104.90000000000001,105,
TDA,3/6/2025 21:00,Winter,0,160.09999999999999,104.5,105,
TDA,3/6/2025 22:00,Winter,0,162.90000000000001,104.2,105,
TDA,3/6/2025 23:00,Winter,0,162.80000000000001,103.90000000000001,105,
TDA,3/7/2025 0:00,Winter,0,141.40000000000001,103.8,104,
TDA,3/7/2025 1:00,Winter,0,144.80000000000001,103.7,104,
TDA,3/7/2025 2:00,Winter,0,145.80000000000001,103.5,104,
TDA,3/7/2025 3:00,Winter,0,146.09999999999999,103.40000000000001,104,
TDA,3/7/2025 4:00,Winter,0,146.5,103.40000000000001,104,
TDA,3/7/2025 5:00,Winter,0,156.19999999999999,103.40000000000001,104,
TDA,3/7/2025 6:00,Winter,0,189,103.3,104,
TDA,3/7/2025 7:00,Winter,0,164.69999999999999,103.09999999999999,104,
TDA,3/7/2025 8:00,Winter,0,161.40000000000001,103.09999999999999,104,
TDA,3/7/2025 9:00,Winter,0,131.30000000000001,103.3,104,
TDA,3/7/2025 10:00,Winter,0,124.5,103.5,104,
TDA,3/7/2025 11:00,Winter,0,96.200000000000003,103.7,104,
TDA,3/7/2025 12:00,Winter,0,100.2,103.90000000000001,104,
TDA,3/7/2025 13:00,Winter,0,100.7,104.3,104,
TDA,3/7/2025 14:00,Winter,0,102.3,104.5,104,
TDA,3/7/2025 15:00,Winter,0,101.59999999999999,104.59999999999999,104,
TDA,3/7/2025 16:00,Winter,0,103.40000000000001,104.59999999999999,104,
TDA,3/7/2025 17:00,Winter,0,107.8,104.59999999999999,104,
TDA,3/7/2025 18:00,Winter,0,149.59999999999999,104.5,104,
TDA,3/7/2025 19:00,Winter,0,152.80000000000001,104.3,104,
TDA,3/7/2025 20:00,Winter,0,146.69999999999999,104.09999999999999,104,
TDA,3/7/2025 21:00,Winter,0,150,103.8,104,
TDA,3/7/2025 22:00,Winter,0,151.80000000000001,103.7,104,
TDA,3/7/2025 23:00,Winter,0,150.09999999999999,103.7,104,
TDA,3/8/2025 0:00,Winter,0,142.09999999999999,103.7,105,
TDA,3/8/2025 1:00,Winter,0,142.90000000000001,103.7,105,
TDA,3/8/2025 2:00,Winter,0,140.59999999999999,103.7,105,
TDA,3/8/2025 3:00,Winter,0,141.69999999999999,103.5,105,
TDA,3/8/2025 4:00,Winter,0,145.30000000000001,103.3,105,
TDA,3/8/2025 5:00,Winter,0,145.09999999999999,103.40000000000001,105,
TDA,3/8/2025 6:00,Winter,0,142.09999999999999,103.40000000000001,105,
TDA,3/8/2025 7:00,Winter,0,141.09999999999999,103.40000000000001,105,
TDA,3/8/2025 8:00,Winter,0,135.09999999999999,103.40000000000001,105,
TDA,3/8/2025 9:00,Winter,0,132.09999999999999,103.40000000000001,105,
TDA,3/8/2025 10:00,Winter,0,138.09999999999999,103.5,105,
TDA,3/8/2025 11:00,Winter,0,120.7,103.7,105,
TDA,3/8/2025 12:00,Winter,0,95.900000000000006,103.90000000000001,105,
TDA,3/8/2025 13:00,Winter,0,83.200000000000003,104.09999999999999,105,
TDA,3/8/2025 14:00,Winter,0,74.799999999999997,104.5,105,
TDA,3/8/2025 15:00,Winter,0,75.700000000000003,104.5,105,
TDA,3/8/2025 16:00,Winter,0,82.799999999999997,104.7,105,
TDA,3/8/2025 17:00,Winter,0,112.5,104.90000000000001,105,
TDA,3/8/2025 18:00,Winter,0,139.40000000000001,105,105,
TDA,3/8/2025 19:00,Winter,0,142.69999999999999,105.09999999999999,105,
TDA,3/8/2025 20:00,Winter,0,135.09999999999999,104.90000000000001,105,
TDA,3/8/2025 21:00,Winter,0,130.5,104.59999999999999,105,
TDA,3/8/2025 22:00,Winter,0,128.09999999999999,104.5,105,
TDA,3/8/2025 23:00,Winter,0,147.40000000000001,104.3,105,
TDA,3/9/2025 0:00,Winter,0,150.40000000000001,104.3,105,
TDA,3/9/2025 1:00,Winter,0,150.5,104.3,105,
TDA,3/9/2025 2:00,Winter,0,131.19999999999999,,105,
TDA,3/9/2025 3:00,Winter,0,131.19999999999999,104.2,105,
TDA,3/9/2025 4:00,Winter,0,130.40000000000001,104.09999999999999,105,
TDA,3/9/2025 5:00,Winter,0,131,103.90000000000001,105,
TDA,3/9/2025 6:00,Winter,0,144.69999999999999,103.90000000000001,105,
TDA,3/9/2025 7:00,Winter,0,145.59999999999999,103.90000000000001,105,
TDA,3/9/2025 8:00,Winter,0,143.30000000000001,103.90000000000001,105,
TDA,3/9/2025 9:00,Winter,0,134.69999999999999,103.90000000000001,105,
TDA,3/9/2025 10:00,Winter,0,130.09999999999999,104.09999999999999,105,
TDA,3/9/2025 11:00,Winter,0,133.09999999999999,104.3,105,
TDA,3/9/2025 12:00,Winter,0,115.59999999999999,104.5,105,
TDA,3/9/2025 13:00,Winter,0,96.299999999999997,104.5,105,
TDA,3/9/2025 14:00,Winter,0,92.599999999999994,104.40000000000001,105,
TDA,3/9/2025 15:00,Winter,0,86,105,105,
TDA,3/9/2025 16:00,Winter,0,80.799999999999997,105.40000000000001,105,
TDA,3/9/2025 17:00,Winter,0,75.900000000000006,105.40000000000001,105,
TDA,3/9/2025 18:00,Winter,0,103.7,105.5,105,
TDA,3/9/2025 19:00,Winter,0,141.80000000000001,105.5,105,
TDA,3/9/2025 20:00,Winter,0,142.90000000000001,105.5,105,
TDA,3/9/2025 21:00,Winter,0,144.5,105.40000000000001,105,
TDA,3/9/2025 22:00,Winter,0,153.30000000000001,105.3,105,
TDA,3/9/2025 23:00,Winter,0,146.69999999999999,104.90000000000001,105,
TDA,3/10/2025 0:00,Winter,0,131.5,104.7,104,
TDA,3/10/2025 1:00,Winter,0,130.09999999999999,104.59999999999999,104,
TDA,3/10/2025 2:00,Winter,0,116.7,104.59999999999999,104,
TDA,3/10/2025 3:00,Winter,0,116.2,104.3,104,
TDA,3/10/2025 4:00,Winter,0,116.09999999999999,104.2,104,
TDA,3/10/2025 5:00,Winter,0,116.40000000000001,104.2,104,
TDA,3/10/2025 6:00,Winter,0,138.5,104.09999999999999,104,
TDA,3/10/2025 7:00,Winter,0,145,104.09999999999999,104,
TDA,3/10/2025 8:00,Winter,0,176.30000000000001,103.90000000000001,104,
TDA,3/10/2025 9:00,Winter,0,174,103.90000000000001,104,
TDA,3/10/2025 10:00,Winter,0,171.69999999999999,103.8,104,
TDA,3/10/2025 11:00,Winter,0,158.59999999999999,103.7,104,
TDA,3/10/2025 12:00,Winter,0,155.19999999999999,104,104,
TDA,3/10/2025 13:00,Winter,0,139.69999999999999,103.8,104,
TDA,3/10/2025 14:00,Winter,0,138.59999999999999,104,104,
TDA,3/10/2025 15:00,Winter,0,142.40000000000001,104.2,104,
TDA,3/10/2025 16:00,Winter,0,142.40000000000001,104.5,104,
TDA,3/10/2025 17:00,Winter,0,142.19999999999999,104.59999999999999,104,
TDA,3/10/2025 18:00,Winter,0,142.30000000000001,104.5,104,
TDA,3/10/2025 19:00,Winter,0,156,104.5,104,
TDA,3/10/2025 20:00,Winter,0,156.30000000000001,104.40000000000001,104,
TDA,3/10/2025 21:00,Winter,0,155.69999999999999,104.2,104,
TDA,3/10/2025 22:00,Winter,0,156.09999999999999,104.2,104,
TDA,3/10/2025 23:00,Winter,0,154,104.09999999999999,104,
TDA,3/11/2025 0:00,Winter,0,130.09999999999999,104,105,
TDA,3/11/2025 1:00,Winter,0,100.8,103.7,105,
TDA,3/11/2025 2:00,Winter,0,100.09999999999999,103.8,105,
TDA,3/11/2025 3:00,Winter,0,97.900000000000006,104,105,
TDA,3/11/2025 4:00,Winter,0,99.299999999999997,104,105,
TDA,3/11/2025 5:00,Winter,0,100.2,104,105,
TDA,3/11/2025 6:00,Winter,0,123.90000000000001,104,105,
TDA,3/11/2025 7:00,Winter,0,154.90000000000001,104.2,105,
TDA,3/11/2025 8:00,Winter,0,160.59999999999999,104.5,105,
TDA,3/11/2025 9:00,Winter,0,157.69999999999999,104.40000000000001,105,
TDA,3/11/2025 10:00,Winter,0,135.80000000000001,104.40000000000001,105,
TDA,3/11/2025 11:00,Winter,0,132,104.2,105,
TDA,3/11/2025 12:00,Winter,0,133,104.5,105,
TDA,3/11/2025 13:00,Winter,0,140.40000000000001,104.5,105,
TDA,3/11/2025 14:00,Winter,0,143.69999999999999,104.8,105,
TDA,3/11/2025 15:00,Winter,0,142.40000000000001,105.09999999999999,105,
TDA,3/11/2025 16:00,Winter,0,142.30000000000001,105.2,105,
TDA,3/11/2025 17:00,Winter,0,142,104.90000000000001,105,
TDA,3/11/2025 18:00,Winter,0,155,105.09999999999999,105,
TDA,3/11/2025 19:00,Winter,0,157.5,104.90000000000001,105,
TDA,3/11/2025 20:00,Winter,0,155.40000000000001,104.90000000000001,105,
TDA,3/11/2025 21:00,Winter,0,161.09999999999999,104.90000000000001,105,
TDA,3/11/2025 22:00,Winter,0,158.80000000000001,104.90000000000001,105,
TDA,3/11/2025 23:00,Winter,0,160.69999999999999,104.8,105,
TDA,3/12/2025 0:00,Winter,0,137.19999999999999,104.7,105,
TDA,3/12/2025 1:00,Winter,0,133.80000000000001,104.7,105,
TDA,3/12/2025 2:00,Winter,0,127.8,104.5,105,
TDA,3/12/2025 3:00,Winter,0,126.5,104.5,105,
TDA,3/12/2025 4:00,Winter,0,127.7,104.5,105,
TDA,3/12/2025 5:00,Winter,0,124.5,104.40000000000001,105,
TDA,3/12/2025 6:00,Winter,0,130.19999999999999,104.7,105,
TDA,3/12/2025 7:00,Winter,0,145.59999999999999,104.7,105,
TDA,3/12/2025 8:00,Winter,0,146.90000000000001,104.7,105,
TDA,3/12/2025 9:00,Winter,0,144.5,104.7,105,
TDA,3/12/2025 10:00,Winter,0,138.59999999999999,104.8,105,
TDA,3/12/2025 11:00,Winter,0,137.59999999999999,104.8,105,
TDA,3/12/2025 12:00,Winter,0,128.40000000000001,104.90000000000001,105,
TDA,3/12/2025 13:00,Winter,0,128.90000000000001,104.8,105,
TDA,3/12/2025 14:00,Winter,0,128.09999999999999,105.09999999999999,105,
TDA,3/12/2025 15:00,Winter,0,123.3,105.40000000000001,105,
TDA,3/12/2025 16:00,Winter,0,124.09999999999999,105.59999999999999,105,
TDA,3/12/2025 17:00,Winter,0,123.8,105.8,105,
TDA,3/12/2025 18:00,Winter,0,144.19999999999999,105.8,105,
TDA,3/12/2025 19:00,Winter,0,141.69999999999999,105.8,105,
TDA,3/12/2025 20:00,Winter,0,138.90000000000001,105.7,105,
TDA,3/12/2025 21:00,Winter,0,139.90000000000001,105.40000000000001,105,
TDA,3/12/2025 22:00,Winter,0,131.69999999999999,105.2,105,
TDA,3/12/2025 23:00,Winter,0,127.59999999999999,105.09999999999999,105,
TDA,3/13/2025 0:00,Winter,0,118.09999999999999,105.3,105,
TDA,3/13/2025 1:00,Winter,0,119.2,105,105,
TDA,3/13/2025 2:00,Winter,0,120.7,105,105,
TDA,3/13/2025 3:00,Winter,0,118,105.2,105,
TDA,3/13/2025 4:00,Winter,0,118.5,105.2,105,
TDA,3/13/2025 5:00,Winter,0,121.5,105.2,105,
TDA,3/13/2025 6:00,Winter,0,140.19999999999999,105.09999999999999,105,
TDA,3/13/2025 7:00,Winter,0,159.5,105,105,
TDA,3/13/2025 8:00,Winter,0,161.09999999999999,104.7,105,
TDA,3/13/2025 9:00,Winter,0,142,104.40000000000001,105,
TDA,3/13/2025 10:00,Winter,0,140,104.3,105,
TDA,3/13/2025 11:00,Winter,0,138.90000000000001,104.40000000000001,105,
TDA,3/13/2025 12:00,Winter,0,131.30000000000001,104.7,105,
TDA,3/13/2025 13:00,Winter,0,129.80000000000001,104.8,105,
TDA,3/13/2025 14:00,Winter,0,130.19999999999999,104.8,105,
TDA,3/13/2025 15:00,Winter,0,130.80000000000001,104.8,105,
TDA,3/13/2025 16:00,Winter,0,130.19999999999999,104.90000000000001,105,
TDA,3/13/2025 17:00,Winter,0,126.5,104.90000000000001,105,
TDA,3/13/2025 18:00,Winter,0,141.80000000000001,104.7,105,
TDA,3/13/2025 19:00,Winter,0,160.40000000000001,104.7,105,
TDA,3/13/2025 20:00,Winter,0,162.69999999999999,104.8,105,
TDA,3/13/2025 21:00,Winter,0,162.59999999999999,104.7,105,
TDA,3/13/2025 22:00,Winter,0,143.09999999999999,104.40000000000001,105,
TDA,3/13/2025 23:00,Winter,0,135.69999999999999,104.3,105,
TDA,3/14/2025 0:00,Winter,0,129,104.3,105,
TDA,3/14/2025 1:00,Winter,0,104.7,104.3,105,
TDA,3/14/2025 2:00,Winter,0,103.90000000000001,104.3,105,
TDA,3/14/2025 3:00,Winter,0,132,104.3,105,
TDA,3/14/2025 4:00,Winter,0,145.59999999999999,104.40000000000001,105,
TDA,3/14/2025 5:00,Winter,0,149.19999999999999,104.40000000000001,105,
TDA,3/14/2025 6:00,Winter,0,173.09999999999999,104.40000000000001,105,
TDA,3/14/2025 7:00,Winter,0,193.40000000000001,104.3,105,
TDA,3/14/2025 8:00,Winter,0,192.30000000000001,104.09999999999999,105,
TDA,3/14/2025 9:00,Winter,0,195.80000000000001,104.3,105,
TDA,3/14/2025 10:00,Winter,0,196.30000000000001,104.40000000000001,105,
TDA,3/14/2025 11:00,Winter,0,183.5,104.40000000000001,105,
TDA,3/14/2025 12:00,Winter,0,165.5,104.40000000000001,105,
TDA,3/14/2025 13:00,Winter,0,145.69999999999999,104.7,105,
TDA,3/14/2025 14:00,Winter,0,131.19999999999999,104.7,105,
TDA,3/14/2025 15:00,Winter,0,129.80000000000001,104.8,105,
TDA,3/14/2025 16:00,Winter,0,131.5,105,105,
TDA,3/14/2025 17:00,Winter,0,132,105,105,
TDA,3/14/2025 18:00,Winter,0,162,105,105,
TDA,3/14/2025 19:00,Winter,0,170.90000000000001,105,105,
TDA,3/14/2025 20:00,Winter,0,181.5,104.8,105,
TDA,3/14/2025 21:00,Winter,0,164.19999999999999,104.8,105,
TDA,3/14/2025 22:00,Winter,0,154.90000000000001,104.7,105,
TDA,3/14/2025 23:00,Winter,0,151.59999999999999,104.7,105,
TDA,3/15/2025 0:00,Winter,0,153.90000000000001,104.7,104,
TDA,3/15/2025 1:00,Winter,0,150.19999999999999,104.7,104,
TDA,3/15/2025 2:00,Winter,0,134.80000000000001,104.59999999999999,104,
TDA,3/15/2025 3:00,Winter,0,133.09999999999999,104.40000000000001,104,
TDA,3/15/2025 4:00,Winter,0,132.19999999999999,104.40000000000001,104,
TDA,3/15/2025 5:00,Winter,0,132.19999999999999,104.40000000000001,104,
TDA,3/15/2025 6:00,Winter,0,132.19999999999999,104.3,104,
TDA,3/15/2025 7:00,Winter,0,134.19999999999999,104.3,104,
TDA,3/15/2025 8:00,Winter,0,159.30000000000001,104.09999999999999,104,
TDA,3/15/2025 9:00,Winter,0,163.59999999999999,104.09999999999999,104,
TDA,3/15/2025 10:00,Winter,0,163,104.3,104,
TDA,3/15/2025 11:00,Winter,0,146.09999999999999,104.09999999999999,104,
TDA,3/15/2025 12:00,Winter,0,129.69999999999999,104,104,
TDA,3/15/2025 13:00,Winter,0,111.3,104.09999999999999,104,
TDA,3/15/2025 14:00,Winter,0,108,104.09999999999999,104,
TDA,3/15/2025 15:00,Winter,0,107.90000000000001,104.09999999999999,104,
TDA,3/15/2025 16:00,Winter,0,107.2,104.2,104,
TDA,3/15/2025 17:00,Winter,0,127.7,104.2,104,
TDA,3/15/2025 18:00,Winter,0,149.09999999999999,104.2,104,
TDA,3/15/2025 19:00,Winter,0,180.5,104.3,104,
TDA,3/15/2025 20:00,Winter,0,181.69999999999999,104.3,104,
TDA,3/15/2025 21:00,Winter,0,181,104.09999999999999,104,
TDA,3/15/2025 22:00,Winter,0,180.19999999999999,104.09999999999999,104,
TDA,3/15/2025 23:00,Winter,0,162.19999999999999,104.09999999999999,104,
TDA,3/16/2025 0:00,Winter,0,144.19999999999999,104.3,104,
TDA,3/16/2025 1:00,Winter,0,120.5,104.3,104,
TDA,3/16/2025 2:00,Winter,0,120,104.3,104,
TDA,3/16/2025 3:00,Winter,0,119.7,104.3,104,
TDA,3/16/2025 4:00,Winter,0,119.3,104.09999999999999,104,
TDA,3/16/2025 5:00,Winter,0,119.3,104.3,104,
TDA,3/16/2025 6:00,Winter,0,133.30000000000001,104.09999999999999,104,
TDA,3/16/2025 7:00,Winter,0,135.5,104.09999999999999,104,
TDA,3/16/2025 8:00,Winter,0,136.19999999999999,104.09999999999999,104,
TDA,3/16/2025 9:00,Winter,0,138.19999999999999,104,104,
TDA,3/16/2025 10:00,Winter,0,137.69999999999999,103.90000000000001,104,
TDA,3/16/2025 11:00,Winter,0,137.80000000000001,103.90000000000001,104,
TDA,3/16/2025 12:00,Winter,0,128.69999999999999,104,104,
TDA,3/16/2025 13:00,Winter,0,108.2,104,104,
TDA,3/16/2025 14:00,Winter,0,101.09999999999999,104,104,
TDA,3/16/2025 15:00,Winter,0,108.3,104.09999999999999,104,
TDA,3/16/2025 16:00,Winter,0,112.90000000000001,104,104,
TDA,3/16/2025 17:00,Winter,0,111.8,104.40000000000001,104,
TDA,3/16/2025 18:00,Winter,0,132.30000000000001,104.09999999999999,104,
TDA,3/16/2025 19:00,Winter,0,155.09999999999999,104,104,
TDA,3/16/2025 20:00,Winter,0,155.90000000000001,104,104,
TDA,3/16/2025 21:00,Winter,0,158.59999999999999,103.7,104,
TDA,3/16/2025 22:00,Winter,0,160.5,103.59999999999999,104,
TDA,3/16/2025 23:00,Winter,0,153.30000000000001,103.59999999999999,104,
TDA,3/17/2025 0:00,Winter,0,155.5,103.5,103,
TDA,3/17/2025 1:00,Winter,0,136.30000000000001,103.3,103,
TDA,3/17/2025 2:00,Winter,0,123.90000000000001,103.2,103,
TDA,3/17/2025 3:00,Winter,0,127.40000000000001,103.2,103,
TDA,3/17/2025 4:00,Winter,0,125.8,103,103,
TDA,3/17/2025 5:00,Winter,0,139.59999999999999,103,103,
TDA,3/17/2025 6:00,Winter,0,165,102.90000000000001,103,
TDA,3/17/2025 7:00,Winter,0,172.90000000000001,102.8,103,
TDA,3/17/2025 8:00,Winter,0,174.19999999999999,102.8,103,
TDA,3/17/2025 9:00,Winter,0,175.30000000000001,102.59999999999999,103,
TDA,3/17/2025 10:00,Winter,0,174.09999999999999,102.59999999999999,103,
TDA,3/17/2025 11:00,Winter,0,144.59999999999999,102.59999999999999,103,
TDA,3/17/2025 12:00,Winter,0,139.80000000000001,102.8,103,
TDA,3/17/2025 13:00,Winter,0,139.09999999999999,102.90000000000001,103,
TDA,3/17/2025 14:00,Winter,0,134.40000000000001,103,103,
TDA,3/17/2025 15:00,Winter,0,133.59999999999999,103,103,
TDA,3/17/2025 16:00,Winter,0,136.59999999999999,103.2,103,
TDA,3/17/2025 17:00,Winter,0,134.30000000000001,103,103,
TDA,3/17/2025 18:00,Winter,0,134.90000000000001,103,103,
TDA,3/17/2025 19:00,Winter,0,139.30000000000001,102.90000000000001,103,
TDA,3/17/2025 20:00,Winter,0,141.59999999999999,102.90000000000001,103,
TDA,3/17/2025 21:00,Winter,0,132.80000000000001,102.8,103,
TDA,3/17/2025 22:00,Winter,0,131.69999999999999,102.59999999999999,103,
TDA,3/17/2025 23:00,Winter,0,128.30000000000001,102.5,103,
TDA,3/18/2025 0:00,Winter,0,129.30000000000001,102.5,102,
TDA,3/18/2025 1:00,Winter,0,114.8,102.2,102,
TDA,3/18/2025 2:00,Winter,0,113.09999999999999,102.2,102,
TDA,3/18/2025 3:00,Winter,0,111.8,102.09999999999999,102,
TDA,3/18/2025 4:00,Winter,0,112.8,102.09999999999999,102,
TDA,3/18/2025 5:00,Winter,0,111.59999999999999,102.09999999999999,102,
TDA,3/18/2025 6:00,Winter,0,139.5,102.09999999999999,102,
TDA,3/18/2025 7:00,Winter,0,156.69999999999999,102,102,
TDA,3/18/2025 8:00,Winter,0,161.09999999999999,102,102,
TDA,3/18/2025 9:00,Winter,0,161.69999999999999,101.8,102,
TDA,3/18/2025 10:00,Winter,0,155.30000000000001,101.8,102,
TDA,3/18/2025 11:00,Winter,0,139.59999999999999,101.7,102,
TDA,3/18/2025 12:00,Winter,0,122.3,101.8,102,
TDA,3/18/2025 13:00,Winter,0,110.59999999999999,102,102,
TDA,3/18/2025 14:00,Winter,0,108.59999999999999,102.2,102,
TDA,3/18/2025 15:00,Winter,0,109.09999999999999,102.3,102,
TDA,3/18/2025 16:00,Winter,0,111.40000000000001,102.5,102,
TDA,3/18/2025 17:00,Winter,0,107.2,102.59999999999999,102,
TDA,3/18/2025 18:00,Winter,0,111.09999999999999,102.59999999999999,102,
TDA,3/18/2025 19:00,Winter,0,133.5,102.5,102,
TDA,3/18/2025 20:00,Winter,0,131,102.5,102,
TDA,3/18/2025 21:00,Winter,0,129.5,102.2,102,
TDA,3/18/2025 22:00,Winter,0,131.59999999999999,102.09999999999999,102,
TDA,3/18/2025 23:00,Winter,0,130.5,102,102,
TDA,3/19/2025 0:00,Winter,0,123.3,102,103,
TDA,3/19/2025 1:00,Winter,0,110.40000000000001,101.8,103,
TDA,3/19/2025 2:00,Winter,0,110.09999999999999,101.7,103,
TDA,3/19/2025 3:00,Winter,0,108.59999999999999,101.7,103,
TDA,3/19/2025 4:00,Winter,0,109.8,101.8,103,
TDA,3/19/2025 5:00,Winter,0,129,102,103,
TDA,3/19/2025 6:00,Winter,0,152.69999999999999,102.09999999999999,103,
TDA,3/19/2025 7:00,Winter,0,156.19999999999999,102.09999999999999,103,
TDA,3/19/2025 8:00,Winter,0,154.59999999999999,102,103,
TDA,3/19/2025 9:00,Winter,0,148.30000000000001,102,103,
TDA,3/19/2025 10:00,Winter,0,141.80000000000001,102,103,
TDA,3/19/2025 11:00,Winter,0,140.90000000000001,102.2,103,
TDA,3/19/2025 12:00,Winter,0,144.09999999999999,102.40000000000001,103,
TDA,3/19/2025 13:00,Winter,0,143,102.90000000000001,103,
TDA,3/19/2025 14:00,Winter,0,141.30000000000001,102.90000000000001,103,
TDA,3/19/2025 15:00,Winter,0,137.69999999999999,103,103,
TDA,3/19/2025 16:00,Winter,0,137.5,103.3,103,
TDA,3/19/2025 17:00,Winter,0,140.59999999999999,103.40000000000001,103,
TDA,3/19/2025 18:00,Winter,0,152.30000000000001,103.59999999999999,103,
TDA,3/19/2025 19:00,Winter,0,155.09999999999999,103.59999999999999,103,
TDA,3/19/2025 20:00,Winter,0,151.19999999999999,103.40000000000001,103,
TDA,3/19/2025 21:00,Winter,0,149.5,103.59999999999999,103,
TDA,3/19/2025 22:00,Winter,0,152.80000000000001,103.3,103,
TDA,3/19/2025 23:00,Winter,0,124.3,103.2,103,
TDA,3/20/2025 0:00,Winter,0,110.59999999999999,103,103,
TDA,3/20/2025 1:00,Winter,0,110,102.90000000000001,103,
TDA,3/20/2025 2:00,Winter,0,109.59999999999999,102.90000000000001,103,
TDA,3/20/2025 3:00,Winter,0,110,102.8,103,
TDA,3/20/2025 4:00,Winter,0,110.5,102.8,103,
TDA,3/20/2025 5:00,Winter,0,111.90000000000001,102.90000000000001,103,
TDA,3/20/2025 6:00,Winter,0,140.19999999999999,102.8,103,
TDA,3/20/2025 7:00,Winter,0,159.09999999999999,102.8,103,
TDA,3/20/2025 8:00,Winter,0,161.90000000000001,102.59999999999999,103,
TDA,3/20/2025 9:00,Winter,0,138.5,102.5,103,
TDA,3/20/2025 10:00,Winter,0,125.5,102.40000000000001,103,
TDA,3/20/2025 11:00,Winter,0,123.90000000000001,102.5,103,
TDA,3/20/2025 12:00,Winter,0,122.5,102.59999999999999,103,
TDA,3/20/2025 13:00,Winter,0,124.2,102.8,103,
TDA,3/20/2025 14:00,Winter,0,124.09999999999999,103,103,
TDA,3/20/2025 15:00,Winter,0,123.90000000000001,103.2,103,
TDA,3/20/2025 16:00,Winter,0,124,103.3,103,
TDA,3/20/2025 17:00,Winter,0,125.3,103.3,103,
TDA,3/20/2025 18:00,Winter,0,142.09999999999999,103.3,103,
TDA,3/20/2025 19:00,Winter,0,148.09999999999999,103.3,103,
TDA,3/20/2025 20:00,Winter,0,148.59999999999999,103.2,103,
TDA,3/20/2025 21:00,Winter,0,148.09999999999999,103,103,
TDA,3/20/2025 22:00,Winter,0,147.59999999999999,102.90000000000001,103,
TDA,3/20/2025 23:00,Winter,0,146.5,102.90000000000001,103,
TDA,3/21/2025 0:00,Winter,0,124.90000000000001,102.8,103,
TDA,3/21/2025 1:00,Winter,0,107.5,102.8,103,
TDA,3/21/2025 2:00,Winter,0,105.59999999999999,102.8,103,
TDA,3/21/2025 3:00,Winter,0,105.2,102.59999999999999,103,
TDA,3/21/2025 4:00,Winter,0,104,102.59999999999999,103,
TDA,3/21/2025 5:00,Winter,0,113.09999999999999,102.59999999999999,103,
TDA,3/21/2025 6:00,Winter,0,115,102.8,103,
TDA,3/21/2025 7:00,Winter,0,135.40000000000001,102.90000000000001,103,
TDA,3/21/2025 8:00,Winter,0,165,102.90000000000001,103,
TDA,3/21/2025 9:00,Winter,0,167.59999999999999,103,103,
TDA,3/21/2025 10:00,Winter,0,165.09999999999999,103,103,
TDA,3/21/2025 11:00,Winter,0,164,103,103,
TDA,3/21/2025 12:00,Winter,0,149.09999999999999,103,103,
TDA,3/21/2025 13:00,Winter,0,147.80000000000001,103.3,103,
TDA,3/21/2025 14:00,Winter,0,126.59999999999999,103.3,103,
TDA,3/21/2025 15:00,Winter,0,79.5,103.40000000000001,103,
TDA,3/21/2025 16:00,Winter,0,117.09999999999999,103.40000000000001,103,
TDA,3/21/2025 17:00,Winter,0,152.19999999999999,103.40000000000001,103,
TDA,3/21/2025 18:00,Winter,0,169.5,103.7,103,
TDA,3/21/2025 19:00,Winter,0,173.90000000000001,104,103,
TDA,3/21/2025 20:00,Winter,0,170.5,103.7,103,
TDA,3/21/2025 21:00,Winter,0,171.40000000000001,103.40000000000001,103,
TDA,3/21/2025 22:00,Winter,0,170.5,103.3,103,
TDA,3/21/2025 23:00,Winter,0,170.90000000000001,103,103,
TDA,3/22/2025 0:00,Winter,0,150.90000000000001,102.90000000000001,104,
TDA,3/22/2025 1:00,Winter,0,150.5,102.8,104,
TDA,3/22/2025 2:00,Winter,0,129.90000000000001,102.59999999999999,104,
TDA,3/22/2025 3:00,Winter,0,127.8,102.59999999999999,104,
TDA,3/22/2025 4:00,Winter,0,117.7,102.59999999999999,104,
TDA,3/22/2025 5:00,Winter,0,117.5,102.59999999999999,104,
TDA,3/22/2025 6:00,Winter,0,117.2,102.59999999999999,104,
TDA,3/22/2025 7:00,Winter,0,118.09999999999999,102.5,104,
TDA,3/22/2025 8:00,Winter,0,137.80000000000001,102.59999999999999,104,
TDA,3/22/2025 9:00,Winter,0,135.09999999999999,102.8,104,
TDA,3/22/2025 10:00,Winter,0,135.09999999999999,102.90000000000001,104,
TDA,3/22/2025 11:00,Winter,0,134,103.09999999999999,104,
TDA,3/22/2025 12:00,Winter,0,135.5,103.09999999999999,104,
TDA,3/22/2025 13:00,Winter,0,139.59999999999999,103.3,104,
TDA,3/22/2025 14:00,Winter,0,117.3,103.40000000000001,104,
TDA,3/22/2025 15:00,Winter,0,114.2,103.5,104,
TDA,3/22/2025 16:00,Winter,0,115.5,103.8,104,
TDA,3/22/2025 17:00,Winter,0,115.8,103.90000000000001,104,
TDA,3/22/2025 18:00,Winter,0,133.40000000000001,104.09999999999999,104,
TDA,3/22/2025 19:00,Winter,0,136.19999999999999,103.90000000000001,104,
TDA,3/22/2025 20:00,Winter,0,134.90000000000001,103.90000000000001,104,
TDA,3/22/2025 21:00,Winter,0,138.69999999999999,103.90000000000001,104,
TDA,3/22/2025 22:00,Winter,0,140.80000000000001,103.8,104,
TDA,3/22/2025 23:00,Winter,0,139,103.7,104,
TDA,3/23/2025 0:00,Winter,0,137.30000000000001,103.5,105,
TDA,3/23/2025 1:00,Winter,0,135.5,103.40000000000001,105,
TDA,3/23/2025 2:00,Winter,0,139.30000000000001,103.40000000000001,105,
TDA,3/23/2025 3:00,Winter,0,131.09999999999999,103.40000000000001,105,
TDA,3/23/2025 4:00,Winter,0,128,103.40000000000001,105,
TDA,3/23/2025 5:00,Winter,0,129.59999999999999,103.5,105,
TDA,3/23/2025 6:00,Winter,0,140.90000000000001,103.5,105,
TDA,3/23/2025 7:00,Winter,0,143.80000000000001,103.40000000000001,105,
TDA,3/23/2025 8:00,Winter,0,144.5,103.40000000000001,105,
TDA,3/23/2025 9:00,Winter,0,143.90000000000001,103.40000000000001,105,
TDA,3/23/2025 10:00,Winter,0,143.09999999999999,103.5,105,
TDA,3/23/2025 11:00,Winter,0,142.09999999999999,103.7,105,
TDA,3/23/2025 12:00,Winter,0,115.59999999999999,103.8,105,
TDA,3/23/2025 13:00,Winter,0,114.8,103.90000000000001,105,
TDA,3/23/2025 14:00,Winter,0,112.2,104.2,105,
TDA,3/23/2025 15:00,Winter,0,111.3,104.3,105,
TDA,3/23/2025 16:00,Winter,0,113.40000000000001,104.59999999999999,105,
TDA,3/23/2025 17:00,Winter,0,111,104.7,105,
TDA,3/23/2025 18:00,Winter,0,114.3,104.7,105,
TDA,3/23/2025 19:00,Winter,0,137.19999999999999,104.7,105,
TDA,3/23/2025 20:00,Winter,0,169.90000000000001,104.7,105,
TDA,3/23/2025 21:00,Winter,0,173.09999999999999,104.7,105,
TDA,3/23/2025 22:00,Winter,0,171.69999999999999,104.59999999999999,105,
TDA,3/23/2025 23:00,Winter,0,168.5,104.5,105,
TDA,3/24/2025 0:00,Winter,0,134.5,104.3,105,
TDA,3/24/2025 1:00,Winter,0,132.80000000000001,104.3,105,
TDA,3/24/2025 2:00,Winter,0,133.69999999999999,104.09999999999999,105,
TDA,3/24/2025 3:00,Winter,0,133.69999999999999,104.09999999999999,105,
TDA,3/24/2025 4:00,Winter,0,131.90000000000001,103.90000000000001,105,
TDA,3/24/2025 5:00,Winter,0,135.80000000000001,103.90000000000001,105,
TDA,3/24/2025 6:00,Winter,0,144.5,103.90000000000001,105,
TDA,3/24/2025 7:00,Winter,0,171.19999999999999,103.90000000000001,105,
TDA,3/24/2025 8:00,Winter,0,167.90000000000001,103.90000000000001,105,
TDA,3/24/2025 9:00,Winter,0,142.5,103.90000000000001,105,
TDA,3/24/2025 10:00,Winter,0,139.59999999999999,103.90000000000001,105,
TDA,3/24/2025 11:00,Winter,0,139.80000000000001,104.09999999999999,105,
TDA,3/24/2025 12:00,Winter,0,140.5,104.2,105,
TDA,3/24/2025 13:00,Winter,0,140.5,104.3,105,
TDA,3/24/2025 14:00,Winter,0,140.69999999999999,104.5,105,
TDA,3/24/2025 15:00,Winter,0,139.19999999999999,104.5,105,
TDA,3/24/2025 16:00,Winter,0,140,104.7,105,
TDA,3/24/2025 17:00,Winter,0,139.80000000000001,104.7,105,
TDA,3/24/2025 18:00,Winter,0,139.19999999999999,104.8,105,
TDA,3/24/2025 19:00,Winter,0,152.19999999999999,104.8,105,
TDA,3/24/2025 20:00,Winter,0,163.90000000000001,104.8,105,
TDA,3/24/2025 21:00,Winter,0,164.40000000000001,104.8,105,
TDA,3/24/2025 22:00,Winter,0,165.59999999999999,104.59999999999999,105,
TDA,3/24/2025 23:00,Winter,0,163.40000000000001,104.59999999999999,105,
TDA,3/25/2025 0:00,Winter,0,164.80000000000001,104.5,105,
TDA,3/25/2025 1:00,Winter,0,151.09999999999999,104.3,105,
TDA,3/25/2025 2:00,Winter,0,149.5,104.2,105,
TDA,3/25/2025 3:00,Winter,0,148.69999999999999,104.3,105,
TDA,3/25/2025 4:00,Winter,0,150.80000000000001,104.3,105,
TDA,3/25/2025 5:00,Winter,0,154.30000000000001,104.3,105,
TDA,3/25/2025 6:00,Winter,0,185.80000000000001,104.3,105,
TDA,3/25/2025 7:00,Winter,0,185.69999999999999,104.3,105,
TDA,3/25/2025 8:00,Winter,0,187.19999999999999,104.3,105,
TDA,3/25/2025 9:00,Winter,0,161,104.3,105,
TDA,3/25/2025 10:00,Winter,0,140,104.3,105,
TDA,3/25/2025 11:00,Winter,0,138.69999999999999,104.59999999999999,105,
TDA,3/25/2025 12:00,Winter,0,138.30000000000001,104.7,105,
TDA,3/25/2025 13:00,Winter,0,138.40000000000001,105,105,
TDA,3/25/2025 14:00,Winter,0,138.59999999999999,105.09999999999999,105,
TDA,3/25/2025 15:00,Winter,0,137.5,105.40000000000001,105,
TDA,3/25/2025 16:00,Winter,0,135.40000000000001,105.7,105,
TDA,3/25/2025 17:00,Winter,0,137.59999999999999,105.8,105,
TDA,3/25/2025 18:00,Winter,0,158.69999999999999,105.8,105,
TDA,3/25/2025 19:00,Winter,0,174.69999999999999,106,105,
TDA,3/25/2025 20:00,Winter,0,173,105.8,105,
TDA,3/25/2025 21:00,Winter,0,149.69999999999999,105.5,105,
TDA,3/25/2025 22:00,Winter,0,124.2,105.3,105,
TDA,3/25/2025 23:00,Winter,0,120.8,105.3,105,
TDA,3/26/2025 0:00,Winter,0,123,105.2,107,
TDA,3/26/2025 1:00,Winter,0,156,105.2,107,
TDA,3/26/2025 2:00,Winter,0,156.09999999999999,105.2,107,
TDA,3/26/2025 3:00,Winter,0,153.19999999999999,105.2,107,
TDA,3/26/2025 4:00,Winter,0,154.40000000000001,105.3,107,
TDA,3/26/2025 5:00,Winter,0,156.19999999999999,105.3,107,
TDA,3/26/2025 6:00,Winter,0,167.90000000000001,105.2,107,
TDA,3/26/2025 7:00,Winter,0,171.59999999999999,105.3,107,
TDA,3/26/2025 8:00,Winter,0,170.09999999999999,105.3,107,
TDA,3/26/2025 9:00,Winter,0,155.5,105.40000000000001,107,
TDA,3/26/2025 10:00,Winter,0,156.59999999999999,105.40000000000001,107,
TDA,3/26/2025 11:00,Winter,0,147.59999999999999,105.7,107,
TDA,3/26/2025 12:00,Winter,0,125.7,106,107,
TDA,3/26/2025 13:00,Winter,0,95.200000000000003,106,107,
TDA,3/26/2025 14:00,Winter,0,124.3,106.5,107,
TDA,3/26/2025 15:00,Winter,0,147.5,106.8,107,
TDA,3/26/2025 16:00,Winter,0,154.80000000000001,107.2,107,
TDA,3/26/2025 17:00,Winter,0,154.09999999999999,107.5,107,
TDA,3/26/2025 18:00,Winter,0,156.09999999999999,107.59999999999999,107,
TDA,3/26/2025 19:00,Winter,0,166.19999999999999,107.5,107,
TDA,3/26/2025 20:00,Winter,0,174.59999999999999,107.5,107,
TDA,3/26/2025 21:00,Winter,0,177.59999999999999,107.2,107,
TDA,3/26/2025 22:00,Winter,0,162.80000000000001,107,107,
TDA,3/26/2025 23:00,Winter,0,157.80000000000001,106.7,107,
TDA,3/27/2025 0:00,Winter,0,146.09999999999999,106.40000000000001,106,
TDA,3/27/2025 1:00,Winter,0,140.30000000000001,106.09999999999999,106,
TDA,3/27/2025 2:00,Winter,0,147.19999999999999,106,106,
TDA,3/27/2025 3:00,Winter,0,148.30000000000001,105.7,106,
TDA,3/27/2025 4:00,Winter,0,149,105.7,106,
TDA,3/27/2025 5:00,Winter,0,148.30000000000001,105.59999999999999,106,
TDA,3/27/2025 6:00,Winter,0,172.90000000000001,105.5,106,
TDA,3/27/2025 7:00,Winter,0,200.19999999999999,105.5,106,
TDA,3/27/2025 8:00,Winter,0,207.90000000000001,105.5,106,
TDA,3/27/2025 9:00,Winter,0,209.59999999999999,105.5,106,
TDA,3/27/2025 10:00,Winter,0,207.30000000000001,105.5,106,
TDA,3/27/2025 11:00,Winter,0,206.40000000000001,105.59999999999999,106,
TDA,3/27/2025 12:00,Winter,0,185.69999999999999,105.7,106,
TDA,3/27/2025 13:00,Winter,0,178.90000000000001,106,106,
TDA,3/27/2025 14:00,Winter,0,176.80000000000001,106,106,
TDA,3/27/2025 15:00,Winter,0,176.80000000000001,106.09999999999999,106,
TDA,3/27/2025 16:00,Winter,0,178.40000000000001,106.3,106,
TDA,3/27/2025 17:00,Winter,0,188.69999999999999,106.09999999999999,106,
TDA,3/27/2025 18:00,Winter,0,210.59999999999999,106.09999999999999,106,
TDA,3/27/2025 19:00,Winter,0,211.30000000000001,105.90000000000001,106,
TDA,3/27/2025 20:00,Winter,0,210,105.7,106,
TDA,3/27/2025 21:00,Winter,0,217.09999999999999,105.3,106,
TDA,3/27/2025 22:00,Winter,0,217.40000000000001,105.2,106,
TDA,3/27/2025 23:00,Winter,0,218.59999999999999,105.2,106,
TDA,3/28/2025 0:00,Winter,0,193.19999999999999,105.2,105,
TDA,3/28/2025 1:00,Winter,0,188.19999999999999,105.2,105,
TDA,3/28/2025 2:00,Winter,0,189.5,105.2,105,
TDA,3/28/2025 3:00,Winter,0,189.5,105.09999999999999,105,
TDA,3/28/2025 4:00,Winter,0,188.40000000000001,105.09999999999999,105,
TDA,3/28/2025 5:00,Winter,0,189.69999999999999,105.09999999999999,105,
TDA,3/28/2025 6:00,Winter,0,212.5,104.90000000000001,105,
TDA,3/28/2025 7:00,Winter,0,214,105.09999999999999,105,
TDA,3/28/2025 8:00,Winter,0,215.69999999999999,104.90000000000001,105,
TDA,3/28/2025 9:00,Winter,0,217.40000000000001,104.90000000000001,105,
TDA,3/28/2025 10:00,Winter,0,215.90000000000001,104.90000000000001,105,
TDA,3/28/2025 11:00,Winter,0,218.19999999999999,104.90000000000001,105,
TDA,3/28/2025 12:00,Winter,0,217.69999999999999,104.90000000000001,105,
TDA,3/28/2025 13:00,Winter,0,216.19999999999999,104.90000000000001,105,
TDA,3/28/2025 14:00,Winter,0,234.90000000000001,104.90000000000001,105,
TDA,3/28/2025 15:00,Winter,0,239.80000000000001,104.90000000000001,105,
TDA,3/28/2025 16:00,Winter,0,239,104.90000000000001,105,
TDA,3/28/2025 17:00,Winter,0,242.69999999999999,104.8,105,
TDA,3/28/2025 18:00,Winter,0,243,104.59999999999999,105,
TDA,3/28/2025 19:00,Winter,0,242.5,104.5,105,
TDA,3/28/2025 20:00,Winter,0,243.69999999999999,104.40000000000001,105,
TDA,3/28/2025 21:00,Winter,0,246.40000000000001,104.2,105,
TDA,3/28/2025 22:00,Winter,0,245.09999999999999,104.09999999999999,105,
TDA,3/28/2025 23:00,Winter,0,243.59999999999999,104.09999999999999,105,
TDA,3/29/2025 0:00,Winter,0,245.19999999999999,104,104,
TDA,3/29/2025 1:00,Winter,0,246.19999999999999,104,104,
TDA,3/29/2025 2:00,Winter,0,246.09999999999999,103.90000000000001,104,
TDA,3/29/2025 3:00,Winter,0,243.40000000000001,103.90000000000001,104,
TDA,3/29/2025 4:00,Winter,0,247.09999999999999,103.90000000000001,104,
TDA,3/29/2025 5:00,Winter,0,247,103.8,104,
TDA,3/29/2025 6:00,Winter,0,246.40000000000001,103.8,104,
TDA,3/29/2025 7:00,Winter,0,246.80000000000001,103.8,104,
TDA,3/29/2025 8:00,Winter,0,249.59999999999999,103.8,104,
TDA,3/29/2025 9:00,Winter,0,235.5,103.7,104,
TDA,3/29/2025 10:00,Winter,0,233.40000000000001,103.7,104,
TDA,3/29/2025 11:00,Winter,0,235.90000000000001,103.8,104,
TDA,3/29/2025 12:00,Winter,0,237,103.8,104,
TDA,3/29/2025 13:00,Winter,0,235.30000000000001,103.8,104,
TDA,3/29/2025 14:00,Winter,0,235.90000000000001,104.09999999999999,104,
TDA,3/29/2025 15:00,Winter,0,235.30000000000001,104.3,104,
TDA,3/29/2025 16:00,Winter,0,234.09999999999999,104.3,104,
TDA,3/29/2025 17:00,Winter,0,235.69999999999999,104.5,104,
TDA,3/29/2025 18:00,Winter,0,237.09999999999999,104.59999999999999,104,
TDA,3/29/2025 19:00,Winter,0,245.30000000000001,104.59999999999999,104,
TDA,3/29/2025 20:00,Winter,0,245.90000000000001,104.59999999999999,104,
TDA,3/29/2025 21:00,Winter,0,244.5,104.59999999999999,104,
TDA,3/29/2025 22:00,Winter,0,244.19999999999999,104.59999999999999,104,
TDA,3/29/2025 23:00,Winter,0,243,104.7,104,
TDA,3/30/2025 0:00,Winter,0,245.59999999999999,104.90000000000001,107,
TDA,3/30/2025 1:00,Winter,0,244.80000000000001,105,107,
TDA,3/30/2025 2:00,Winter,0,245.40000000000001,105.2,107,
TDA,3/30/2025 3:00,Winter,0,247.5,105.3,107,
TDA,3/30/2025 4:00,Winter,0,241.90000000000001,105.3,107,
TDA,3/30/2025 5:00,Winter,0,237.59999999999999,105.40000000000001,107,
TDA,3/30/2025 6:00,Winter,0,240,105.40000000000001,107,
TDA,3/30/2025 7:00,Winter,0,239.30000000000001,105.40000000000001,107,
TDA,3/30/2025 8:00,Winter,0,234.30000000000001,105.3,107,
TDA,3/30/2025 9:00,Winter,0,228,105.59999999999999,107,
TDA,3/30/2025 10:00,Winter,0,227.69999999999999,105.59999999999999,107,
TDA,3/30/2025 11:00,Winter,0,231,105.8,107,
TDA,3/30/2025 12:00,Winter,0,227.09999999999999,106.09999999999999,107,
TDA,3/30/2025 13:00,Winter,0,223.30000000000001,106.3,107,
TDA,3/30/2025 14:00,Winter,0,225,106.7,107,
TDA,3/30/2025 15:00,Winter,0,231.90000000000001,106.8,107,
TDA,3/30/2025 16:00,Winter,0,235.80000000000001,106.8,107,
TDA,3/30/2025 17:00,Winter,0,233.90000000000001,106.7,107,
TDA,3/30/2025 18:00,Winter,0,234.30000000000001,106.7,107,
TDA,3/30/2025 19:00,Winter,0,245.30000000000001,106.7,107,
TDA,3/30/2025 20:00,Winter,0,248.59999999999999,106.5,107,
TDA,3/30/2025 21:00,Winter,0,248.69999999999999,106.5,107,
TDA,3/30/2025 22:00,Winter,0,249.80000000000001,106.5,107,
TDA,3/30/2025 23:00,Winter,0,250.90000000000001,106.40000000000001,107,
TDA,3/31/2025 0:00,Winter,0,250.59999999999999,106.3,107,
TDA,3/31/2025 1:00,Winter,0,251,106.5,107,
TDA,3/31/2025 2:00,Winter,0,250.69999999999999,106.40000000000001,107,
TDA,3/31/2025 3:00,Winter,0,251.69999999999999,106.40000000000001,107,
TDA,3/31/2025 4:00,Winter,0,252.5,106.40000000000001,107,
TDA,3/31/2025 5:00,Winter,0,253.5,106.40000000000001,107,
TDA,3/31/2025 6:00,Winter,0,253.69999999999999,106.40000000000001,107,
TDA,3/31/2025 7:00,Winter,0,254.09999999999999,106.40000000000001,107,
TDA,3/31/2025 8:00,Winter,0,252.5,106.40000000000001,107,
TDA,3/31/2025 9:00,Winter,0,226.90000000000001,106.2,107,
TDA,3/31/2025 10:00,Winter,0,225,106.2,107,
TDA,3/31/2025 11:00,Winter,0,223.19999999999999,106.2,107,
TDA,3/31/2025 12:00,Winter,0,223.40000000000001,106.40000000000001,107,
TDA,3/31/2025 13:00,Winter,0,223.5,106.5,107,
TDA,3/31/2025 14:00,Winter,0,225.5,106.5,107,
TDA,3/31/2025 15:00,Winter,0,227.09999999999999,106.7,107,
TDA,3/31/2025 16:00,Winter,0,229.90000000000001,106.7,107,
TDA,3/31/2025 17:00,Winter,0,222.59999999999999,106.7,107,
TDA,3/31/2025 18:00,Winter,0,223.69999999999999,106.5,107,
TDA,3/31/2025 19:00,Winter,0,249.30000000000001,106.5,107,
TDA,3/31/2025 20:00,Winter,0,252.30000000000001,106.5,107,
TDA,3/31/2025 21:00,Winter,0,252,106.2,107,
TDA,3/31/2025 22:00,Winter,0,223.30000000000001,106.2,107,
TDA,3/31/2025 23:00,Winter,0,221.59999999999999,106.2,107,
TDA,4/1/2025 0:00,Winter,0,221.69999999999999,106.2,106,
TDA,4/1/2025 1:00,Winter,0,218.40000000000001,106.09999999999999,106,
TDA,4/1/2025 2:00,Winter,0,220.19999999999999,106.09999999999999,106,
TDA,4/1/2025 3:00,Winter,0,218.59999999999999,106.2,106,
TDA,4/1/2025 4:00,Winter,0,218.5,106.40000000000001,106,
TDA,4/1/2025 5:00,Winter,0,217.40000000000001,106.40000000000001,106,
TDA,4/1/2025 6:00,Winter,0,251.5,106.40000000000001,106,
TDA,4/1/2025 7:00,Winter,0,257.80000000000001,106.40000000000001,106,
TDA,4/1/2025 8:00,Winter,0,254.69999999999999,106.40000000000001,106,
TDA,4/1/2025 9:00,Winter,0,250.90000000000001,106.40000000000001,106,
TDA,4/1/2025 10:00,Winter,0,251.5,106.40000000000001,106,
TDA,4/1/2025 11:00,Winter,0,243.19999999999999,106.5,106,
TDA,4/1/2025 12:00,Winter,0,215.5,106.59999999999999,106,
TDA,4/1/2025 13:00,Winter,0,210.19999999999999,106.5,106,
TDA,4/1/2025 14:00,Winter,0,211.30000000000001,106.40000000000001,106,
TDA,4/1/2025 15:00,Winter,0,211.19999999999999,106.40000000000001,106,
TDA,4/1/2025 16:00,Winter,0,211.59999999999999,106.40000000000001,106,
TDA,4/1/2025 17:00,Winter,0,211.09999999999999,106.2,106,
TDA,4/1/2025 18:00,Winter,0,240.19999999999999,106.2,106,
TDA,4/1/2025 19:00,Winter,0,242.90000000000001,106.09999999999999,106,
TDA,4/1/2025 20:00,Winter,0,244.40000000000001,106.2,106,
TDA,4/1/2025 21:00,Winter,0,213.69999999999999,106.09999999999999,106,
TDA,4/1/2025 22:00,Winter,0,208.90000000000001,106.09999999999999,106,
TDA,4/1/2025 23:00,Winter,0,245.19999999999999,106.09999999999999,106,
TDA,4/2/2025 0:00,Winter,0,239.5,106.2,106,
TDA,4/2/2025 1:00,Winter,0,202.80000000000001,106.2,106,
TDA,4/2/2025 2:00,Winter,0,200.19999999999999,106.09999999999999,106,
TDA,4/2/2025 3:00,Winter,0,215.59999999999999,106.09999999999999,106,
TDA,4/2/2025 4:00,Winter,0,216,106.09999999999999,106,
TDA,4/2/2025 5:00,Winter,0,218.90000000000001,106.09999999999999,106,
TDA,4/2/2025 6:00,Winter,0,248.59999999999999,105.90000000000001,106,
TDA,4/2/2025 7:00,Winter,0,248.59999999999999,105.90000000000001,106,
TDA,4/2/2025 8:00,Winter,0,249.80000000000001,105.90000000000001,106,
TDA,4/2/2025 9:00,Winter,0,229.5,105.8,106,
TDA,4/2/2025 10:00,Winter,0,206,105.8,106,
TDA,4/2/2025 11:00,Winter,0,191.30000000000001,105.7,106,
TDA,4/2/2025 12:00,Winter,0,191,105.7,106,
TDA,4/2/2025 13:00,Winter,0,167.19999999999999,105.8,106,
TDA,4/2/2025 14:00,Winter,0,166.19999999999999,105.8,106,
TDA,4/2/2025 15:00,Winter,0,162.5,105.8,106,
TDA,4/2/2025 16:00,Winter,0,164.90000000000001,106,106,
TDA,4/2/2025 17:00,Winter,0,162.40000000000001,105.8,106,
TDA,4/2/2025 18:00,Winter,0,184.80000000000001,105.8,106,
TDA,4/2/2025 19:00,Winter,0,214.80000000000001,105.8,106,
TDA,4/2/2025 20:00,Winter,0,217.40000000000001,105.8,106,
TDA,4/2/2025 21:00,Winter,0,216.40000000000001,105.7,106,
TDA,4/2/2025 22:00,Winter,0,216.80000000000001,105.5,106,
TDA,4/2/2025 23:00,Winter,0,216.19999999999999,105.5,106,
TDA,4/3/2025 0:00,Winter,0,196.69999999999999,105.3,105,
TDA,4/3/2025 1:00,Winter,0,180.69999999999999,105.3,105,
TDA,4/3/2025 2:00,Winter,0,178.90000000000001,105.09999999999999,105,
TDA,4/3/2025 3:00,Winter,0,180.19999999999999,105.09999999999999,105,
TDA,4/3/2025 4:00,Winter,0,180.69999999999999,105,105,
TDA,4/3/2025 5:00,Winter,0,183.09999999999999,105,105,
TDA,4/3/2025 6:00,Winter,0,223.19999999999999,105.09999999999999,105,
TDA,4/3/2025 7:00,Winter,0,228.80000000000001,105,105,
TDA,4/3/2025 8:00,Winter,0,226.40000000000001,104.90000000000001,105,
TDA,4/3/2025 9:00,Winter,0,159.30000000000001,104.90000000000001,105,
TDA,4/3/2025 10:00,Winter,0,158.09999999999999,104.59999999999999,105,
TDA,4/3/2025 11:00,Winter,0,158,104.7,105,
TDA,4/3/2025 12:00,Winter,0,157.69999999999999,104.7,105,
TDA,4/3/2025 13:00,Winter,0,157.5,105,105,
TDA,4/3/2025 14:00,Winter,0,165.80000000000001,105,105,
TDA,4/3/2025 15:00,Winter,0,166.69999999999999,105.09999999999999,105,
TDA,4/3/2025 16:00,Winter,0,162.69999999999999,105.3,105,
TDA,4/3/2025 17:00,Winter,0,146.59999999999999,105.3,105,
TDA,4/3/2025 18:00,Winter,0,162.09999999999999,105.3,105,
TDA,4/3/2025 19:00,Winter,0,181.09999999999999,105.2,105,
TDA,4/3/2025 20:00,Winter,0,190.90000000000001,105.2,105,
TDA,4/3/2025 21:00,Winter,0,215.19999999999999,105.09999999999999,105,
TDA,4/3/2025 22:00,Winter,0,216.5,105,105,
TDA,4/3/2025 23:00,Winter,0,216,104.8,105,
TDA,4/4/2025 0:00,Winter,0,180.59999999999999,104.8,106,
TDA,4/4/2025 1:00,Winter,0,182.40000000000001,104.8,106,
TDA,4/4/2025 2:00,Winter,0,183.09999999999999,104.7,106,
TDA,4/4/2025 3:00,Winter,0,183.40000000000001,104.8,106,
TDA,4/4/2025 4:00,Winter,0,183,104.7,106,
TDA,4/4/2025 5:00,Winter,0,184.19999999999999,104.8,106,
TDA,4/4/2025 6:00,Winter,0,224.19999999999999,105.09999999999999,106,
TDA,4/4/2025 7:00,Winter,0,229,105.09999999999999,106,
TDA,4/4/2025 8:00,Winter,0,224.40000000000001,105.2,106,
TDA,4/4/2025 9:00,Winter,0,164.40000000000001,105.2,106,
TDA,4/4/2025 10:00,Winter,0,160.69999999999999,105.5,106,
TDA,4/4/2025 11:00,Winter,0,160,105.59999999999999,106,
TDA,4/4/2025 12:00,Winter,0,161.09999999999999,105.7,106,
TDA,4/4/2025 13:00,Winter,0,159.80000000000001,106,106,
TDA,4/4/2025 14:00,Winter,0,158.30000000000001,106.09999999999999,106,
TDA,4/4/2025 15:00,Winter,0,159.80000000000001,106.3,106,
TDA,4/4/2025 16:00,Winter,0,155,106.40000000000001,106,
TDA,4/4/2025 17:00,Winter,0,180.19999999999999,106.5,106,
TDA,4/4/2025 18:00,Winter,0,199.69999999999999,106.5,106,
TDA,4/4/2025 19:00,Winter,0,207.30000000000001,106.5,106,
TDA,4/4/2025 20:00,Winter,0,204.69999999999999,106.40000000000001,106,
TDA,4/4/2025 21:00,Winter,0,200,106.09999999999999,106,
TDA,4/4/2025 22:00,Winter,0,202.09999999999999,106,106,
TDA,4/4/2025 23:00,Winter,0,224.69999999999999,105.90000000000001,106,
TDA,4/5/2025 0:00,Winter,0,228,105.90000000000001,107,
TDA,4/5/2025 1:00,Winter,0,206.40000000000001,105.90000000000001,107,
TDA,4/5/2025 2:00,Winter,0,204.40000000000001,105.90000000000001,107,
TDA,4/5/2025 3:00,Winter,0,201.40000000000001,105.90000000000001,107,
TDA,4/5/2025 4:00,Winter,0,200.90000000000001,105.90000000000001,107,
TDA,4/5/2025 5:00,Winter,0,199.09999999999999,105.90000000000001,107,
TDA,4/5/2025 6:00,Winter,0,199.30000000000001,105.90000000000001,107,
TDA,4/5/2025 7:00,Winter,0,199.19999999999999,105.90000000000001,107,
TDA,4/5/2025 8:00,Winter,0,200.19999999999999,105.8,107,
TDA,4/5/2025 9:00,Winter,0,203.09999999999999,106,107,
TDA,4/5/2025 10:00,Winter,0,203.09999999999999,106.2,107,
TDA,4/5/2025 11:00,Winter,0,181.30000000000001,106.40000000000001,107,
TDA,4/5/2025 12:00,Winter,0,179.90000000000001,106.59999999999999,107,
TDA,4/5/2025 13:00,Winter,0,181.69999999999999,106.59999999999999,107,
TDA,4/5/2025 14:00,Winter,0,182.30000000000001,106.8,107,
TDA,4/5/2025 15:00,Winter,0,178.59999999999999,106.8,107,
TDA,4/5/2025 16:00,Winter,0,183.69999999999999,106.8,107,
TDA,4/5/2025 17:00,Winter,0,181.5,106.8,107,
TDA,4/5/2025 18:00,Winter,0,172.80000000000001,106.7,107,
TDA,4/5/2025 19:00,Winter,0,202.30000000000001,106.8,107,
TDA,4/5/2025 20:00,Winter,0,202.19999999999999,106.8,107,
TDA,4/5/2025 21:00,Winter,0,201.59999999999999,106.7,107,
TDA,4/5/2025 22:00,Winter,0,205.59999999999999,106.7,107,
TDA,4/5/2025 23:00,Winter,0,202.80000000000001,106.7,107,
TDA,4/6/2025 0:00,Winter,0,201.30000000000001,106.7,108,
TDA,4/6/2025 1:00,Winter,0,185.09999999999999,106.7,108,
TDA,4/6/2025 2:00,Winter,0,182.80000000000001,106.7,108,
TDA,4/6/2025 3:00,Winter,0,183.40000000000001,106.7,108,
TDA,4/6/2025 4:00,Winter,0,180.09999999999999,106.7,108,
TDA,4/6/2025 5:00,Winter,0,179.5,106.8,108,
TDA,4/6/2025 6:00,Winter,0,197.80000000000001,106.8,108,
TDA,4/6/2025 7:00,Winter,0,200.40000000000001,106.90000000000001,108,
TDA,4/6/2025 8:00,Winter,0,200.40000000000001,106.90000000000001,108,
TDA,4/6/2025 9:00,Winter,0,206.69999999999999,107.2,108,
TDA,4/6/2025 10:00,Winter,0,196.59999999999999,107.3,108,
TDA,4/6/2025 11:00,Winter,0,194.09999999999999,107.5,108,
TDA,4/6/2025 12:00,Winter,0,193.80000000000001,107.5,108,
TDA,4/6/2025 13:00,Winter,0,192.30000000000001,107.5,108,
TDA,4/6/2025 14:00,Winter,0,193.5,107.5,108,
TDA,4/6/2025 15:00,Winter,0,194.69999999999999,107.59999999999999,108,
TDA,4/6/2025 16:00,Winter,0,194.19999999999999,107.5,108,
TDA,4/6/2025 17:00,Winter,0,195.40000000000001,107.59999999999999,108,
TDA,4/6/2025 18:00,Winter,0,196.09999999999999,107.59999999999999,108,
TDA,4/6/2025 19:00,Winter,0,215.40000000000001,107.8,108,
TDA,4/6/2025 20:00,Winter,0,212.5,107.90000000000001,108,
TDA,4/6/2025 21:00,Winter,0,214.5,107.7,108,
TDA,4/6/2025 22:00,Winter,0,212.80000000000001,107.5,108,
TDA,4/6/2025 23:00,Winter,0,188.30000000000001,107.5,108,
TDA,4/7/2025 0:00,Winter,0,163,107.5,107,
TDA,4/7/2025 1:00,Winter,0,160.09999999999999,107.40000000000001,107,
TDA,4/7/2025 2:00,Winter,0,161.90000000000001,107.40000000000001,107,
TDA,4/7/2025 3:00,Winter,0,161.59999999999999,107.40000000000001,107,
TDA,4/7/2025 4:00,Winter,0,161.19999999999999,107.40000000000001,107,
TDA,4/7/2025 5:00,Winter,0,168.69999999999999,107.40000000000001,107,
TDA,4/7/2025 6:00,Winter,0,184.80000000000001,107.40000000000001,107,
TDA,4/7/2025 7:00,Winter,0,181.69999999999999,107.40000000000001,107,
TDA,4/7/2025 8:00,Winter,0,179.40000000000001,107.3,107,
TDA,4/7/2025 9:00,Winter,0,151.19999999999999,107.09999999999999,107,
TDA,4/7/2025 10:00,Winter,0,150.09999999999999,107.3,107,
TDA,4/7/2025 11:00,Winter,0,148.69999999999999,107.3,107,
TDA,4/7/2025 12:00,Winter,0,150.5,107.3,107,
TDA,4/7/2025 13:00,Winter,0,149.90000000000001,107.3,107,
TDA,4/7/2025 14:00,Winter,0,152.59999999999999,107.3,107,
TDA,4/7/2025 15:00,Winter,0,148.30000000000001,107.3,107,
TDA,4/7/2025 16:00,Winter,0,150.69999999999999,107.3,107,
TDA,4/7/2025 17:00,Winter,0,147.69999999999999,107.3,107,
TDA,4/7/2025 18:00,Winter,0,150.09999999999999,107.3,107,
TDA,4/7/2025 19:00,Winter,0,180.30000000000001,107,107,
TDA,4/7/2025 20:00,Winter,0,180.80000000000001,107,107,
TDA,4/7/2025 21:00,Winter,0,181.09999999999999,106.90000000000001,107,
TDA,4/7/2025 22:00,Winter,0,157,106.7,107,
TDA,4/7/2025 23:00,Winter,0,153.90000000000001,106.7,107,
TDA,4/8/2025 0:00,Winter,0,154.40000000000001,106.59999999999999,107,
TDA,4/8/2025 1:00,Winter,0,153.90000000000001,106.59999999999999,107,
TDA,4/8/2025 2:00,Winter,0,153.90000000000001,106.40000000000001,107,
TDA,4/8/2025 3:00,Winter,0,153.40000000000001,106.40000000000001,107,
TDA,4/8/2025 4:00,Winter,0,153.90000000000001,106.40000000000001,107,
TDA,4/8/2025 5:00,Winter,0,160.90000000000001,106.3,107,
TDA,4/8/2025 6:00,Winter,0,175.90000000000001,106.3,107,
TDA,4/8/2025 7:00,Winter,0,177.30000000000001,106.40000000000001,107,
TDA,4/8/2025 8:00,Winter,0,177.69999999999999,106.59999999999999,107,
TDA,4/8/2025 9:00,Winter,0,149.5,106.59999999999999,107,
TDA,4/8/2025 10:00,Winter,0,152.59999999999999,106.59999999999999,107,
TDA,4/8/2025 11:00,Winter,0,151.69999999999999,106.7,107,
TDA,4/8/2025 12:00,Winter,0,151.69999999999999,106.59999999999999,107,
TDA,4/8/2025 13:00,Winter,0,152,106.59999999999999,107,
TDA,4/8/2025 14:00,Winter,0,151.90000000000001,106.59999999999999,107,
TDA,4/8/2025 15:00,Winter,0,156.09999999999999,106.7,107,
TDA,4/8/2025 16:00,Winter,0,148.69999999999999,106.90000000000001,107,
TDA,4/8/2025 17:00,Winter,0,145.69999999999999,106.7,107,
TDA,4/8/2025 18:00,Winter,0,147.09999999999999,106.59999999999999,107,
TDA,4/8/2025 19:00,Winter,0,183.5,106.40000000000001,107,
TDA,4/8/2025 20:00,Winter,0,187.80000000000001,106.3,107,
TDA,4/8/2025 21:00,Winter,0,183.90000000000001,106,107,
TDA,4/8/2025 22:00,Winter,0,184.19999999999999,106,107,
TDA,4/8/2025 23:00,Winter,0,194.5,105.8,107,
TDA,4/9/2025 0:00,Winter,0,193.40000000000001,105.8,106,
TDA,4/9/2025 1:00,Winter,0,200,105.8,106,
TDA,4/9/2025 2:00,Winter,0,200.19999999999999,105.59999999999999,106,
TDA,4/9/2025 3:00,Winter,0,200.5,105.8,106,
TDA,4/9/2025 4:00,Winter,0,200.40000000000001,105.8,106,
TDA,4/9/2025 5:00,Winter,0,200.09999999999999,105.59999999999999,106,
TDA,4/9/2025 6:00,Winter,0,219,105.8,106,
TDA,4/9/2025 7:00,Winter,0,217.90000000000001,105.59999999999999,106,
TDA,4/9/2025 8:00,Winter,0,216.5,105.59999999999999,106,
TDA,4/9/2025 9:00,Winter,0,164.19999999999999,105.59999999999999,106,
TDA,4/9/2025 10:00,Winter,0,151.80000000000001,105.5,106,
TDA,4/9/2025 11:00,Winter,0,151.90000000000001,105.59999999999999,106,
TDA,4/9/2025 12:00,Winter,0,151.19999999999999,105.90000000000001,106,
TDA,4/9/2025 13:00,Winter,0,148.90000000000001,106,106,
TDA,4/9/2025 14:00,Winter,0,150.90000000000001,106.3,106,
TDA,4/9/2025 15:00,Winter,0,150.30000000000001,106.3,106,
TDA,4/9/2025 16:00,Winter,0,148.09999999999999,106.40000000000001,106,
TDA,4/9/2025 17:00,Winter,0,163.30000000000001,106.3,106,
TDA,4/9/2025 18:00,Winter,0,167.59999999999999,106.3,106,
TDA,4/9/2025 19:00,Winter,0,182.69999999999999,106.3,106,
TDA,4/9/2025 20:00,Winter,0,179.5,106.3,106,
TDA,4/9/2025 21:00,Winter,0,178.90000000000001,106.2,106,
TDA,4/9/2025 22:00,Winter,0,179.09999999999999,106.2,106,
TDA,4/9/2025 23:00,Winter,0,178.80000000000001,106.3,106,
BON,3/1/2025 0:00,Winter,0,155.59999999999999,0,,
BON,3/1/2025 1:00,Winter,0,155.09999999999999,0,,
BON,3/1/2025 2:00,Winter,0,154.69999999999999,0,,
BON,3/1/2025 3:00,Winter,0,154,0,,
BON,3/1/2025 4:00,Winter,0,153.90000000000001,0,,
BON,3/1/2025 5:00,Winter,0,153.59999999999999,0,,
BON,3/1/2025 6:00,Winter,0.10000000000000001,153.90000000000001,0,,
BON,3/1/2025 7:00,Winter,1.2,154.09999999999999,0,,
BON,3/1/2025 8:00,Winter,1.2,153.40000000000001,0,,
BON,3/1/2025 9:00,Winter,1.2,159.69999999999999,0,,
BON,3/1/2025 10:00,Winter,1.2,159.90000000000001,0,,
BON,3/1/2025 11:00,Winter,1.2,159.19999999999999,0,,
BON,3/1/2025 12:00,Winter,1.2,159.69999999999999,0,,
BON,3/1/2025 13:00,Winter,1.2,154.09999999999999,0,,
BON,3/1/2025 14:00,Winter,1.2,154.19999999999999,0,,
BON,3/1/2025 15:00,Winter,1.2,154.80000000000001,0,,
BON,3/1/2025 16:00,Winter,1.2,155.69999999999999,0,,
BON,3/1/2025 17:00,Winter,1.2,157.40000000000001,0,,
BON,3/1/2025 18:00,Winter,1.2,157.69999999999999,0,,
BON,3/1/2025 19:00,Winter,0.59999999999999998,156.19999999999999,0,,
BON,3/1/2025 20:00,Winter,0,153.19999999999999,0,,
BON,3/1/2025 21:00,Winter,0,146.30000000000001,0,,
BON,3/1/2025 22:00,Winter,0,146,0,,
BON,3/1/2025 23:00,Winter,0,145.80000000000001,0,,
BON,3/2/2025 0:00,Winter,0,145.59999999999999,0,,
BON,3/2/2025 1:00,Winter,0,144.80000000000001,0,,
BON,3/2/2025 2:00,Winter,0,144,0,,
BON,3/2/2025 3:00,Winter,0,144.09999999999999,0,,
BON,3/2/2025 4:00,Winter,0,144.30000000000001,0,,
BON,3/2/2025 5:00,Winter,0,144.30000000000001,0,,
BON,3/2/2025 6:00,Winter,0,144.69999999999999,0,,
BON,3/2/2025 7:00,Winter,1.3,145.90000000000001,0,,
BON,3/2/2025 8:00,Winter,1.3,151.40000000000001,0,,
BON,3/2/2025 9:00,Winter,1.3,150,0,,
BON,3/2/2025 10:00,Winter,1.3,149.90000000000001,0,,
BON,3/2/2025 11:00,Winter,1.3,149.90000000000001,0,,
BON,3/2/2025 12:00,Winter,1.3,150.09999999999999,0,,
BON,3/2/2025 13:00,Winter,1.3,149.5,0,,
BON,3/2/2025 14:00,Winter,1.3,149.5,0,,
BON,3/2/2025 15:00,Winter,1.3,149.90000000000001,0,,
BON,3/2/2025 16:00,Winter,1.3,150.59999999999999,0,,
BON,3/2/2025 17:00,Winter,1.3,151.69999999999999,0,,
BON,3/2/2025 18:00,Winter,1.3,149.80000000000001,0,,
BON,3/2/2025 19:00,Winter,0.59999999999999998,147.80000000000001,0,,
BON,3/2/2025 20:00,Winter,0,145.80000000000001,0,,
BON,3/2/2025 21:00,Winter,0,147.59999999999999,0,,
BON,3/2/2025 22:00,Winter,0,148.30000000000001,0,,
BON,3/2/2025 23:00,Winter,0,148.19999999999999,0,,
BON,3/3/2025 0:00,Winter,0,148.09999999999999,0,,
BON,3/3/2025 1:00,Winter,0,140.69999999999999,0,,
BON,3/3/2025 2:00,Winter,0,140,0,,
BON,3/3/2025 3:00,Winter,0,142.59999999999999,0,,
BON,3/3/2025 4:00,Winter,0,142.90000000000001,0,,
BON,3/3/2025 5:00,Winter,0,143.59999999999999,0,,
BON,3/3/2025 6:00,Winter,0.10000000000000001,143.19999999999999,0,,
BON,3/3/2025 7:00,Winter,1.3,152.59999999999999,0,,
BON,3/3/2025 8:00,Winter,1.2,153,0,,
BON,3/3/2025 9:00,Winter,1.2,154.80000000000001,0,,
BON,3/3/2025 10:00,Winter,1.2,154.90000000000001,0,,
BON,3/3/2025 11:00,Winter,1.2,150.30000000000001,0,,
BON,3/3/2025 12:00,Winter,1.2,144.80000000000001,0,,
BON,3/3/2025 13:00,Winter,1.2,144.90000000000001,0,,
BON,3/3/2025 14:00,Winter,1.2,139.5,0,,
BON,3/3/2025 15:00,Winter,1.2,124.8,0,,
BON,3/3/2025 16:00,Winter,1.2,124.7,0,,
BON,3/3/2025 17:00,Winter,1.2,144.19999999999999,0,,
BON,3/3/2025 18:00,Winter,1.2,153.40000000000001,0,,
BON,3/3/2025 19:00,Winter,0.59999999999999998,153.19999999999999,0,,
BON,3/3/2025 20:00,Winter,0,151,0,,
BON,3/3/2025 21:00,Winter,0,150.30000000000001,0,,
BON,3/3/2025 22:00,Winter,0,152.59999999999999,0,,
BON,3/3/2025 23:00,Winter,0,153.30000000000001,0,,
BON,3/4/2025 0:00,Winter,0,153.19999999999999,0,,
BON,3/4/2025 1:00,Winter,0,153.59999999999999,0,,
BON,3/4/2025 2:00,Winter,0,152.90000000000001,0,,
BON,3/4/2025 3:00,Winter,0,153.90000000000001,0,,
BON,3/4/2025 4:00,Winter,0,155.19999999999999,0,,
BON,3/4/2025 5:00,Winter,0,153.30000000000001,0,,
BON,3/4/2025 6:00,Winter,0.10000000000000001,153.59999999999999,0,,
BON,3/4/2025 7:00,Winter,1.2,153.40000000000001,0,,
BON,3/4/2025 8:00,Winter,1.2,154.40000000000001,0,,
BON,3/4/2025 9:00,Winter,1.2,146.09999999999999,0,,
BON,3/4/2025 10:00,Winter,1.2,144.59999999999999,0,,
BON,3/4/2025 11:00,Winter,1.2,136.09999999999999,0,,
BON,3/4/2025 12:00,Winter,1.2,136.30000000000001,0,,
BON,3/4/2025 13:00,Winter,1.2,136.90000000000001,0,,
BON,3/4/2025 14:00,Winter,1.2,132.80000000000001,0,,
BON,3/4/2025 15:00,Winter,1.2,126.90000000000001,0,,
BON,3/4/2025 16:00,Winter,1.2,126.7,0,,
BON,3/4/2025 17:00,Winter,1.2,136,0,,
BON,3/4/2025 18:00,Winter,1.2,139.80000000000001,0,,
BON,3/4/2025 19:00,Winter,0.59999999999999998,148.40000000000001,0,,
BON,3/4/2025 20:00,Winter,0,149.90000000000001,0,,
BON,3/4/2025 21:00,Winter,0,147.09999999999999,0,,
BON,3/4/2025 22:00,Winter,0,145.69999999999999,0,,
BON,3/4/2025 23:00,Winter,0,144.09999999999999,0,,
BON,3/5/2025 0:00,Winter,0,134.09999999999999,0,,
BON,3/5/2025 1:00,Winter,0,135.90000000000001,0,,
BON,3/5/2025 2:00,Winter,0,145.59999999999999,0,,
BON,3/5/2025 3:00,Winter,0,147,0,,
BON,3/5/2025 4:00,Winter,0,147.09999999999999,0,,
BON,3/5/2025 5:00,Winter,0,147.69999999999999,0,,
BON,3/5/2025 6:00,Winter,0.10000000000000001,147.90000000000001,0,,
BON,3/5/2025 7:00,Winter,2.1000000000000001,156.30000000000001,0,,
BON,3/5/2025 8:00,Winter,2.2999999999999998,156.40000000000001,0,,
BON,3/5/2025 9:00,Winter,2.2999999999999998,156.90000000000001,0,,
BON,3/5/2025 10:00,Winter,2.2999999999999998,155.69999999999999,0,,
BON,3/5/2025 11:00,Winter,2.2999999999999998,153.19999999999999,0,,
BON,3/5/2025 12:00,Winter,2.2999999999999998,158.90000000000001,0,,
BON,3/5/2025 13:00,Winter,2.2999999999999998,150.40000000000001,0,,
BON,3/5/2025 14:00,Winter,2.2999999999999998,158.69999999999999,0,,
BON,3/5/2025 15:00,Winter,2.2999999999999998,155.40000000000001,0,,
BON,3/5/2025 16:00,Winter,2.2999999999999998,146,0,,
BON,3/5/2025 17:00,Winter,2.2999999999999998,156.90000000000001,0,,
BON,3/5/2025 18:00,Winter,2.2999999999999998,158.19999999999999,0,,
BON,3/5/2025 19:00,Winter,2.2999999999999998,156.69999999999999,0,,
BON,3/5/2025 20:00,Winter,1.2,153.40000000000001,0,,
BON,3/5/2025 21:00,Winter,0,151.09999999999999,0,,
BON,3/5/2025 22:00,Winter,0,150.59999999999999,0,,
BON,3/5/2025 23:00,Winter,0,144.5,0,,
BON,3/6/2025 0:00,Winter,0,142.90000000000001,0,,
BON,3/6/2025 1:00,Winter,0,142.09999999999999,0,,
BON,3/6/2025 2:00,Winter,0,142.59999999999999,0,,
BON,3/6/2025 3:00,Winter,0,142.30000000000001,0,,
BON,3/6/2025 4:00,Winter,0,143.69999999999999,0,,
BON,3/6/2025 5:00,Winter,0,143.69999999999999,0,,
BON,3/6/2025 6:00,Winter,0,144,0,,
BON,3/6/2025 7:00,Winter,1.3999999999999999,150.40000000000001,0,,
BON,3/6/2025 8:00,Winter,2.3999999999999999,142,0,,
BON,3/6/2025 9:00,Winter,2.3999999999999999,144.5,0,,
BON,3/6/2025 10:00,Winter,2.3999999999999999,144.80000000000001,0,,
BON,3/6/2025 11:00,Winter,2.3999999999999999,141.59999999999999,0,,
BON,3/6/2025 12:00,Winter,2.3999999999999999,142.30000000000001,0,,
BON,3/6/2025 13:00,Winter,2.3999999999999999,143.09999999999999,0,,
BON,3/6/2025 14:00,Winter,3,144.40000000000001,0,,
BON,3/6/2025 15:00,Winter,3.3999999999999999,142.69999999999999,0,,
BON,3/6/2025 16:00,Winter,3.2999999999999998,143.09999999999999,0,,
BON,3/6/2025 17:00,Winter,3.2999999999999998,148.19999999999999,0,,
BON,3/6/2025 18:00,Winter,2.3999999999999999,146.90000000000001,0,,
BON,3/6/2025 19:00,Winter,2.3999999999999999,143.80000000000001,0,,
BON,3/6/2025 20:00,Winter,1.2,142.40000000000001,0,,
BON,3/6/2025 21:00,Winter,0,142.40000000000001,0,,
BON,3/6/2025 22:00,Winter,0,143.09999999999999,0,,
BON,3/6/2025 23:00,Winter,0,154.90000000000001,0,,
BON,3/7/2025 0:00,Winter,0,155,0,,
BON,3/7/2025 1:00,Winter,0,162.09999999999999,0,,
BON,3/7/2025 2:00,Winter,0,162.59999999999999,0,,
BON,3/7/2025 3:00,Winter,0,162.80000000000001,0,,
BON,3/7/2025 4:00,Winter,0,164.19999999999999,0,,
BON,3/7/2025 5:00,Winter,0,175,0,,
BON,3/7/2025 6:00,Winter,0,180.09999999999999,0,,
BON,3/7/2025 7:00,Winter,2.3999999999999999,174.19999999999999,0,,
BON,3/7/2025 8:00,Winter,2.3999999999999999,169.09999999999999,0,,
BON,3/7/2025 9:00,Winter,2.3999999999999999,168.5,0,,
BON,3/7/2025 10:00,Winter,2.3999999999999999,169.40000000000001,0,,
BON,3/7/2025 11:00,Winter,2.3999999999999999,164.80000000000001,0,,
BON,3/7/2025 12:00,Winter,2.3999999999999999,148.19999999999999,0,,
BON,3/7/2025 13:00,Winter,2.3999999999999999,134.69999999999999,0,,
BON,3/7/2025 14:00,Winter,2.3999999999999999,125,0,,
BON,3/7/2025 15:00,Winter,2.3999999999999999,122.90000000000001,0,,
BON,3/7/2025 16:00,Winter,2.3999999999999999,121,0,,
BON,3/7/2025 17:00,Winter,2.3999999999999999,123.7,0,,
BON,3/7/2025 18:00,Winter,2.3999999999999999,146.59999999999999,0,,
BON,3/7/2025 19:00,Winter,2.3999999999999999,149.30000000000001,0,,
BON,3/7/2025 20:00,Winter,1,142.80000000000001,0,,
BON,3/7/2025 21:00,Winter,0,142.40000000000001,0,,
BON,3/7/2025 22:00,Winter,0,133.90000000000001,0,,
BON,3/7/2025 23:00,Winter,0,133.30000000000001,0,,
BON,3/8/2025 0:00,Winter,0,134.19999999999999,0,,
BON,3/8/2025 1:00,Winter,0,133.90000000000001,0,,
BON,3/8/2025 2:00,Winter,0,133.69999999999999,0,,
BON,3/8/2025 3:00,Winter,0,134,0,,
BON,3/8/2025 4:00,Winter,0,134.09999999999999,0,,
BON,3/8/2025 5:00,Winter,0,133.59999999999999,0,,
BON,3/8/2025 6:00,Winter,0,133.59999999999999,0,,
BON,3/8/2025 7:00,Winter,2.3999999999999999,146.09999999999999,0,,
BON,3/8/2025 8:00,Winter,2.3999999999999999,144.5,0,,
BON,3/8/2025 9:00,Winter,2.3999999999999999,137.90000000000001,0,,
BON,3/8/2025 10:00,Winter,2.3999999999999999,134.80000000000001,0,,
BON,3/8/2025 11:00,Winter,2.3999999999999999,145,0,,
BON,3/8/2025 12:00,Winter,2.3999999999999999,147.40000000000001,0,,
BON,3/8/2025 13:00,Winter,2.3999999999999999,147.19999999999999,0,,
BON,3/8/2025 14:00,Winter,2.3999999999999999,148.40000000000001,0,,
BON,3/8/2025 15:00,Winter,2.3999999999999999,135.59999999999999,0,,
BON,3/8/2025 16:00,Winter,2.3999999999999999,135.59999999999999,0,,
BON,3/8/2025 17:00,Winter,2.3999999999999999,137.69999999999999,0,,
BON,3/8/2025 18:00,Winter,2.3999999999999999,135.5,0,,
BON,3/8/2025 19:00,Winter,2.3999999999999999,134,0,,
BON,3/8/2025 20:00,Winter,1.2,133.40000000000001,0,,
BON,3/8/2025 21:00,Winter,0,131.09999999999999,0,,
BON,3/8/2025 22:00,Winter,0,130.90000000000001,0,,
BON,3/8/2025 23:00,Winter,0,129.59999999999999,0,,
BON,3/9/2025 0:00,Winter,0,129.59999999999999,0,,
BON,3/9/2025 1:00,Winter,0,129.40000000000001,0,,
BON,3/9/2025 2:00,Winter,0,129.90000000000001,,,
BON,3/9/2025 3:00,Winter,0,129.90000000000001,0,,
BON,3/9/2025 4:00,Winter,0,130.90000000000001,0,,
BON,3/9/2025 5:00,Winter,0,130.59999999999999,0,,
BON,3/9/2025 6:00,Winter,0,138.5,0,,
BON,3/9/2025 7:00,Winter,0,143.19999999999999,0,,
BON,3/9/2025 8:00,Winter,2.3999999999999999,141.40000000000001,0,,
BON,3/9/2025 9:00,Winter,2.3999999999999999,138.80000000000001,0,,
BON,3/9/2025 10:00,Winter,2.3999999999999999,139.19999999999999,0,,
BON,3/9/2025 11:00,Winter,2.3999999999999999,135.59999999999999,0,,
BON,3/9/2025 12:00,Winter,2.3999999999999999,135,0,,
BON,3/9/2025 13:00,Winter,2.7999999999999998,135,0,,
BON,3/9/2025 14:00,Winter,2.5,128.30000000000001,0,,
BON,3/9/2025 15:00,Winter,2.3999999999999999,126.8,0,,
BON,3/9/2025 16:00,Winter,2.3999999999999999,126.5,0,,
BON,3/9/2025 17:00,Winter,2.3999999999999999,132,0,,
BON,3/9/2025 18:00,Winter,2.3999999999999999,133.19999999999999,0,,
BON,3/9/2025 19:00,Winter,2.3999999999999999,134.80000000000001,0,,
BON,3/9/2025 20:00,Winter,2.3999999999999999,133.40000000000001,0,,
BON,3/9/2025 21:00,Winter,1.2,123.7,0,,
BON,3/9/2025 22:00,Winter,0,121.5,0,,
BON,3/9/2025 23:00,Winter,0,121.5,0,,
BON,3/10/2025 0:00,Winter,0,120.7,0,,
BON,3/10/2025 1:00,Winter,0,120.40000000000001,0,,
BON,3/10/2025 2:00,Winter,0,120.5,0,,
BON,3/10/2025 3:00,Winter,0,120.90000000000001,0,,
BON,3/10/2025 4:00,Winter,0,120.90000000000001,0,,
BON,3/10/2025 5:00,Winter,0,140.09999999999999,0,,
BON,3/10/2025 6:00,Winter,0,153.19999999999999,0,,
BON,3/10/2025 7:00,Winter,0,160.40000000000001,0,,
BON,3/10/2025 8:00,Winter,2.3999999999999999,163,0,,
BON,3/10/2025 9:00,Winter,2.3999999999999999,162.19999999999999,0,,
BON,3/10/2025 10:00,Winter,2.3999999999999999,161.19999999999999,0,,
BON,3/10/2025 11:00,Winter,2.3999999999999999,145.69999999999999,0,,
BON,3/10/2025 12:00,Winter,2.3999999999999999,147.90000000000001,0,,
BON,3/10/2025 13:00,Winter,2.3999999999999999,159.5,0,,
BON,3/10/2025 14:00,Winter,2.3999999999999999,158.19999999999999,0,,
BON,3/10/2025 15:00,Winter,2.3999999999999999,159.5,0,,
BON,3/10/2025 16:00,Winter,2.3999999999999999,159.5,0,,
BON,3/10/2025 17:00,Winter,2.3999999999999999,167.09999999999999,0,,
BON,3/10/2025 18:00,Winter,2.3999999999999999,169.40000000000001,0,,
BON,3/10/2025 19:00,Winter,2.3999999999999999,167.80000000000001,0,,
BON,3/10/2025 20:00,Winter,2.3999999999999999,167.69999999999999,0,,
BON,3/10/2025 21:00,Winter,1.2,160.90000000000001,0,,
BON,3/10/2025 22:00,Winter,0,150.69999999999999,0,,
BON,3/10/2025 23:00,Winter,0,148.80000000000001,0,,
BON,3/11/2025 0:00,Winter,0,148.40000000000001,0,,
BON,3/11/2025 1:00,Winter,0,132.69999999999999,0,,
BON,3/11/2025 2:00,Winter,0,131,0,,
BON,3/11/2025 3:00,Winter,0,131.30000000000001,0,,
BON,3/11/2025 4:00,Winter,0,130.40000000000001,0,,
BON,3/11/2025 5:00,Winter,0,129.80000000000001,0,,
BON,3/11/2025 6:00,Winter,0,132,0,,
BON,3/11/2025 7:00,Winter,0.10000000000000001,158.30000000000001,0,,
BON,3/11/2025 8:00,Winter,2.3999999999999999,157.90000000000001,0,,
BON,3/11/2025 9:00,Winter,2.3999999999999999,135.59999999999999,0,,
BON,3/11/2025 10:00,Winter,2.3999999999999999,135.59999999999999,0,,
BON,3/11/2025 11:00,Winter,2.3999999999999999,141.40000000000001,0,,
BON,3/11/2025 12:00,Winter,2.3999999999999999,143.5,0,,
BON,3/11/2025 13:00,Winter,2.3999999999999999,144.19999999999999,0,,
BON,3/11/2025 14:00,Winter,2.3999999999999999,140.59999999999999,0,,
BON,3/11/2025 15:00,Winter,2.3999999999999999,140.30000000000001,0,,
BON,3/11/2025 16:00,Winter,2.3999999999999999,140.19999999999999,0,,
BON,3/11/2025 17:00,Winter,2.3999999999999999,147,0,,
BON,3/11/2025 18:00,Winter,2.3999999999999999,155.59999999999999,0,,
BON,3/11/2025 19:00,Winter,2.3999999999999999,157.69999999999999,0,,
BON,3/11/2025 20:00,Winter,2.3999999999999999,157.19999999999999,0,,
BON,3/11/2025 21:00,Winter,1.2,151.59999999999999,0,,
BON,3/11/2025 22:00,Winter,0,148.59999999999999,0,,
BON,3/11/2025 23:00,Winter,0,148.90000000000001,0,,
BON,3/12/2025 0:00,Winter,0,150.19999999999999,0,,
BON,3/12/2025 1:00,Winter,0,153.40000000000001,0,,
BON,3/12/2025 2:00,Winter,0,154.19999999999999,0,,
BON,3/12/2025 3:00,Winter,0,154.80000000000001,0,,
BON,3/12/2025 4:00,Winter,0,157.09999999999999,0,,
BON,3/12/2025 5:00,Winter,0,157.80000000000001,0,,
BON,3/12/2025 6:00,Winter,0,158.40000000000001,0,,
BON,3/12/2025 7:00,Winter,0.10000000000000001,164.09999999999999,0,,
BON,3/12/2025 8:00,Winter,2.3999999999999999,157.69999999999999,0,,
BON,3/12/2025 9:00,Winter,2.3999999999999999,144.40000000000001,0,,
BON,3/12/2025 10:00,Winter,2.3999999999999999,143.30000000000001,0,,
BON,3/12/2025 11:00,Winter,2.3999999999999999,143.19999999999999,0,,
BON,3/12/2025 12:00,Winter,2.3999999999999999,143.69999999999999,0,,
BON,3/12/2025 13:00,Winter,2.3999999999999999,143.5,0,,
BON,3/12/2025 14:00,Winter,2.3999999999999999,142.5,0,,
BON,3/12/2025 15:00,Winter,2.3999999999999999,143.40000000000001,0,,
BON,3/12/2025 16:00,Winter,2.3999999999999999,142.90000000000001,0,,
BON,3/12/2025 17:00,Winter,2.3999999999999999,145,0,,
BON,3/12/2025 18:00,Winter,2.3999999999999999,145.09999999999999,0,,
BON,3/12/2025 19:00,Winter,2.3999999999999999,143.80000000000001,0,,
BON,3/12/2025 20:00,Winter,2.3999999999999999,139.90000000000001,0,,
BON,3/12/2025 21:00,Winter,1.2,134.30000000000001,0,,
BON,3/12/2025 22:00,Winter,0,133.90000000000001,0,,
BON,3/12/2025 23:00,Winter,0,130.30000000000001,0,,
BON,3/13/2025 0:00,Winter,0,134.59999999999999,0,,
BON,3/13/2025 1:00,Winter,0,135.90000000000001,0,,
BON,3/13/2025 2:00,Winter,0,136.5,0,,
BON,3/13/2025 3:00,Winter,0,136,0,,
BON,3/13/2025 4:00,Winter,0,135.40000000000001,0,,
BON,3/13/2025 5:00,Winter,0,136.59999999999999,0,,
BON,3/13/2025 6:00,Winter,0,137.40000000000001,0,,
BON,3/13/2025 7:00,Winter,0.10000000000000001,149.69999999999999,0,,
BON,3/13/2025 8:00,Winter,2.3999999999999999,153.80000000000001,0,,
BON,3/13/2025 9:00,Winter,2.3999999999999999,153.59999999999999,0,,
BON,3/13/2025 10:00,Winter,2.3999999999999999,159.80000000000001,0,,
BON,3/13/2025 11:00,Winter,2.3999999999999999,156.59999999999999,0,,
BON,3/13/2025 12:00,Winter,2.3999999999999999,156.09999999999999,0,,
BON,3/13/2025 13:00,Winter,2.3999999999999999,156.69999999999999,0,,
BON,3/13/2025 14:00,Winter,2.3999999999999999,156.19999999999999,0,,
BON,3/13/2025 15:00,Winter,2.3999999999999999,157.19999999999999,0,,
BON,3/13/2025 16:00,Winter,2.3999999999999999,156.19999999999999,0,,
BON,3/13/2025 17:00,Winter,2.3999999999999999,162,0,,
BON,3/13/2025 18:00,Winter,2.3999999999999999,163,0,,
BON,3/13/2025 19:00,Winter,2.3999999999999999,168.5,0,,
BON,3/13/2025 20:00,Winter,2.3999999999999999,163.69999999999999,0,,
BON,3/13/2025 21:00,Winter,1.2,153.69999999999999,0,,
BON,3/13/2025 22:00,Winter,0,151.30000000000001,0,,
BON,3/13/2025 23:00,Winter,0,151.69999999999999,0,,
BON,3/14/2025 0:00,Winter,0,152.69999999999999,0,,
BON,3/14/2025 1:00,Winter,0,153.19999999999999,0,,
BON,3/14/2025 2:00,Winter,0,152.80000000000001,0,,
BON,3/14/2025 3:00,Winter,0,154,0,,
BON,3/14/2025 4:00,Winter,0,153.69999999999999,0,,
BON,3/14/2025 5:00,Winter,0,152.90000000000001,0,,
BON,3/14/2025 6:00,Winter,0,160.09999999999999,0,,
BON,3/14/2025 7:00,Winter,0,162.09999999999999,0,,
BON,3/14/2025 8:00,Winter,2.3999999999999999,163.80000000000001,0,,
BON,3/14/2025 9:00,Winter,2.3999999999999999,163.30000000000001,0,,
BON,3/14/2025 10:00,Winter,2.3999999999999999,163.19999999999999,0,,
BON,3/14/2025 11:00,Winter,2.3999999999999999,156.59999999999999,0,,
BON,3/14/2025 12:00,Winter,2.3999999999999999,156.5,107.7,,
BON,3/14/2025 13:00,Winter,2.3999999999999999,156.30000000000001,107.3,,
BON,3/14/2025 14:00,Winter,2.3999999999999999,156.90000000000001,107.3,,
BON,3/14/2025 15:00,Winter,2.3999999999999999,159,107.2,,
BON,3/14/2025 16:00,Winter,2.3999999999999999,160.09999999999999,107.2,,
BON,3/14/2025 17:00,Winter,2.3999999999999999,166.09999999999999,107.5,,
BON,3/14/2025 18:00,Winter,2.3999999999999999,166.80000000000001,107.5,,
BON,3/14/2025 19:00,Winter,2.3999999999999999,165.09999999999999,107.40000000000001,,
BON,3/14/2025 20:00,Winter,2.3999999999999999,163.09999999999999,107.40000000000001,,
BON,3/14/2025 21:00,Winter,1.2,159.80000000000001,107.40000000000001,,
BON,3/14/2025 22:00,Winter,0,161.69999999999999,107.2,,
BON,3/14/2025 23:00,Winter,0,162.80000000000001,107.2,,
BON,3/15/2025 0:00,Winter,0,163.30000000000001,107.09999999999999,108,
BON,3/15/2025 1:00,Winter,0,163,107,108,
BON,3/15/2025 2:00,Winter,0,163,106.90000000000001,108,
BON,3/15/2025 3:00,Winter,0,163.5,106.8,108,
BON,3/15/2025 4:00,Winter,0,163.40000000000001,106.8,108,
BON,3/15/2025 5:00,Winter,0,164.5,106.7,108,
BON,3/15/2025 6:00,Winter,0,164.69999999999999,106.5,108,
BON,3/15/2025 7:00,Winter,0,165.30000000000001,106.59999999999999,108,
BON,3/15/2025 8:00,Winter,2.3999999999999999,165.40000000000001,106.90000000000001,108,
BON,3/15/2025 9:00,Winter,2.3999999999999999,163,107,108,
BON,3/15/2025 10:00,Winter,2.3999999999999999,161.5,107.2,108,
BON,3/15/2025 11:00,Winter,2.3999999999999999,156.30000000000001,107.3,108,
BON,3/15/2025 12:00,Winter,2.3999999999999999,153.19999999999999,107.40000000000001,108,
BON,3/15/2025 13:00,Winter,2.3999999999999999,152.90000000000001,107.59999999999999,108,
BON,3/15/2025 14:00,Winter,2.3999999999999999,152.59999999999999,107.59999999999999,108,
BON,3/15/2025 15:00,Winter,2.3999999999999999,152.90000000000001,107.59999999999999,108,
BON,3/15/2025 16:00,Winter,2.3999999999999999,151.80000000000001,107.59999999999999,108,
BON,3/15/2025 17:00,Winter,2.3999999999999999,161.69999999999999,107.40000000000001,108,
BON,3/15/2025 18:00,Winter,2.3999999999999999,164.09999999999999,107.40000000000001,108,
BON,3/15/2025 19:00,Winter,2.3999999999999999,163.59999999999999,107.59999999999999,108,
BON,3/15/2025 20:00,Winter,2.3999999999999999,160.69999999999999,107.59999999999999,108,
BON,3/15/2025 21:00,Winter,1.5,151.69999999999999,107.90000000000001,108,
BON,3/15/2025 22:00,Winter,0,149.69999999999999,108.09999999999999,108,
BON,3/15/2025 23:00,Winter,0,146.09999999999999,107.90000000000001,108,
BON,3/16/2025 0:00,Winter,0,144,107.90000000000001,108,
BON,3/16/2025 1:00,Winter,0,148.69999999999999,107.59999999999999,108,
BON,3/16/2025 2:00,Winter,0,150,108,108,
BON,3/16/2025 3:00,Winter,0,150.69999999999999,108.3,108,
BON,3/16/2025 4:00,Winter,0,150.69999999999999,108.3,108,
BON,3/16/2025 5:00,Winter,0,151.40000000000001,108,108,
BON,3/16/2025 6:00,Winter,0,151.69999999999999,108,108,
BON,3/16/2025 7:00,Winter,0,155.69999999999999,108,108,
BON,3/16/2025 8:00,Winter,2.3999999999999999,153.09999999999999,107.90000000000001,108,
BON,3/16/2025 9:00,Winter,2.3999999999999999,152.69999999999999,107.7,108,
BON,3/16/2025 10:00,Winter,2.3999999999999999,152.90000000000001,107.59999999999999,108,
BON,3/16/2025 11:00,Winter,2.3999999999999999,152.19999999999999,107.8,108,
BON,3/16/2025 12:00,Winter,2.3999999999999999,152.80000000000001,107.8,108,
BON,3/16/2025 13:00,Winter,2.3999999999999999,152.69999999999999,108.2,108,
BON,3/16/2025 14:00,Winter,2.3999999999999999,153.40000000000001,108.09999999999999,108,
BON,3/16/2025 15:00,Winter,2.3999999999999999,153.30000000000001,108.09999999999999,108,
BON,3/16/2025 16:00,Winter,2.3999999999999999,153,108.2,108,
BON,3/16/2025 17:00,Winter,2.3999999999999999,154.69999999999999,108,108,
BON,3/16/2025 18:00,Winter,2.3999999999999999,155.59999999999999,108,108,
BON,3/16/2025 19:00,Winter,2.3999999999999999,155.19999999999999,108.09999999999999,108,
BON,3/16/2025 20:00,Winter,2.3999999999999999,154.09999999999999,108.09999999999999,108,
BON,3/16/2025 21:00,Winter,1.2,146.69999999999999,108.40000000000001,108,
BON,3/16/2025 22:00,Winter,0,152.09999999999999,108.8,108,
BON,3/16/2025 23:00,Winter,0,153.09999999999999,108.8,108,
BON,3/17/2025 0:00,Winter,0,152.19999999999999,108.7,109,
BON,3/17/2025 1:00,Winter,0,153.69999999999999,108.59999999999999,109,
BON,3/17/2025 2:00,Winter,0,153.80000000000001,108.59999999999999,109,
BON,3/17/2025 3:00,Winter,0,161.69999999999999,108.5,109,
BON,3/17/2025 4:00,Winter,0,162,108.2,109,
BON,3/17/2025 5:00,Winter,0,162.69999999999999,108.3,109,
BON,3/17/2025 6:00,Winter,0,162.69999999999999,108.2,109,
BON,3/17/2025 7:00,Winter,0.10000000000000001,170.69999999999999,108.2,109,
BON,3/17/2025 8:00,Winter,2.3999999999999999,174.30000000000001,107.90000000000001,109,
BON,3/17/2025 9:00,Winter,2.3999999999999999,173.30000000000001,108,109,
BON,3/17/2025 10:00,Winter,2.3999999999999999,171.40000000000001,108.40000000000001,109,
BON,3/17/2025 11:00,Winter,2.3999999999999999,166.69999999999999,108.40000000000001,109,
BON,3/17/2025 12:00,Winter,2.3999999999999999,169.19999999999999,108.7,109,
BON,3/17/2025 13:00,Winter,2.3999999999999999,169.80000000000001,108.8,109,
BON,3/17/2025 14:00,Winter,2.3999999999999999,169,108.90000000000001,109,
BON,3/17/2025 15:00,Winter,2.3999999999999999,168.5,108.90000000000001,109,
BON,3/17/2025 16:00,Winter,2.3999999999999999,168.40000000000001,108.90000000000001,109,
BON,3/17/2025 17:00,Winter,2.3999999999999999,156.59999999999999,108.7,109,
BON,3/17/2025 18:00,Winter,2.3999999999999999,136.90000000000001,108.40000000000001,109,
BON,3/17/2025 19:00,Winter,2.3999999999999999,142.5,108.3,109,
BON,3/17/2025 20:00,Winter,2.3999999999999999,142.19999999999999,108.3,109,
BON,3/17/2025 21:00,Winter,1.2,135.19999999999999,108.7,109,
BON,3/17/2025 22:00,Winter,0,133.40000000000001,108.90000000000001,109,
BON,3/17/2025 23:00,Winter,0,133.90000000000001,109,109,
BON,3/18/2025 0:00,Winter,0,133.30000000000001,108.59999999999999,109,
BON,3/18/2025 1:00,Winter,0,135,108.5,109,
BON,3/18/2025 2:00,Winter,0,141.09999999999999,108.59999999999999,109,
BON,3/18/2025 3:00,Winter,0,143.30000000000001,108.2,109,
BON,3/18/2025 4:00,Winter,0,143.19999999999999,108.09999999999999,109,
BON,3/18/2025 5:00,Winter,0,142.80000000000001,108.09999999999999,109,
BON,3/18/2025 6:00,Winter,0,143,108.09999999999999,109,
BON,3/18/2025 7:00,Winter,0,152.19999999999999,107.90000000000001,109,
BON,3/18/2025 8:00,Winter,2.3999999999999999,154.30000000000001,107.59999999999999,109,
BON,3/18/2025 9:00,Winter,2.3999999999999999,153.69999999999999,107.3,109,
BON,3/18/2025 10:00,Winter,2.3999999999999999,153.59999999999999,107.3,109,
BON,3/18/2025 11:00,Winter,2.3999999999999999,148.19999999999999,107.3,109,
BON,3/18/2025 12:00,Winter,2.3999999999999999,148.80000000000001,107.40000000000001,109,
BON,3/18/2025 13:00,Winter,2.3999999999999999,149.19999999999999,107.5,109,
BON,3/18/2025 14:00,Winter,2.3999999999999999,149.69999999999999,107.5,109,
BON,3/18/2025 15:00,Winter,2.3999999999999999,140.90000000000001,107.5,109,
BON,3/18/2025 16:00,Winter,2.3999999999999999,139.19999999999999,107.5,109,
BON,3/18/2025 17:00,Winter,2.3999999999999999,145.40000000000001,107.7,109,
BON,3/18/2025 18:00,Winter,2.3999999999999999,137.19999999999999,107.7,109,
BON,3/18/2025 19:00,Winter,2.3999999999999999,130.59999999999999,107.7,109,
BON,3/18/2025 20:00,Winter,2.3999999999999999,129.59999999999999,107.8,109,
BON,3/18/2025 21:00,Winter,1.3999999999999999,127.09999999999999,107.8,109,
BON,3/18/2025 22:00,Winter,0,126.3,110,109,
BON,3/18/2025 23:00,Winter,0,130.5,110.09999999999999,109,
BON,3/19/2025 0:00,Winter,0,130.59999999999999,109.90000000000001,110,
BON,3/19/2025 1:00,Winter,0,120.09999999999999,110.09999999999999,110,
BON,3/19/2025 2:00,Winter,0,119.3,110.5,110,
BON,3/19/2025 3:00,Winter,0,119.09999999999999,110.7,110,
BON,3/19/2025 4:00,Winter,0,120.3,110.8,110,
BON,3/19/2025 5:00,Winter,0,120.59999999999999,110.7,110,
BON,3/19/2025 6:00,Winter,0,137.5,110.7,110,
BON,3/19/2025 7:00,Winter,0.10000000000000001,156.69999999999999,109.5,110,
BON,3/19/2025 8:00,Winter,2.3999999999999999,158.80000000000001,108.09999999999999,110,
BON,3/19/2025 9:00,Winter,2.3999999999999999,158.19999999999999,107.59999999999999,110,
BON,3/19/2025 10:00,Winter,2.3999999999999999,158.19999999999999,107.7,110,
BON,3/19/2025 11:00,Winter,2.3999999999999999,155.19999999999999,107.7,110,
BON,3/19/2025 12:00,Winter,2.3999999999999999,155.69999999999999,107.90000000000001,110,
BON,3/19/2025 13:00,Winter,2.3999999999999999,155.69999999999999,107.90000000000001,110,
BON,3/19/2025 14:00,Winter,2.3999999999999999,154.19999999999999,108,110,
BON,3/19/2025 15:00,Winter,2.3999999999999999,154.80000000000001,108,110,
BON,3/19/2025 16:00,Winter,2.3999999999999999,154.80000000000001,108.2,110,
BON,3/19/2025 17:00,Winter,2.3999999999999999,161,108.2,110,
BON,3/19/2025 18:00,Winter,2.3999999999999999,163.59999999999999,108,110,
BON,3/19/2025 19:00,Winter,2.3999999999999999,163.40000000000001,108,110,
BON,3/19/2025 20:00,Winter,2.3999999999999999,156.80000000000001,107.90000000000001,110,
BON,3/19/2025 21:00,Winter,1.2,148.69999999999999,108,110,
BON,3/19/2025 22:00,Winter,0,148.30000000000001,108.40000000000001,110,
BON,3/19/2025 23:00,Winter,0,143,108.40000000000001,110,
BON,3/20/2025 0:00,Winter,0,139.09999999999999,108.5,109,
BON,3/20/2025 1:00,Winter,0,141.19999999999999,108.7,109,
BON,3/20/2025 2:00,Winter,0,139.90000000000001,108.3,109,
BON,3/20/2025 3:00,Winter,0,140.80000000000001,108.3,109,
BON,3/20/2025 4:00,Winter,0,140.80000000000001,108.5,109,
BON,3/20/2025 5:00,Winter,0,141.09999999999999,108.5,109,
BON,3/20/2025 6:00,Winter,0,141.30000000000001,108.40000000000001,109,
BON,3/20/2025 7:00,Winter,0,144.90000000000001,108.5,109,
BON,3/20/2025 8:00,Winter,2.2999999999999998,148,107.59999999999999,109,
BON,3/20/2025 9:00,Winter,2.2999999999999998,127,107.2,109,
BON,3/20/2025 10:00,Winter,2.2999999999999998,126.2,107.09999999999999,109,
BON,3/20/2025 11:00,Winter,2.2999999999999998,121.09999999999999,107.3,109,
BON,3/20/2025 12:00,Winter,2.2999999999999998,121.09999999999999,107.5,109,
BON,3/20/2025 13:00,Winter,2.2999999999999998,119.8,107.3,109,
BON,3/20/2025 14:00,Winter,2.2999999999999998,117.7,107.5,109,
BON,3/20/2025 15:00,Winter,2.2999999999999998,117.7,107.5,109,
BON,3/20/2025 16:00,Winter,2.2999999999999998,119.2,107.59999999999999,109,
BON,3/20/2025 17:00,Winter,2.2999999999999998,147.40000000000001,108,109,
BON,3/20/2025 18:00,Winter,2.2999999999999998,145.90000000000001,108.09999999999999,109,
BON,3/20/2025 19:00,Winter,2.2999999999999998,149,108.09999999999999,109,
BON,3/20/2025 20:00,Winter,2.2999999999999998,146.90000000000001,108,109,
BON,3/20/2025 21:00,Winter,1.2,139.69999999999999,108.40000000000001,109,
BON,3/20/2025 22:00,Winter,0,138.59999999999999,108.90000000000001,109,
BON,3/20/2025 23:00,Winter,0,144.09999999999999,109.3,109,
BON,3/21/2025 0:00,Winter,0,145.69999999999999,109.5,109,
BON,3/21/2025 1:00,Winter,0,146.40000000000001,109.59999999999999,109,
BON,3/21/2025 2:00,Winter,0,145.80000000000001,109.2,109,
BON,3/21/2025 3:00,Winter,0,146.90000000000001,109.2,109,
BON,3/21/2025 4:00,Winter,0,147.40000000000001,109.2,109,
BON,3/21/2025 5:00,Winter,0,147.80000000000001,109.3,109,
BON,3/21/2025 6:00,Winter,0,147.09999999999999,109.5,109,
BON,3/21/2025 7:00,Winter,0,151.19999999999999,109.2,109,
BON,3/21/2025 8:00,Winter,2.2999999999999998,153.69999999999999,108,109,
BON,3/21/2025 9:00,Winter,2.2999999999999998,153.59999999999999,107.8,109,
BON,3/21/2025 10:00,Winter,2.2999999999999998,152.69999999999999,107.90000000000001,109,
BON,3/21/2025 11:00,Winter,2.2999999999999998,148.19999999999999,108.2,109,
BON,3/21/2025 12:00,Winter,2.2999999999999998,164.90000000000001,108.3,109,
BON,3/21/2025 13:00,Winter,2.2999999999999998,167.19999999999999,108.59999999999999,109,
BON,3/21/2025 14:00,Winter,2.2999999999999998,165.69999999999999,108.59999999999999,109,
BON,3/21/2025 15:00,Winter,2.2999999999999998,167.40000000000001,108.59999999999999,109,
BON,3/21/2025 16:00,Winter,2.2999999999999998,169,108.8,109,
BON,3/21/2025 17:00,Winter,2.2999999999999998,175,109,109,
BON,3/21/2025 18:00,Winter,2.2999999999999998,174.59999999999999,109,109,
BON,3/21/2025 19:00,Winter,2.2999999999999998,174.30000000000001,108.8,109,
BON,3/21/2025 20:00,Winter,2.2999999999999998,165.30000000000001,109,109,
BON,3/21/2025 21:00,Winter,1.3,157.90000000000001,108.8,109,
BON,3/21/2025 22:00,Winter,0,154.30000000000001,109.09999999999999,109,
BON,3/21/2025 23:00,Winter,0,154.40000000000001,109,109,
BON,3/22/2025 0:00,Winter,0,153.90000000000001,109,109,
BON,3/22/2025 1:00,Winter,0,155.59999999999999,108.8,109,
BON,3/22/2025 2:00,Winter,0,156.59999999999999,108.7,109,
BON,3/22/2025 3:00,Winter,0,156.5,108.59999999999999,109,
BON,3/22/2025 4:00,Winter,0,156.80000000000001,108.40000000000001,109,
BON,3/22/2025 5:00,Winter,0,157,108.40000000000001,109,
BON,3/22/2025 6:00,Winter,0,157.59999999999999,108.09999999999999,109,
BON,3/22/2025 7:00,Winter,0,153.90000000000001,108.40000000000001,109,
BON,3/22/2025 8:00,Winter,2.3999999999999999,152.90000000000001,107.90000000000001,109,
BON,3/22/2025 9:00,Winter,2.3999999999999999,150.59999999999999,107.90000000000001,109,
BON,3/22/2025 10:00,Winter,2.2999999999999998,149.40000000000001,107.90000000000001,109,
BON,3/22/2025 11:00,Winter,2.2999999999999998,148.19999999999999,107.90000000000001,109,
BON,3/22/2025 12:00,Winter,2.2999999999999998,145.40000000000001,108,109,
BON,3/22/2025 13:00,Winter,2.2999999999999998,143,107.90000000000001,109,
BON,3/22/2025 14:00,Winter,2.2999999999999998,142.5,108,109,
BON,3/22/2025 15:00,Winter,2.2999999999999998,141.09999999999999,108.09999999999999,109,
BON,3/22/2025 16:00,Winter,2.2999999999999998,142.40000000000001,108.40000000000001,109,
BON,3/22/2025 17:00,Winter,2.2999999999999998,148.80000000000001,108.3,109,
BON,3/22/2025 18:00,Winter,2.2999999999999998,149.19999999999999,108.3,109,
BON,3/22/2025 19:00,Winter,2.2999999999999998,149.69999999999999,108.3,109,
BON,3/22/2025 20:00,Winter,2.2999999999999998,149.69999999999999,108.3,109,
BON,3/22/2025 21:00,Winter,1.3999999999999999,143.5,108.2,109,
BON,3/22/2025 22:00,Winter,0,141.30000000000001,108.59999999999999,109,
BON,3/22/2025 23:00,Winter,0,140.30000000000001,108.59999999999999,109,
BON,3/23/2025 0:00,Winter,0,139.90000000000001,108.8,109,
BON,3/23/2025 1:00,Winter,0,140.69999999999999,108.90000000000001,109,
BON,3/23/2025 2:00,Winter,0,140.19999999999999,109.2,109,
BON,3/23/2025 3:00,Winter,0,139.09999999999999,109.3,109,
BON,3/23/2025 4:00,Winter,0,140,109.2,109,
BON,3/23/2025 5:00,Winter,0,149.59999999999999,109.2,109,
BON,3/23/2025 6:00,Winter,0,149.80000000000001,109,109,
BON,3/23/2025 7:00,Winter,0,154,109,109,
BON,3/23/2025 8:00,Winter,2.2999999999999998,155.90000000000001,108.3,109,
BON,3/23/2025 9:00,Winter,2.3999999999999999,157.80000000000001,107.90000000000001,109,
BON,3/23/2025 10:00,Winter,2.3999999999999999,157.59999999999999,108,109,
BON,3/23/2025 11:00,Winter,2.3999999999999999,151.90000000000001,107.90000000000001,109,
BON,3/23/2025 12:00,Winter,2.3999999999999999,152.69999999999999,108,109,
BON,3/23/2025 13:00,Winter,2.3999999999999999,152.30000000000001,108,109,
BON,3/23/2025 14:00,Winter,2.2999999999999998,153.40000000000001,108.09999999999999,109,
BON,3/23/2025 15:00,Winter,2.2999999999999998,152.80000000000001,108.09999999999999,109,
BON,3/23/2025 16:00,Winter,2.2999999999999998,153.59999999999999,108.09999999999999,109,
BON,3/23/2025 17:00,Winter,2.2999999999999998,160.69999999999999,108.3,109,
BON,3/23/2025 18:00,Winter,2.2999999999999998,160.80000000000001,108.3,109,
BON,3/23/2025 19:00,Winter,2.2999999999999998,159.80000000000001,108.3,109,
BON,3/23/2025 20:00,Winter,2.3999999999999999,158.59999999999999,108.3,109,
BON,3/23/2025 21:00,Winter,1.2,155.19999999999999,108.5,109,
BON,3/23/2025 22:00,Winter,0,150.40000000000001,108.90000000000001,109,
BON,3/23/2025 23:00,Winter,0,146.09999999999999,108.90000000000001,109,
BON,3/24/2025 0:00,Winter,0,145,108.8,109,
BON,3/24/2025 1:00,Winter,0,150.19999999999999,108.59999999999999,109,
BON,3/24/2025 2:00,Winter,0,151.30000000000001,108.5,109,
BON,3/24/2025 3:00,Winter,0,151.59999999999999,108.40000000000001,109,
BON,3/24/2025 4:00,Winter,0,150.90000000000001,108.2,109,
BON,3/24/2025 5:00,Winter,0,151.80000000000001,108.2,109,
BON,3/24/2025 6:00,Winter,0,152.59999999999999,108.09999999999999,109,
BON,3/24/2025 7:00,Winter,0.90000000000000002,170.59999999999999,107.8,109,
BON,3/24/2025 8:00,Winter,2.3999999999999999,169.90000000000001,107.7,109,
BON,3/24/2025 9:00,Winter,2.3999999999999999,170,108,109,
BON,3/24/2025 10:00,Winter,2.3999999999999999,170,108,109,
BON,3/24/2025 11:00,Winter,2.3999999999999999,166.19999999999999,108.2,109,
BON,3/24/2025 12:00,Winter,2.3999999999999999,166.5,108.40000000000001,109,
BON,3/24/2025 13:00,Winter,2.3999999999999999,167,108.5,109,
BON,3/24/2025 14:00,Winter,2.3999999999999999,167.19999999999999,108.59999999999999,109,
BON,3/24/2025 15:00,Winter,2.3999999999999999,167.90000000000001,108.90000000000001,109,
BON,3/24/2025 16:00,Winter,2.3999999999999999,170.19999999999999,108.90000000000001,109,
BON,3/24/2025 17:00,Winter,2.3999999999999999,177.09999999999999,109,109,
BON,3/24/2025 18:00,Winter,2.3999999999999999,178.30000000000001,109.2,109,
BON,3/24/2025 19:00,Winter,2.3999999999999999,177.5,109.3,109,
BON,3/24/2025 20:00,Winter,2.3999999999999999,171.09999999999999,109.3,109,
BON,3/24/2025 21:00,Winter,1.2,168.90000000000001,109.3,109,
BON,3/24/2025 22:00,Winter,0,169.69999999999999,109.40000000000001,109,
BON,3/24/2025 23:00,Winter,0,161.30000000000001,109.40000000000001,109,
BON,3/25/2025 0:00,Winter,0,160,109.59999999999999,110,
BON,3/25/2025 1:00,Winter,0,160.59999999999999,109.59999999999999,110,
BON,3/25/2025 2:00,Winter,0,161.59999999999999,109.40000000000001,110,
BON,3/25/2025 3:00,Winter,0,161.40000000000001,109.3,110,
BON,3/25/2025 4:00,Winter,0,162.5,109.3,110,
BON,3/25/2025 5:00,Winter,0,165.90000000000001,109.3,110,
BON,3/25/2025 6:00,Winter,0,166.59999999999999,109.40000000000001,110,
BON,3/25/2025 7:00,Winter,0,181.90000000000001,109.3,110,
BON,3/25/2025 8:00,Winter,2.3999999999999999,185.90000000000001,109,110,
BON,3/25/2025 9:00,Winter,2.3999999999999999,184.90000000000001,109.2,110,
BON,3/25/2025 10:00,Winter,2.3999999999999999,182.59999999999999,109.40000000000001,110,
BON,3/25/2025 11:00,Winter,2.3999999999999999,178.19999999999999,109.59999999999999,110,
BON,3/25/2025 12:00,Winter,2.3999999999999999,178.80000000000001,109.7,110,
BON,3/25/2025 13:00,Winter,2.3999999999999999,178.69999999999999,109.90000000000001,110,
BON,3/25/2025 14:00,Winter,2.3999999999999999,179.30000000000001,110,110,
BON,3/25/2025 15:00,Winter,2.3999999999999999,178.69999999999999,110.09999999999999,110,
BON,3/25/2025 16:00,Winter,2.3999999999999999,179.5,110.40000000000001,110,
BON,3/25/2025 17:00,Winter,2.3999999999999999,187.90000000000001,110.40000000000001,110,
BON,3/25/2025 18:00,Winter,2.3999999999999999,190.09999999999999,110.59999999999999,110,
BON,3/25/2025 19:00,Winter,2.3999999999999999,191.5,110.59999999999999,110,
BON,3/25/2025 20:00,Winter,2.3999999999999999,193.30000000000001,110.59999999999999,110,
BON,3/25/2025 21:00,Winter,1.2,173.09999999999999,110.59999999999999,110,
BON,3/25/2025 22:00,Winter,0,169.90000000000001,110.7,110,
BON,3/25/2025 23:00,Winter,0,175.40000000000001,110.59999999999999,110,
BON,3/26/2025 0:00,Winter,0,176.59999999999999,110.8,111,
BON,3/26/2025 1:00,Winter,0,172.40000000000001,110.59999999999999,111,
BON,3/26/2025 2:00,Winter,0,174.40000000000001,110.3,111,
BON,3/26/2025 3:00,Winter,0,171.40000000000001,110.5,111,
BON,3/26/2025 4:00,Winter,0,173,110.5,111,
BON,3/26/2025 5:00,Winter,0,173.19999999999999,110.2,111,
BON,3/26/2025 6:00,Winter,0,172.09999999999999,110.2,111,
BON,3/26/2025 7:00,Winter,0.10000000000000001,178.40000000000001,110.09999999999999,111,
BON,3/26/2025 8:00,Winter,2.3999999999999999,187.09999999999999,109.8,111,
BON,3/26/2025 9:00,Winter,2.3999999999999999,182.80000000000001,109.90000000000001,111,
BON,3/26/2025 10:00,Winter,2.3999999999999999,180.40000000000001,109.90000000000001,111,
BON,3/26/2025 11:00,Winter,2.3999999999999999,178.69999999999999,110.2,111,
BON,3/26/2025 12:00,Winter,2.3999999999999999,179.30000000000001,110.40000000000001,111,
BON,3/26/2025 13:00,Winter,2.3999999999999999,179.80000000000001,110.59999999999999,111,
BON,3/26/2025 14:00,Winter,2.3999999999999999,179.40000000000001,110.8,111,
BON,3/26/2025 15:00,Winter,2.3999999999999999,171.80000000000001,110.90000000000001,111,
BON,3/26/2025 16:00,Winter,2.3999999999999999,179.59999999999999,111.09999999999999,111,
BON,3/26/2025 17:00,Winter,2.3999999999999999,180.80000000000001,111.09999999999999,111,
BON,3/26/2025 18:00,Winter,2.3999999999999999,184.69999999999999,111,111,
BON,3/26/2025 19:00,Winter,2.3999999999999999,163.80000000000001,110.7,111,
BON,3/26/2025 20:00,Winter,2.3999999999999999,163.69999999999999,110.5,111,
BON,3/26/2025 21:00,Winter,1.2,163.69999999999999,110.3,111,
BON,3/26/2025 22:00,Winter,0,163.09999999999999,110.8,111,
BON,3/26/2025 23:00,Winter,0,177.90000000000001,110.8,111,
BON,3/27/2025 0:00,Winter,0,176.40000000000001,110.5,111,
BON,3/27/2025 1:00,Winter,0,170.09999999999999,110.40000000000001,111,
BON,3/27/2025 2:00,Winter,0,175.80000000000001,110.2,111,
BON,3/27/2025 3:00,Winter,0,179,110.2,111,
BON,3/27/2025 4:00,Winter,0,179.40000000000001,110.2,111,
BON,3/27/2025 5:00,Winter,0,178.5,110.2,111,
BON,3/27/2025 6:00,Winter,0,178.30000000000001,110.09999999999999,111,
BON,3/27/2025 7:00,Winter,0,179.30000000000001,110.2,111,
BON,3/27/2025 8:00,Winter,2.3999999999999999,193.59999999999999,110,111,
BON,3/27/2025 9:00,Winter,2.3999999999999999,196.40000000000001,110.2,111,
BON,3/27/2025 10:00,Winter,2.3999999999999999,194.90000000000001,110.40000000000001,111,
BON,3/27/2025 11:00,Winter,2.3999999999999999,208.40000000000001,110.59999999999999,111,
BON,3/27/2025 12:00,Winter,2.3999999999999999,209.59999999999999,110.8,111,
BON,3/27/2025 13:00,Winter,2.3999999999999999,209.69999999999999,110.90000000000001,111,
BON,3/27/2025 14:00,Winter,2.3999999999999999,207.30000000000001,110.8,111,
BON,3/27/2025 15:00,Winter,2.3999999999999999,205.19999999999999,110.90000000000001,111,
BON,3/27/2025 16:00,Winter,2.3999999999999999,206.80000000000001,110.90000000000001,111,
BON,3/27/2025 17:00,Winter,2.3999999999999999,208,110.90000000000001,111,
BON,3/27/2025 18:00,Winter,2.3999999999999999,206.19999999999999,110.90000000000001,111,
BON,3/27/2025 19:00,Winter,2.3999999999999999,199.69999999999999,110.8,111,
BON,3/27/2025 20:00,Winter,2.3999999999999999,206.40000000000001,110.8,111,
BON,3/27/2025 21:00,Winter,1.2,206.40000000000001,110.5,111,
BON,3/27/2025 22:00,Winter,0,204.40000000000001,110.5,111,
BON,3/27/2025 23:00,Winter,0,203.5,110.40000000000001,111,
BON,3/28/2025 0:00,Winter,0,203.09999999999999,110.3,111,
BON,3/28/2025 1:00,Winter,0,203,110.09999999999999,111,
BON,3/28/2025 2:00,Winter,13.4,205.90000000000001,109.40000000000001,111,
BON,3/28/2025 3:00,Winter,19.899999999999999,224.90000000000001,108.8,111,
BON,3/28/2025 4:00,Winter,16.800000000000001,222.80000000000001,107.59999999999999,111,
BON,3/28/2025 5:00,Winter,16.800000000000001,223,106.5,111,
BON,3/28/2025 6:00,Winter,16.800000000000001,223.19999999999999,106,111,
BON,3/28/2025 7:00,Winter,15.9,222.40000000000001,106,111,
BON,3/28/2025 8:00,Winter,2.8999999999999999,208.30000000000001,108.5,111,
BON,3/28/2025 9:00,Winter,4,209.09999999999999,110.2,111,
BON,3/28/2025 10:00,Winter,16.5,222.69999999999999,108.59999999999999,111,
BON,3/28/2025 11:00,Winter,16.5,223.09999999999999,107.2,111,
BON,3/28/2025 12:00,Winter,16.5,223.59999999999999,106.59999999999999,111,
BON,3/28/2025 13:00,Winter,16.5,223.59999999999999,106.2,111,
BON,3/28/2025 14:00,Winter,16.5,224,106.2,111,
BON,3/28/2025 15:00,Winter,16.5,224,106.2,111,
BON,3/28/2025 16:00,Winter,16.5,224.19999999999999,106.09999999999999,111,
BON,3/28/2025 17:00,Winter,22.399999999999999,229.5,106.3,111,
BON,3/28/2025 18:00,Winter,32.100000000000001,239.80000000000001,110.59999999999999,111,
BON,3/28/2025 19:00,Winter,32.200000000000003,238.5,111.59999999999999,111,
BON,3/28/2025 20:00,Winter,32.200000000000003,238.09999999999999,111.90000000000001,111,
BON,3/28/2025 21:00,Winter,32.200000000000003,238.30000000000001,111.90000000000001,111,
BON,3/28/2025 22:00,Winter,32.299999999999997,238.40000000000001,112,111,
BON,3/28/2025 23:00,Winter,32.299999999999997,238.19999999999999,112.09999999999999,111,
BON,3/29/2025 0:00,Winter,32.299999999999997,238,112.09999999999999,114,
BON,3/29/2025 1:00,Winter,32.399999999999999,237.80000000000001,111.8,114,
BON,3/29/2025 2:00,Winter,36.600000000000001,242.40000000000001,111.7,114,
BON,3/29/2025 3:00,Winter,50.299999999999997,248.5,112.5,114,
BON,3/29/2025 4:00,Winter,49.200000000000003,255.80000000000001,113.3,114,
BON,3/29/2025 5:00,Winter,48.299999999999997,255.80000000000001,113.40000000000001,114,
BON,3/29/2025 6:00,Winter,48.299999999999997,256.10000000000002,113.5,114,
BON,3/29/2025 7:00,Winter,48.299999999999997,256.19999999999999,113.5,114,
BON,3/29/2025 8:00,Winter,49,257.10000000000002,113.59999999999999,114,
BON,3/29/2025 9:00,Winter,49.299999999999997,257.89999999999998,114.3,114,
BON,3/29/2025 10:00,Winter,49.299999999999997,258.30000000000001,114.3,114,
BON,3/29/2025 11:00,Winter,49.200000000000003,258.39999999999998,114.40000000000001,114,
BON,3/29/2025 12:00,Winter,49.100000000000001,259,114.40000000000001,114,
BON,3/29/2025 13:00,Winter,49,258.89999999999998,114.40000000000001,114,
BON,3/29/2025 14:00,Winter,48.899999999999999,259.10000000000002,114.59999999999999,114,
BON,3/29/2025 15:00,Winter,48.899999999999999,259.5,114.59999999999999,114,
BON,3/29/2025 16:00,Winter,48.899999999999999,259.80000000000001,114.7,114,
BON,3/29/2025 17:00,Winter,46.100000000000001,256.69999999999999,114.5,114,
BON,3/29/2025 18:00,Winter,44.200000000000003,254.40000000000001,113.59999999999999,114,
BON,3/29/2025 19:00,Winter,44.200000000000003,253.40000000000001,113.2,114,
BON,3/29/2025 20:00,Winter,44.299999999999997,253.09999999999999,113,114,
BON,3/29/2025 21:00,Winter,44.5,231.30000000000001,112.59999999999999,114,
BON,3/29/2025 22:00,Winter,44.5,230.59999999999999,112.5,114,
BON,3/29/2025 23:00,Winter,44.700000000000003,230.40000000000001,112.40000000000001,114,
BON,3/30/2025 0:00,Winter,44.700000000000003,230.69999999999999,112.40000000000001,115,
BON,3/30/2025 1:00,Winter,44.799999999999997,229.90000000000001,112.09999999999999,115,
BON,3/30/2025 2:00,Winter,67.900000000000006,253.19999999999999,113.7,115,
BON,3/30/2025 3:00,Winter,68.599999999999994,253.80000000000001,114.8,115,
BON,3/30/2025 4:00,Winter,68.599999999999994,253.80000000000001,115.2,115,
BON,3/30/2025 5:00,Winter,68.599999999999994,254.5,115.2,115,
BON,3/30/2025 6:00,Winter,68.599999999999994,255.09999999999999,115.40000000000001,115,
BON,3/30/2025 7:00,Winter,68.5,255.09999999999999,115.2,115,
BON,3/30/2025 8:00,Winter,68.5,255.09999999999999,115.40000000000001,115,
BON,3/30/2025 9:00,Winter,68.5,255.40000000000001,115.3,115,
BON,3/30/2025 10:00,Winter,68.400000000000006,255.09999999999999,115.40000000000001,115,
BON,3/30/2025 11:00,Winter,68.299999999999997,256.10000000000002,115.59999999999999,115,
BON,3/30/2025 12:00,Winter,68.200000000000003,255.19999999999999,115.40000000000001,115,
BON,3/30/2025 13:00,Winter,68.099999999999994,255.19999999999999,115.59999999999999,115,
BON,3/30/2025 14:00,Winter,68,256.10000000000002,115.59999999999999,115,
BON,3/30/2025 15:00,Winter,67.900000000000006,255.80000000000001,115.40000000000001,115,
BON,3/30/2025 16:00,Winter,67.900000000000006,258,115.5,115,
BON,3/30/2025 17:00,Winter,67.900000000000006,257,115.40000000000001,115,
BON,3/30/2025 18:00,Winter,61.200000000000003,266,115.5,115,
BON,3/30/2025 19:00,Winter,54.299999999999997,257,115.3,115,
BON,3/30/2025 20:00,Winter,54.200000000000003,257.30000000000001,115.40000000000001,115,
BON,3/30/2025 21:00,Winter,54.299999999999997,258.39999999999998,115.2,115,
BON,3/30/2025 22:00,Winter,54.299999999999997,258.19999999999999,115.3,115,
BON,3/30/2025 23:00,Winter,54.299999999999997,257.80000000000001,115.3,115,
BON,3/31/2025 0:00,Winter,54.299999999999997,257.5,115.3,115,
BON,3/31/2025 1:00,Winter,54.399999999999999,257.5,115.3,115,
BON,3/31/2025 2:00,Winter,54.399999999999999,257.5,115.3,115,
BON,3/31/2025 3:00,Winter,54.5,257.5,115.3,115,
BON,3/31/2025 4:00,Winter,54.5,255.5,115.3,115,
BON,3/31/2025 5:00,Winter,54.5,255.59999999999999,115.3,115,
BON,3/31/2025 6:00,Winter,54.600000000000001,256.10000000000002,115.3,115,
BON,3/31/2025 7:00,Winter,54.600000000000001,256.19999999999999,115.40000000000001,115,
BON,3/31/2025 8:00,Winter,54.700000000000003,255.30000000000001,115.3,115,
BON,3/31/2025 9:00,Winter,54.700000000000003,254.30000000000001,115.40000000000001,115,
BON,3/31/2025 10:00,Winter,54.700000000000003,255.69999999999999,115.40000000000001,115,
BON,3/31/2025 11:00,Winter,54.5,257.19999999999999,115.5,115,
BON,3/31/2025 12:00,Winter,54.5,257.39999999999998,115.5,115,
BON,3/31/2025 13:00,Winter,46.700000000000003,247.69999999999999,114.2,115,
BON,3/31/2025 14:00,Winter,45.100000000000001,245.90000000000001,113.5,115,
BON,3/31/2025 15:00,Winter,45.100000000000001,244.69999999999999,113.09999999999999,115,
BON,3/31/2025 16:00,Winter,45.100000000000001,245.40000000000001,113,115,
BON,3/31/2025 17:00,Winter,45.200000000000003,245,113,115,
BON,3/31/2025 18:00,Winter,45.299999999999997,244.40000000000001,113,115,
BON,3/31/2025 19:00,Winter,45.299999999999997,245.40000000000001,112.90000000000001,115,
BON,3/31/2025 20:00,Winter,45.299999999999997,249.19999999999999,112.90000000000001,115,
BON,3/31/2025 21:00,Winter,45.399999999999999,248.90000000000001,112.90000000000001,115,
BON,3/31/2025 22:00,Winter,45.399999999999999,248.09999999999999,113,115,
BON,3/31/2025 23:00,Winter,45.5,247.5,112.90000000000001,115,
BON,4/1/2025 0:00,Winter,45.399999999999999,248.30000000000001,112.90000000000001,113,
BON,4/1/2025 1:00,Winter,45.399999999999999,248.40000000000001,112.90000000000001,113,
BON,4/1/2025 2:00,Winter,45.399999999999999,248.30000000000001,112.90000000000001,113,
BON,4/1/2025 3:00,Winter,45.299999999999997,248.59999999999999,112.90000000000001,113,
BON,4/1/2025 4:00,Winter,45.299999999999997,248.80000000000001,112.90000000000001,113,
BON,4/1/2025 5:00,Winter,45.200000000000003,249.5,112.90000000000001,113,
BON,4/1/2025 6:00,Winter,40.899999999999999,244.80000000000001,112.59999999999999,113,
BON,4/1/2025 7:00,Winter,40.899999999999999,244.80000000000001,112.5,113,
BON,4/1/2025 8:00,Winter,39.5,241.19999999999999,112.2,113,
BON,4/1/2025 9:00,Winter,38.899999999999999,240.19999999999999,112.09999999999999,113,
BON,4/1/2025 10:00,Winter,38.600000000000001,240.5,112.2,113,
BON,4/1/2025 11:00,Winter,40.600000000000001,242.80000000000001,112.2,113,
BON,4/1/2025 12:00,Winter,40.799999999999997,242.59999999999999,112.2,113,
BON,4/1/2025 13:00,Winter,40.799999999999997,243.5,112.59999999999999,113,
BON,4/1/2025 14:00,Winter,40.700000000000003,244.69999999999999,112.7,113,
BON,4/1/2025 15:00,Winter,40.799999999999997,244.69999999999999,112.40000000000001,113,
BON,4/1/2025 16:00,Winter,41,244.19999999999999,111.90000000000001,113,
BON,4/1/2025 17:00,Winter,40.899999999999999,244.90000000000001,112.3,113,
BON,4/1/2025 18:00,Winter,40.899999999999999,246,112.40000000000001,113,
BON,4/1/2025 19:00,Winter,40.799999999999997,251.40000000000001,112.7,113,
BON,4/1/2025 20:00,Winter,40.600000000000001,250.59999999999999,112.7,113,
BON,4/1/2025 21:00,Winter,21.300000000000001,225.5,111.90000000000001,113,
BON,4/1/2025 22:00,Winter,21,222.80000000000001,110.8,113,
BON,4/1/2025 23:00,Winter,21,223.59999999999999,110.2,113,
BON,4/2/2025 0:00,Winter,21,225.19999999999999,109.8,109,
BON,4/2/2025 1:00,Winter,21,223.40000000000001,109.59999999999999,109,
BON,4/2/2025 2:00,Winter,21,222.90000000000001,109.5,109,
BON,4/2/2025 3:00,Winter,21,223.19999999999999,109.2,109,
BON,4/2/2025 4:00,Winter,21,223.69999999999999,109.09999999999999,109,
BON,4/2/2025 5:00,Winter,21,223.19999999999999,109.40000000000001,109,
BON,4/2/2025 6:00,Winter,21,222.90000000000001,109.2,109,
BON,4/2/2025 7:00,Winter,21.100000000000001,222.19999999999999,109.40000000000001,109,
BON,4/2/2025 8:00,Winter,21.100000000000001,220.69999999999999,109.2,109,
BON,4/2/2025 9:00,Winter,21.199999999999999,219.69999999999999,109.2,109,
BON,4/2/2025 10:00,Winter,21.199999999999999,220.30000000000001,108.90000000000001,109,
BON,4/2/2025 11:00,Winter,21.199999999999999,219.19999999999999,109.09999999999999,109,
BON,4/2/2025 12:00,Winter,15.6,213.90000000000001,108.8,109,
BON,4/2/2025 13:00,Winter,2.6000000000000001,199.19999999999999,108.59999999999999,109,
BON,4/2/2025 14:00,Winter,2.3999999999999999,198.19999999999999,109.40000000000001,109,
BON,4/2/2025 15:00,Winter,2.3999999999999999,193.09999999999999,109.59999999999999,109,
BON,4/2/2025 16:00,Winter,2.3999999999999999,193.80000000000001,109.59999999999999,109,
BON,4/2/2025 17:00,Winter,2.3999999999999999,192.30000000000001,109.5,109,
BON,4/2/2025 18:00,Winter,2.3999999999999999,192.5,109.5,109,
BON,4/2/2025 19:00,Winter,2.3999999999999999,191.69999999999999,109.40000000000001,109,
BON,4/2/2025 20:00,Winter,2.3999999999999999,190.80000000000001,109.2,109,
BON,4/2/2025 21:00,Winter,1.5,188.40000000000001,109.2,109,
BON,4/2/2025 22:00,Winter,0,185.30000000000001,109.09999999999999,109,
BON,4/2/2025 23:00,Winter,0,195,108.90000000000001,109,
BON,4/3/2025 0:00,Winter,0,195.09999999999999,108.7,110,
BON,4/3/2025 1:00,Winter,0,195,108.5,110,
BON,4/3/2025 2:00,Winter,0,194.90000000000001,108.40000000000001,110,
BON,4/3/2025 3:00,Winter,0,195,108.09999999999999,110,
BON,4/3/2025 4:00,Winter,0,195.40000000000001,108,110,
BON,4/3/2025 5:00,Winter,0,195.80000000000001,108.09999999999999,110,
BON,4/3/2025 6:00,Winter,0,195.09999999999999,108.09999999999999,110,
BON,4/3/2025 7:00,Winter,2.2999999999999998,197.59999999999999,108.3,110,
BON,4/3/2025 8:00,Winter,2.2999999999999998,194.09999999999999,108.3,110,
BON,4/3/2025 9:00,Winter,2.2999999999999998,195.19999999999999,108,110,
BON,4/3/2025 10:00,Winter,2.2999999999999998,195.09999999999999,107.59999999999999,110,
BON,4/3/2025 11:00,Winter,2.3999999999999999,197.40000000000001,107.5,110,
BON,4/3/2025 12:00,Winter,2.3999999999999999,198.80000000000001,108.40000000000001,110,
BON,4/3/2025 13:00,Winter,2.2999999999999998,199.09999999999999,109,110,
BON,4/3/2025 14:00,Winter,2.2999999999999998,198.30000000000001,109.40000000000001,110,
BON,4/3/2025 15:00,Winter,2.2999999999999998,199.40000000000001,109.59999999999999,110,
BON,4/3/2025 16:00,Winter,2.2999999999999998,200.40000000000001,109.8,110,
BON,4/3/2025 17:00,Winter,2.2999999999999998,200.80000000000001,109.59999999999999,110,
BON,4/3/2025 18:00,Winter,2.2999999999999998,201.09999999999999,109.8,110,
BON,4/3/2025 19:00,Winter,2.2999999999999998,202.90000000000001,109.90000000000001,110,
BON,4/3/2025 20:00,Winter,2.2999999999999998,202.09999999999999,109.90000000000001,110,
BON,4/3/2025 21:00,Winter,2.2999999999999998,201.30000000000001,109.8,110,
BON,4/3/2025 22:00,Winter,1.2,198.59999999999999,109.7,110,
BON,4/3/2025 23:00,Winter,0,197.30000000000001,109.5,110,
BON,4/4/2025 0:00,Winter,0,196.40000000000001,109.40000000000001,110,
BON,4/4/2025 1:00,Winter,0,195.80000000000001,109.2,110,
BON,4/4/2025 2:00,Winter,0,196.09999999999999,109.09999999999999,110,
BON,4/4/2025 3:00,Winter,0,196.40000000000001,109,110,
BON,4/4/2025 4:00,Winter,0,195.59999999999999,108.90000000000001,110,
BON,4/4/2025 5:00,Winter,0,195.90000000000001,108.7,110,
BON,4/4/2025 6:00,Winter,0.10000000000000001,196.19999999999999,108.7,110,
BON,4/4/2025 7:00,Winter,2.2999999999999998,197.69999999999999,108.59999999999999,110,
BON,4/4/2025 8:00,Winter,2.2999999999999998,194.59999999999999,108.8,110,
BON,4/4/2025 9:00,Winter,2.2999999999999998,176.30000000000001,109,110,
BON,4/4/2025 10:00,Winter,2.2999999999999998,173.69999999999999,109.09999999999999,110,
BON,4/4/2025 11:00,Winter,2.2999999999999998,175.19999999999999,109.40000000000001,110,
BON,4/4/2025 12:00,Winter,2.2999999999999998,175,109.59999999999999,110,
BON,4/4/2025 13:00,Winter,2.2999999999999998,174.40000000000001,109.59999999999999,110,
BON,4/4/2025 14:00,Winter,2.2999999999999998,174.09999999999999,109.8,110,
BON,4/4/2025 15:00,Winter,2.2999999999999998,175.19999999999999,109.90000000000001,110,
BON,4/4/2025 16:00,Winter,2.2999999999999998,173.69999999999999,109.90000000000001,110,
BON,4/4/2025 17:00,Winter,2.2999999999999998,175.09999999999999,109.90000000000001,110,
BON,4/4/2025 18:00,Winter,2.2999999999999998,193.69999999999999,109.90000000000001,110,
BON,4/4/2025 19:00,Winter,2.2999999999999998,195.19999999999999,110,110,
BON,4/4/2025 20:00,Winter,2.2999999999999998,196.30000000000001,110,110,
BON,4/4/2025 21:00,Winter,2.2999999999999998,198.40000000000001,109.90000000000001,110,
BON,4/4/2025 22:00,Winter,1.5,197.69999999999999,109.8,110,
BON,4/4/2025 23:00,Winter,0.5,197.90000000000001,109.5,110,
BON,4/5/2025 0:00,Winter,0,197,109.5,109,
BON,4/5/2025 1:00,Winter,0,195.09999999999999,109.2,109,
BON,4/5/2025 2:00,Winter,0,194.19999999999999,109.2,109,
BON,4/5/2025 3:00,Winter,0,194.40000000000001,109.09999999999999,109,
BON,4/5/2025 4:00,Winter,0,194.19999999999999,109,109,
BON,4/5/2025 5:00,Winter,0,194.69999999999999,109,109,
BON,4/5/2025 6:00,Winter,0,194.90000000000001,109,109,
BON,4/5/2025 7:00,Winter,2.3999999999999999,197.40000000000001,109,109,
BON,4/5/2025 8:00,Winter,2.3999999999999999,196.80000000000001,109.09999999999999,109,
BON,4/5/2025 9:00,Winter,2.3999999999999999,196.80000000000001,109.2,109,
BON,4/5/2025 10:00,Winter,2.3999999999999999,196.69999999999999,109.5,109,
BON,4/5/2025 11:00,Winter,2.7999999999999998,196.80000000000001,109.8,109,
BON,4/5/2025 12:00,Winter,8.4000000000000004,203.40000000000001,109.40000000000001,109,
BON,4/5/2025 13:00,Winter,8.5999999999999996,205.09999999999999,109.3,109,
BON,4/5/2025 14:00,Winter,8.5999999999999996,205.09999999999999,109.3,109,
BON,4/5/2025 15:00,Winter,8.5999999999999996,204.90000000000001,109.3,109,
BON,4/5/2025 16:00,Winter,8.5999999999999996,205.80000000000001,109.3,109,
BON,4/5/2025 17:00,Winter,8.5999999999999996,206.19999999999999,109.3,109,
BON,4/5/2025 18:00,Winter,8.5999999999999996,206.90000000000001,109.3,109,
BON,4/5/2025 19:00,Winter,8.5999999999999996,208.09999999999999,109.2,109,
BON,4/5/2025 20:00,Winter,8.5999999999999996,208.40000000000001,109.2,109,
BON,4/5/2025 21:00,Winter,8.5999999999999996,207.19999999999999,109,109,
BON,4/5/2025 22:00,Winter,8.5999999999999996,207.59999999999999,109.09999999999999,109,
BON,4/5/2025 23:00,Winter,8.5999999999999996,207.30000000000001,109.3,109,
BON,4/6/2025 0:00,Winter,8.5999999999999996,207,109.09999999999999,110,
BON,4/6/2025 1:00,Winter,8.5999999999999996,206.90000000000001,109.09999999999999,110,
BON,4/6/2025 2:00,Winter,8.5999999999999996,207.19999999999999,109.09999999999999,110,
BON,4/6/2025 3:00,Winter,8.5999999999999996,207.80000000000001,109,110,
BON,4/6/2025 4:00,Winter,8.5999999999999996,208.19999999999999,109.09999999999999,110,
BON,4/6/2025 5:00,Winter,8.5999999999999996,208,109.59999999999999,110,
BON,4/6/2025 6:00,Winter,0.5,199.30000000000001,109.7,110,
BON,4/6/2025 7:00,Winter,2.2999999999999998,200.19999999999999,109.90000000000001,110,
BON,4/6/2025 8:00,Winter,2.3999999999999999,200.40000000000001,109.90000000000001,110,
BON,4/6/2025 9:00,Winter,2.3999999999999999,200,110.2,110,
BON,4/6/2025 10:00,Winter,2.3999999999999999,198.69999999999999,110.40000000000001,110,
BON,4/6/2025 11:00,Winter,2.3999999999999999,197.09999999999999,110.40000000000001,110,
BON,4/6/2025 12:00,Winter,2.3999999999999999,196.80000000000001,110.2,110,
BON,4/6/2025 13:00,Winter,2.3999999999999999,196.80000000000001,110.5,110,
BON,4/6/2025 14:00,Winter,2.3999999999999999,196,110.5,110,
BON,4/6/2025 15:00,Winter,2.3999999999999999,195.80000000000001,110.5,110,
BON,4/6/2025 16:00,Winter,2.3999999999999999,195.59999999999999,110.40000000000001,110,
BON,4/6/2025 17:00,Winter,2.5,196.59999999999999,110.5,110,
BON,4/6/2025 18:00,Winter,11.1,207.59999999999999,109.7,110,
BON,4/6/2025 19:00,Winter,11.1,208.19999999999999,108.90000000000001,110,
BON,4/6/2025 20:00,Winter,11.1,208.09999999999999,108.59999999999999,110,
BON,4/6/2025 21:00,Winter,11.1,208.09999999999999,108.40000000000001,110,
BON,4/6/2025 22:00,Winter,11.1,206.19999999999999,108.3,110,
BON,4/6/2025 23:00,Winter,11.1,206.69999999999999,108.2,110,
BON,4/7/2025 0:00,Winter,11.1,206.5,108.3,110,
BON,4/7/2025 1:00,Winter,11.1,206.90000000000001,108.2,110,
BON,4/7/2025 2:00,Winter,0.29999999999999999,194.59999999999999,108.7,110,
BON,4/7/2025 3:00,Winter,0,193.80000000000001,109.40000000000001,110,
BON,4/7/2025 4:00,Winter,0,194.09999999999999,109.8,110,
BON,4/7/2025 5:00,Winter,0,194.59999999999999,109.90000000000001,110,
BON,4/7/2025 6:00,Winter,0,194.69999999999999,110,110,
BON,4/7/2025 7:00,Winter,2.3999999999999999,180.40000000000001,110,110,
BON,4/7/2025 8:00,Winter,2.3999999999999999,178.40000000000001,109.59999999999999,110,
BON,4/7/2025 9:00,Winter,2.3999999999999999,176.19999999999999,109.2,110,
BON,4/7/2025 10:00,Winter,2.3999999999999999,176.09999999999999,109,110,
BON,4/7/2025 11:00,Winter,2.3999999999999999,178.59999999999999,109.09999999999999,110,
BON,4/7/2025 12:00,Winter,2.3999999999999999,195.19999999999999,109.90000000000001,110,
BON,4/7/2025 13:00,Winter,2.3999999999999999,197.59999999999999,110.2,110,
BON,4/7/2025 14:00,Winter,2.3999999999999999,178.59999999999999,110.3,110,
BON,4/7/2025 15:00,Winter,2.3999999999999999,178.40000000000001,110.59999999999999,110,
BON,4/7/2025 16:00,Winter,2.3999999999999999,179,110.40000000000001,110,
BON,4/7/2025 17:00,Winter,2.3999999999999999,179.80000000000001,110.59999999999999,110,
BON,4/7/2025 18:00,Winter,2.3999999999999999,179.59999999999999,110.40000000000001,110,
BON,4/7/2025 19:00,Winter,2.3999999999999999,180.69999999999999,110.40000000000001,110,
BON,4/7/2025 20:00,Winter,2.3999999999999999,181.90000000000001,110.3,110,
BON,4/7/2025 21:00,Winter,2.3999999999999999,181.30000000000001,110.3,110,
BON,4/7/2025 22:00,Winter,1.3999999999999999,180,110.09999999999999,110,
BON,4/7/2025 23:00,Winter,0,177.19999999999999,110.2,110,
BON,4/8/2025 0:00,Winter,0,178.19999999999999,110.40000000000001,110,
BON,4/8/2025 1:00,Winter,0,177.90000000000001,110.40000000000001,110,
BON,4/8/2025 2:00,Winter,0,177.19999999999999,110.2,110,
BON,4/8/2025 3:00,Winter,0,177.80000000000001,110.2,110,
BON,4/8/2025 4:00,Winter,0,178.69999999999999,110.2,110,
BON,4/8/2025 5:00,Winter,0,178.09999999999999,110.2,110,
BON,4/8/2025 6:00,Winter,0,178.40000000000001,110.40000000000001,110,
BON,4/8/2025 7:00,Winter,2.5,180.69999999999999,110.09999999999999,110,
BON,4/8/2025 8:00,Winter,3.5,181.90000000000001,110,110,
BON,4/8/2025 9:00,Winter,15.4,179.19999999999999,108.7,110,
BON,4/8/2025 10:00,Winter,15.4,177.40000000000001,107.09999999999999,110,
BON,4/8/2025 11:00,Winter,15.5,178.40000000000001,106.3,110,
BON,4/8/2025 12:00,Winter,15.5,178.90000000000001,105.5,110,
BON,4/8/2025 13:00,Winter,15.300000000000001,181.09999999999999,105.3,110,
BON,4/8/2025 14:00,Winter,15.1,181.30000000000001,105,110,
BON,4/8/2025 15:00,Winter,3.7999999999999998,182.69999999999999,105,110,
BON,4/8/2025 16:00,Winter,2.5,182.5,106.7,110,
BON,4/8/2025 17:00,Winter,2.5,183.80000000000001,107.7,110,
BON,4/8/2025 18:00,Winter,2.5,185.59999999999999,108.5,110,
BON,4/8/2025 19:00,Winter,2.5,193.09999999999999,109.09999999999999,110,
BON,4/8/2025 20:00,Winter,2.5,197.09999999999999,109.2,110,
BON,4/8/2025 21:00,Winter,2.5,194.30000000000001,109.40000000000001,110,
BON,4/8/2025 22:00,Winter,1.2,193,109.3,110,
BON,4/8/2025 23:00,Winter,0,194.19999999999999,109.2,110,
BON,4/9/2025 0:00,Winter,0,194.30000000000001,109,110,
BON,4/9/2025 1:00,Winter,0,194.09999999999999,108.8,110,
BON,4/9/2025 2:00,Winter,0,192.90000000000001,108.5,110,
BON,4/9/2025 3:00,Winter,0,192.09999999999999,108.2,110,
BON,4/9/2025 4:00,Winter,0,192.09999999999999,108.09999999999999,110,
BON,4/9/2025 5:00,Winter,0,193.59999999999999,108.09999999999999,110,
BON,4/9/2025 6:00,Winter,0.10000000000000001,196,108.09999999999999,110,
BON,4/9/2025 7:00,Winter,2.3999999999999999,198.09999999999999,108.2,110,
BON,4/9/2025 8:00,Winter,2.3999999999999999,197.80000000000001,108.3,110,
BON,4/9/2025 9:00,Winter,2.3999999999999999,195.09999999999999,108.7,110,
BON,4/9/2025 10:00,Winter,2.3999999999999999,196.30000000000001,109,110,
BON,4/9/2025 11:00,Winter,2.3999999999999999,198.19999999999999,109.3,110,
BON,4/9/2025 12:00,Winter,2.3999999999999999,198.69999999999999,109.5,110,
BON,4/9/2025 13:00,Winter,2.3999999999999999,199.09999999999999,109.59999999999999,110,
BON,4/9/2025 14:00,Winter,2.3999999999999999,199.40000000000001,109.8,110,
BON,4/9/2025 15:00,Winter,2.3999999999999999,200.90000000000001,109.90000000000001,110,
BON,4/9/2025 16:00,Winter,2.3999999999999999,200.90000000000001,110.09999999999999,110,
BON,4/9/2025 17:00,Winter,2.3999999999999999,202.30000000000001,110.3,110,
BON,4/9/2025 18:00,Winter,2.3999999999999999,204.59999999999999,110.5,110,
BON,4/9/2025 19:00,Winter,2.3999999999999999,205.59999999999999,110.59999999999999,110,
BON,4/9/2025 20:00,Winter,2.3999999999999999,204.09999999999999,110.5,110,
BON,4/9/2025 21:00,Winter,2.3999999999999999,203.90000000000001,110.3,110,
BON,4/9/2025 22:00,Winter,1.3,203.5,110.3,110,
BON,4/9/2025 23:00,Winter,0,201.69999999999999,110.3,110,
